Identificador de la publicación,Identificador de la página,Nombre de la página,Título,Duración (segundos),Hora de publicación,Enlace permanente,Tipo de publicación,Comentario sobre los datos,Fecha,Comentarios,Distribución,Impresiones,Interacciones,Seguimientos netos,Reacciones,Veces que se guardó,Veces que se compartió,Espectadores,Visualizaciones,Segundos en promedio reproducidos,Segundos reproducidos
1334690668695536,100064638461970,Supersubsidio,"🇨🇴 En este 2026 seguiremos trabajando de forma articulada con enfoque técnico, transparencia y vocación de servicio, en beneficio de las familias colombianas.

#Supersubsidio #SupervisarEsCuidar #FelizAño #2026",0,01/01/2026 12:49,https://www.facebook.com/SuperSubsidio/posts/pfbid0dTMjAPtY3uwAGetnaog7na1DWmZQNdVviGNZsFxg5HHExhWs2VTpZBKdP5yBiB73l,Foto,,Total,0,--,646,4,0,5,0,0,551,899,,
1334724578692145,100064638461970,Supersubsidio,"📝 Inicia un nuevo año y desde la Superintendencia del Subsidio Familiar seguiremos trabajando con transparencia y diligencia para garantizar que los recursos del sistema del subsidio familiar lleguen de forma eficiente a través de las Cajas de Compensación a las familias colombianas y se traduzcan en oportunidades y bienestar real.

#Supersibsidio #SupervisarEsCuidar #NuevoAño",0,01/01/2026 14:16,https://www.facebook.com/SuperSubsidio/posts/pfbid02Kd2ZiUFnC3fxNCZQYq3mzJ5YL7NpDFFN2UEFrmmDQnbdKgW4Muj2kjVM2N2bcUjvl,Foto,,Total,2,--,960,14,0,11,0,1,875,1394,,
1335240118640591,100064638461970,Supersubsidio,"🇨🇴 El salario mínimo para 2026 en colombia ha sido decretado por el presidente de la república en $1.750.905 pesos, y en este video te explicamos cómo quedaron actualizados los montos máximos para subsidio de vivienda.

#SubsidioDeVivienda #Subsidio #SalarioMínimo #Supersubsidio #SupervisarEsCuidar",122,01/02/2026 07:36,https://www.facebook.com/reel/837656975381176/,Reel,,Total,926,+2890.5x,1577940,43854,21708,31919,7405,6093,1424916,1665079,24.095,36352459.487
1338191065012163,100064638461970,Supersubsidio,"El pueblo colombiano se une y se moviliza para defender la soberanía nacional y la democracia del país. 🇨🇴

Este miércoles, a las 4:00 p. m., nos unimos en las plazas de toda Colombia por la dignidad de nuestro país.

Saca tu bandera tricolor y alza la voz por una Colombia libre.

¡Te esperamos! #ColombiaSoberana",28,01/06/2026 07:11,https://www.facebook.com/reel/1469332901280924/,Reel,,Total,2,+2x,2482,40,1,26,0,15,2157,2590,6.613,14874.343
1338916538272949,100064638461970,Supersubsidio,"Este miércoles a las 4:00 p. m., el pueblo colombiano se encuentra en las plazas de todo el país. Trae tu bandera tricolor y camina por la dignidad de Colombia. 🇨🇴

La soberanía no se negocia, la democracia se cuida y Colombia se defiende en las calles.

El poder es del pueblo. #ColombiaSoberana",0,01/07/2026 05:14,https://www.facebook.com/SuperSubsidio/posts/pfbid0s1fsMbyrJyagBkigdiW3L6YSPwqfEpQ8bPLdyJwtEhfMsSoTwUEAUNJuTVKVQK1fl,Foto,,Total,5,--,760,14,0,9,0,1,675,1092,,
1339215938243009,100064638461970,Supersubsidio,"🇨🇴 Desde la Superintendencia del Subsidio Familiar acompañamos las expresiones ciudadanas que promueven el diálogo, la participación democrática y la defensa de una Colombia soberana, con justicia social y bienestar para las familias.

Seguimos trabajando por un país más equitativo, solidario y con oportunidades para todos.
#ColombiaSoberana",0,01/07/2026 13:25,https://www.facebook.com/SuperSubsidio/posts/pfbid02cXQc2HnoqqxHdLqhiRiH7gqzV1n7xWkGyDEL7tgYX49WqENGipJeogeWER7PA7Lfl,Foto,,Total,13,--,4413,49,0,40,0,0,4190,6458,,
1339238481574088,100064638461970,Supersubsidio,"🇨🇴 Hoy hacemos presencia desde la Plaza de Bolívar, convencidos de que una Colombia soberana se construye con la voz de la gente, el respeto por lo público y el compromiso con las familias.
Desde la Superintendencia del Subsidio Familiar, acompañamos y respaldamos este sentir ciudadano.
#ColombiaSoberana",0,01/07/2026 14:14,https://www.facebook.com/SuperSubsidio/posts/pfbid0ktJRi85DPzwYKSikHo1uhLWQ1TmtScUFPuaTKbB4kcqva3c1sHbTpVPsC6mn6PDil,Foto,,Total,2,--,1991,32,0,29,0,1,1845,3160,,
1339262461571690,100064638461970,Supersubsidio,"🇨🇴 Así vive Colombia libre y soberana: con dignidad, participación y compromiso colectivo.
Desde la Superintendencia del Subsidio Familiar trabajamos cada día con dignidad por las familias colombianas, convencidos de que una Colombia soberana se construye garantizando derechos, bienestar y justicia social.
#ColombiaSoberana",0,01/07/2026 15:06,https://www.facebook.com/SuperSubsidio/posts/pfbid0RxdVhsbLWrH3zehpQaCo5KMiSDZDcy2j4a6vZvJQbYcKsHhTQ422su3F28yUk88Jl,Foto,,Total,1,--,1546,40,-2,45,1,1,1382,2605,,
1339785321519404,100064638461970,Supersubsidio,"#TBT 🇨🇴 Con estas palabras, nuestra Superintendente del Subsidio Familiar, Sandra Viviana Cadena Martínez, dio inicio al evento de Rendición de Cuentas 2025 para contarle al país cómo se está transformando el Sistema del Subsidio Familiar para hacerlo más humano, transparente, eficiente y cercano.

Hoy le hablamos a Colombia no desde un escritorio, sino desde los territorios. Estamos donde la gente nos necesita.

#Supersubsidio #SupervisarEsCuidar #SubsidioFamiliar",170,01/08/2026 07:11,https://www.facebook.com/reel/913523021603489/,Reel,,Total,8,+4.3x,3940,86,12,100,1,7,3606,4039,11.842,44621.775
1343076551190281,100064638461970,Supersubsidio,"¿Sabes qué hace la Superintendencia del Subsidio Familiar? 🤔

Nos aseguramos de que las Cajas de Compensación administren correctamente los recursos para el bienestar de los trabajadores y sus familias 🏡👨‍👩‍👧‍👦

📌 Supervisamos que los subsidios lleguen a quienes los necesitan.
📌 Protegemos tus derechos como afiliado.
📌 Promovemos la transparencia y el buen uso de los recursos.

¡Trabajamos para que el subsidio familiar cumpla su propósito! ✅

#SubsidioFamiliar #Supersubsidio #CajasDeCompensación #SupervisarEsCuidar",0,01/12/2026 14:04,https://www.facebook.com/SuperSubsidio/posts/pfbid0eB5PPpCSgpCw91J8HLcMQWn9Dyc8qSJLz5wRkupDG8ydAr63nmDmJAAdXgjBezeYl,Foto,,Total,5,--,3273,11,1,26,0,2,3239,4600,,
1343802054451064,100064638461970,Supersubsidio,"📝 Hoy en la Superintendencia del Subsidio Familiar realizamos el comité de capacitación, bienestar e incentivos, revisando y aprobando los planes de capacitación y el programa de bienestar de nuestra entidad.

#Supersubsidio #SupervisarEsCuidar",0,01/13/2026 13:19,https://www.facebook.com/SuperSubsidio/posts/pfbid02WxuDtnL9pV8CE4Z8ynKBHZL4GHkzmv6x9xm8TBEhF57kfLAvwVg74kDgLqYBofMl,Foto,,Total,1,--,8267,30,1,35,0,2,8067,11281,,
1343808217783781,100064638461970,Supersubsidio,"Detrás de cada gran gestión, hay un equipo humano que sueña, aprende y crece. 💙

Hoy no solo nos reunimos para cumplir con una agenda técnica. En el Comité de Capacitación, Bienestar e Incentivos, trabajamos con un propósito claro: cuidar a quienes cuidan de las familias colombianas. 🇨🇴

Al aprobar nuestros planes de capacitación y programas de bienestar, reafirmamos que el crecimiento de nuestros colaboradores es la semilla de un mejor servicio. Porque cuando nuestro equipo está bien, su entrega se transforma en bienestar para todo el país.

¡Seguimos construyendo una entidad con alma y compromiso!

#Supersubsidio #SupervisarEsCuidar",15,01/13/2026 13:34,https://www.facebook.com/reel/1414925313704383/,Reel,,Total,0,+0.1x,2802,29,0,29,1,1,2337,2755,5.082,12130.8
1345412690956667,100064638461970,Supersubsidio,"El Presidente @petrogustavo le solicitó al Ministro de @MinHacienda, Germán Ávila Plazas, que se desindexe el salario mínimo de los costos de la vivienda.

Además, el mandatario explicó que en los años anteriores bajó el porcentaje del ingreso nacional de los trabajadores y fue este Gobierno el que lo recuperó. En todo este tiempo se le quitó más de $656 billones de pesos a los trabajadores.

#SalarioVitalEsDignidad",156,01/15/2026 12:33,https://www.facebook.com/reel/2297906037357155/,Reel,,Total,17,+17.3x,13180,290,16,233,17,39,12309,12932,20.719,249338.03
1348264917338111,100064638461970,Supersubsidio,"🔴 #Hoy | Esta noche, a las 7:00 p.m., el Presidente @petrogustavo liderará un nuevo Consejo de Ministros. 

Conéctate y conoce las razones y el impacto del Decreto de Emergencia Económica. 

Te esperamos en las redes sociales de @infopresidencia y canales públicos.",0,01/19/2026 05:02,https://www.facebook.com/SuperSubsidio/posts/pfbid033T8Y9yLDkzisEpEH1ebVCXKNLAtbB2uLbxZ35qd4iR3cMNgXW1Zqv8ffMfH2UL2ol,Foto,,Total,0,--,725,5,-2,3,0,2,638,1012,,
1349369300561006,100064638461970,Supersubsidio,"🇨🇴 El precio de la vivienda en Colombia debe ser expresado en pesos colombianos y no en salarios mínimos. Así lo establece la circular 04 de 2024 de la Superintendencia de Industria y comercio.

📝 Conocer tus derechos te permite tomar mejores decisiones y hacer valer tus derechos.

¡Con dignidad cumplimos!

#SubsidioDeVivienda #ViviendaEnColombia #Supersubsidio",180,01/20/2026 12:26,https://www.facebook.com/reel/1577511716820009/,Reel,,Total,280,+547.5x,301443,11498,3284,8586,1463,1655,275574,315197,30.355,8737792.419
1351039407060662,100064638461970,Supersubsidio,"🇨🇴 Estamos trabajando en la actualización de la Cuota Monetaria para este 2026. Síguenos en las redes de la Superintendencia del Subsidio Familiar para mantenerte informado y aprovechar todos los beneficios del Sistema del Subsidio Familiar.

#SubsidioFamiliar #Supersubsidio #Subsidio2026 #CuotaMonetaria",0,01/22/2026 08:18,https://www.facebook.com/SuperSubsidio/posts/pfbid0AYXWgdaTxAcQVWeWVsJ3rETHk92aLgHEgJCKp1UxxLhNQMxEZpy8RLbTQL9Yrtodl,Foto,,Total,10,--,9690,26,17,60,0,11,7027,16197,,
1351186850379251,100064638461970,Supersubsidio,"🚨 La Superintendencia del Subsidio familiar advierte sobre mensajes fraudulentos y enlaces sospechosos que circulan ofreciendo falsos bonos y subsidios. ¡Protege tu información y sigue estas recomendaciones!:

🚫 No hagas clic en enlaces sospechosos.

🔒 No entregues tus datos personales o información financiera.

✅ Verifica siempre cualquier información directamente en los canales oficiales de tu Caja de Compensación Familiar.

La prevención es nuestra mejor herramienta contra el fraude. Si recibes este tipo de mensajes, repórtalos a tu Caja de Compensación y a las autoridades competentes.

#Supersubsidio #SupervisarEsCuidar #SubsidioFamiliar",0,01/22/2026 12:23,https://www.facebook.com/SuperSubsidio/posts/pfbid02TqQHWWQhjrPWdehSY8qLq5jpETpJaMN6BXVLENUhdEL2CK7fGn2hz25PM7GAt3hdl,Foto,,Total,1,--,25132,112,10,92,0,74,21843,35885,,
1351200590377877,100064638461970,Supersubsidio,"🚨 Desde la Supersubsidio reiteramos nuestro compromiso con la transparencia y la protección de tus derechos. Recuerda que la prevención y la información oportuna son tus mejores defensas contra el fraude.

Si recibes contenido sospechoso, repórtalo de inmediato a las autoridades competentes y a tu Caja de Compensación.

#Supersubsidio #SupervisarEsCuidar #SubsidioFamiliar",0,01/22/2026 12:53,https://www.facebook.com/SuperSubsidio/posts/pfbid02SKNxQPjTJzVxsa34WjspHcsXNqDQnbFceesi6koaVDi448VBRkBkxHocKcsZoFQpl,Foto,,Total,0,--,1299,13,0,7,1,5,1236,1749,,
1352069576957645,100064638461970,Supersubsidio,"🚨 Cualquier trámite ante la Superintendencia del Subsidio Familiar es 100 % gratuito. Si alguien te pide dinero para ayudarte ¡Ten cuidado! Confirma la información solo en nuestros canales oficiales.

💙 Tu bienestar es nuestro compromiso.

#Supersubsidio #SupervisarEsCuidar #Subsidio #Colombia",0,01/23/2026 15:02,https://www.facebook.com/SuperSubsidio/posts/pfbid0z29i9w71hjBXUEjfR9viAzJ3bDLK7UFhiXjCdMofW1QPGjYMxtmtinNoTwoxSxvSl,Foto,,Total,0,--,1280,8,0,7,1,0,1168,1778,,
1354626486701954,100064638461970,Supersubsidio,"🇨🇴 La cuota monetaria o subsidio familiar es un derecho que respalda tu bienestar y el de tu familia con apoyos en dinero, especie y servicios.

📝 Desde la Superintendencia del Subsidio Familiar estamos trabajando en la actualización de este importante derecho para la vigencia 2026.

💻 Mantente atento a nuestros canales de información para aprovechar todos los beneficios del Sistema del Subsidio Familiar.

#CuotaMonetaria #SubsidioFamiliar #Supersubsidio #SupervisarEsCuidar",0,01/26/2026 07:44,https://www.facebook.com/SuperSubsidio/posts/pfbid0pfp99V6DRPuibiLSirD6AQggPeLKNATxkdwVa6MPTYCTCyaFL8vkBpWADJhBwXMQl,Foto,,Total,1,--,1306,16,1,17,0,0,1200,1795,,
1355359196628683,100064638461970,Supersubsidio,"El trabajo es fuente de riqueza y desarrollo para Colombia. 🇨🇴

Reconocer el #SalarioVitalDigno significa avanzar en el reconocimiento del trabajo de millones de mujeres trabajadoras.

Garantizar un ingreso digno a los colombianos y colombianas representa un paso fundamental hacia la justicia social, la equidad y el bienestar.",0,01/27/2026 04:18,https://www.facebook.com/SuperSubsidio/posts/pfbid02wpvKibwQiky2v7RMB6vndZtFVcPVFQrwY7iReENysjUUYmrctMaBxNaX9Dk2mPW6l,Foto,,Total,0,--,1985,7,0,22,0,2,1837,2664,,
1355381073293162,100064638461970,Supersubsidio,"Con el #SalarioVitalDigno le estamos devolviendo la dignidad a millones de colombianos que diariamente contribuyen a la construcción de una Colombia que avanza hacia la justicia social.

Con un aumento histórico del 23%, las trabajadoras y los trabajadores de Colombia cuentan hoy con un ingreso más justo, que les permite mejorar su calidad de vida y garantizar el bienestar de sus familias. Este es un paso firme en la defensa del trabajo digno y de los derechos laborales.",35,01/27/2026 04:51,https://www.facebook.com/reel/4321677634786732/,Reel,,Total,2,+0.8x,1755,22,4,18,0,2,1408,1653,5.754,8441.529
1355452553286014,100064638461970,Supersubsidio,"Si evidencias abusos en precios y prácticas comerciales asociados al aumento del salario mínimo vital, ten en cuenta que la @sicsuper reforzará los controles y acciones de vigilancia para proteger tus derechos como consumidor.

El #SalarioVitalDigno no debe ser usado como un argumento para incrementos en precios que afectan a la ciudadanía.",33,01/27/2026 06:11,https://www.facebook.com/reel/1717294213009107/,Reel,,Total,0,+1x,2717,48,7,42,0,8,2171,2663,7.85,18213.096
1356430186521584,100064638461970,Supersubsidio,"📝 La Supersubsidio, en cumplimiento de la Resolución 0416 de 2019, convocó al Comité Técnico Contable del Sistema de Subsidio Familiar, con la participación de 12 cajas de compensación familiar, para trabajar de manera articulada en la unificación de criterios contables y el fortalecimiento de la transparencia y la supervisión institucional.

#Supersubsidio #SupervisarEsCuidar #SubsidioFamiliar",0,01/28/2026 06:51,https://www.facebook.com/SuperSubsidio/posts/pfbid02JxUd2AUSKJNDJwiagUduvm2ooVQBv1borNamDRpsMJK7L6vcSDV1zdiFLg248bxml,Foto,,Total,3,--,8591,31,3,27,0,2,8054,11705,,
1359303386234264,100064638461970,Supersubsidio,"📝 La Superintendencia del Subsidio Familiar expidió la Resolución 0091 del 30 de enero de 2026, mediante la cual se establecen las cuotas monetarias que aplicarán las Cajas de Compensación Familiar durante esta vigencia.

Los recursos del subsidio familiar contribuyen al fortalecimiento del ingreso de los hogares, al empleo formal y al acceso a servicios sociales esenciales.

#SubsidioFamiliar #CuotaMonetaria #Supersubsidio #SupervisarEsCuidar",0,01/31/2026 10:58,https://www.facebook.com/SuperSubsidio/posts/pfbid0QcSDcmChoZoZPWEMVayeKSik7Z11UHmBdZ88UeNhzi73tV1m9qH21CWct3pWFWqol,Foto,,Total,159,--,251596,912,351,768,44,143,230737,380557,,
1359316149566321,100064638461970,Supersubsidio,"En 2026, el subsidio familiar continúa acompañando a las familias de todo el país. 🇨🇴

Conoce las cuotas establecidas para cada región. 💵

Acércate a tu Caja de Compensación Familiar y entérate de cómo acceder a este beneficio. 💙

#SubsidioFamiliar #CuotaMonetaria #Supersubsidio #SupervisarEsCuidar",0,01/31/2026 11:20,https://www.facebook.com/SuperSubsidio/posts/pfbid07aQrpTkkgc8G8vEumMR7pByR1bcnzjuR5hgb4dBePBcNbbQKVc7FzXrmxGvTCLo4l,Foto,,Total,40,--,34013,211,38,261,18,89,26148,58778,,
1359922506172352,100064638461970,Supersubsidio,"📢 ¡Atención trabajadores y trabajadoras de Colombia!

Ya están definidas las nuevas cuotas monetarias del subsidio familiar para 2026. 

👉 Consulta los valores correspondientes a tu departamento y acércate a tu Caja de Compensación Familiar para conocer cómo acceder a este beneficio.

#SubsidioFamiliar #CuotaMonetaria #Supersubsidio #SupervisarEsCuidar #Subsidios",178,02/01/2026 07:10,https://www.facebook.com/reel/1826157761389032/,Reel,,Total,442,+1464.4x,680956,13273,3227,10052,1462,2278,616723,708521,35.898,22918148.855
1360859936078609,100064638461970,Supersubsidio,"Este martes 3 de febrero, el pueblo colombiano se moviliza en las plazas del país para realizar una cadena de afectos que rodea al Presidente de la República, @PetroGustavo, en defensa de la soberanía nacional y del salario vital. 

Nos vemos a las 9:00 a. m. en la Plaza de Bolívar de Bogotá y en todas las plazas del país.

#3FALasPlazas",0,02/02/2026 11:14,https://www.facebook.com/SuperSubsidio/posts/pfbid02BTiE5LseUgB4gb6UD8qs3UGQSVPdJtqjMMFswgG9ZQNf4cek1UVtqLymoNfZbSSel,Foto,,Total,14,--,1208,34,0,17,0,4,1115,1894,,
1361066356057967,100064638461970,Supersubsidio,"Defender lo nuestro es un acto de amor. 🇨🇴

Mañana nos encontramos para abrazar la esperanza. Nos unimos en defensa de los derechos que nos pertenecen: el salario de los trabajadores y la autonomía de nuestra nación.

Acompañemos al presidente @PetroGustavo en esta jornada de unidad nacional. 🤝

🗓️ Martes 3 de febrero
🕘 9:00 a. m.
📍 Plaza de Bolívar (Bogotá) y plazas de todo el territorio nacional.

¡Que el país sienta la fuerza de un pueblo unido! ✊💪

#3FALasPlazas",0,02/02/2026 18:32,https://www.facebook.com/SuperSubsidio/posts/pfbid0bi1bvKVgXNEam84jKGTq1a41UTTwBkSumg89NPA4Gp9S6mWTKVDdYUgNv1uzGwaVl,Foto,,Total,0,--,973,8,-2,7,0,1,887,1341,,
1361453226019280,100064638461970,Supersubsidio,"Desde @supersubsidio acompañamos la agenda que desarrolla el Presidente @PetroGustavo en su visita como Jefe de Estado a Washington.

Unidos como nación, promovemos diálogos de alto nivel que protegen la soberanía y reafirman la dignidad y grandeza de Colombia.

#AgendaDeEstado
#AcuerdosPorColombia",0,02/03/2026 05:27,https://www.facebook.com/SuperSubsidio/posts/pfbid0MqnewsdL1ViP8JWKjwypzHuQB1AxbUestK74irngQiatbtfAWzgRvEkpnacz6rkul,Foto,,Total,0,--,570,5,0,5,0,0,479,762,,
1361518402679429,100064638461970,Supersubsidio,"🇨🇴 Desde la Superintendencia del Subsidio Familiar nos sumamos a la cadena de afectos que rodea al Presidente de la República, @PetroGustavo, en defensa de la soberanía nacional y del salario vital. 

#3FALasPlazas",0,02/03/2026 07:01,https://www.facebook.com/SuperSubsidio/posts/pfbid02yWSkZav9ko8eysG78UFsbURs8gBkFqCRiwcAgwx4XoAKecosWQaGe3etnC5xNKdMl,Foto,,Total,23,--,4927,91,-1,75,0,1,4548,7077,,
1361676402663629,100064638461970,Supersubsidio,"🇨🇴 Colombia unida expresa su apoyo al presidente @gustavopetrourrego en defensa de la soberanía nacional y del salario vital. 

#3FALasPlazas",22,02/03/2026 09:59,https://www.facebook.com/reel/1210497261192608/,Reel,,Total,85,+18.9x,4972,315,1,240,0,1,3867,4582,6.763,26843.817
1361835462647723,100064638461970,Supersubsidio,"⚖️ Hoy, desde la Superintendencia del Subsidio Familiar, enviamos un caluroso mensaje de felicitación a todas y todos los abogados en su día. Les deseamos mucho éxito en el ejercicio de su profesión.

#DíaInternacionalDelAbogado #Abogados #Supersubsidio",0,02/03/2026 14:40,https://www.facebook.com/SuperSubsidio/posts/pfbid0d5Bs223Bkgq62MHGYWhttTaFTtbDmT2jrgMQhk9NJL2ospRGbhgAaPLnmr4f8eEal,Foto,,Total,0,--,1370,9,1,9,0,0,1284,1839,,
1364617532369516,100064638461970,Supersubsidio,"Tu consulta es importante para nosotros. 🤝

Conoce nuestros canales de atención y comunícate con la Supersubsidio cuando lo necesites.

#Supersubsidio #SupervisarEsCuidar",0,02/06/2026 11:23,https://www.facebook.com/SuperSubsidio/posts/pfbid02kFH5UCKTFRTXZAE51KU1BZg9VK9vn6zUjC4CMcE7Wr7vqd3tscFAqe3Hj778n6iil,Foto,,Total,0,--,1151,8,0,9,0,1,1005,1610,,
1367497075414895,100064638461970,Supersubsidio,"📝 Para acceder a los beneficios del Sistema del Subsidio Familiar debes estar afiliado a una Caja de Compensación Familiar. Aquí te explicamos lo que debes saber sobre el proceso de afiliación tanto para trabajadores dependientes como independientes.

#Supersubsidio #SupervisarEsCuidar #Subsidios",0,02/09/2026 13:21,https://www.facebook.com/SuperSubsidio/posts/pfbid0gWw6AhSyjtGe8kGXQULew516bG8ktAPdd1GMZGJYaxxGQ7Cpowv9CV1uLtXWc23Nl,Foto,,Total,11,--,36094,138,34,81,9,43,33810,48802,,
1368083942022875,100064638461970,Supersubsidio,"El Presidente @gustavopetrourrego ordenó aplicar de manera inmediata el alivio en las tarifas de las generadoras públicas de energía en las zonas afectadas por la emergencia por las lluvias.

#UnidosAnteLaEmergencia",0,02/10/2026 05:49,https://www.facebook.com/SuperSubsidio/posts/pfbid0Sd59tSu794sYTBALdZPEGWtG3Ex4K1bM3fFzd8YrULGxB6dN5EWnvesTKrFLqrW8l,Foto,,Total,0,--,1766,5,0,5,0,0,1610,2289,,
1368115725353030,100064638461970,Supersubsidio,"🇨🇴 El Gobierno Nacional responde con acciones concretas a las familias afectadas por la emergencia ocasionada por las lluvias, especialmente en Antioquia, Córdoba y Nariño.

El despliegue logístico ha permitido llevar 10 toneladas de ayuda humanitaria, restablecer la conectividad para la evacuación de las comunidades, entregar 7.400 kits a las familias damnificadas y desplegar maquinaria amarilla.

#UnidosAnteLaEmergencia",55,02/10/2026 06:26,https://www.facebook.com/reel/4407970956195984/,Reel,,Total,0,+0.5x,803,10,0,7,0,3,643,781,6.04,4319.007
1368133578684578,100064638461970,Supersubsidio,"🇨🇴 Gracias a la unión de los bogotanos y el sector privado, el Gobierno Nacional lleva a Córdoba más de 10 toneladas de alimentos para 5.500 animales, tras la emergencia climática por las lluvias que atraviesa el país.

#UnidosAnteLaEmergencia",0,02/10/2026 06:51,https://www.facebook.com/SuperSubsidio/posts/pfbid02xfr1nARLnu4C8TsMZr6pZHhMyNbRonsDjHGU2fMN18XrDsujdesgzQypAsxAB7p1l,Foto,,Total,0,--,2775,16,0,16,0,0,2472,3668,,
1369122651919004,100064638461970,Supersubsidio,"👉 La cuota monetaria es un subsidio en dinero al que tienen derecho los trabajadores y trabajadoras por cada persona a cargo que cumpla los requisitos establecidos en la ley.

📝 Aquí te informamos cuáles son las personas a cargo del beneficiario, por las que puedes recibir este subsidio monetario.

#CuotaMonetaria #Subsidios #SubsidioFamiliar #Supersubsidio
#SupervisarEsCuidar",0,02/11/2026 08:30,https://www.facebook.com/SuperSubsidio/posts/pfbid0XRmzoeyxLh3k5wfQwYvym3FaKViSx12mYyLC4Cvsi6eFVnL7zbz232f6EDtyJdb1l,Foto,,Total,1,--,3620,42,0,29,4,13,3289,5396,,
1369935618504374,100064638461970,Supersubsidio,"Ningún niño o niña nace para la guerra. 🤚🚫

En el Día de las Manos Rojas, recordamos que el uso de menores en conflictos armados es una violación atroz a sus derechos humanos. Es nuestra responsabilidad colectiva proteger su presente para asegurar su futuro.

Hoy levantamos la mano por quienes no pueden hacerlo. La paz empieza protegiendo a los más pequeños.

#DíaDeLasManosRojas",0,02/12/2026 05:19,https://www.facebook.com/SuperSubsidio/posts/pfbid02cUtsMA9np1JfjzyMwQXAq48fvr8Phe8tZuhoxeLf9qmyrk1BTxo8Zm65jn7u8Gwyl,Foto,,Total,0,--,609,8,0,8,0,0,508,768,,
1369986945165908,100064638461970,Supersubsidio,"#DíadelasManosRojas | Identificar las alertas es vital para prevenir el reclutamiento de niñas, niños y adolescentes. ¿Conoces alguna otra forma en la que los grupos armados ilegales se acercan a la niñez y adolescencia?",0,02/12/2026 06:44,https://www.facebook.com/SuperSubsidio/posts/pfbid02mTHHr76zLJDuUAKMUxBzPXAGcFXZYtBG9jip91qgA22TUPmdxbUMisq39kYBZaHQl,Foto,,Total,0,--,623,8,0,5,0,3,543,831,,
1370005565164046,100064638461970,Supersubsidio,"#DíaDeLasManosRojas | Reporta de forma anónima casos de reclutamiento de niñas, niños y adolescentes:

- Línea 141 del Bienestar Familiar
- Línea 123 de la Policía Nacional
- Contactando entidades como Defensoría del Pueblo, personerías, comisarías y defensorías de Familia.",0,02/12/2026 07:12,https://www.facebook.com/SuperSubsidio/posts/pfbid02WwviikdGB7HQPY11XrhjzNhF7BqE7eL33gmmiRSoUMJB491Lxk98pvKxK2exQ6FLl,Foto,,Total,0,--,374,5,0,5,0,0,333,497,,
1370217691809500,100064638461970,Supersubsidio,"🇨🇴 Nuestra Superintendente, Sandra Viviana Cadena Martínez, llegó a Valle del Cauca para conocer y validar los proyectos de inversión de @comfandi, los cuales estarán al servicio de sus afiliados.

📝 Desde la Supersubsidio nos encargaremos de cumplir con nuestra misión de inspección, vigilancia y control para garantizar que los afiliados reciban los servicios de educación, bienestar, capacitación y fortalecimiento en el Sistema del Subsidio Familiar.

¡Con dignidad cumplimos!

#Supersubsidio #SupervisarEsCuidar #SubsidioFamiliar",46,02/12/2026 12:38,https://www.facebook.com/reel/1295867919229401/,Reel,,Total,0,+0.8x,2021,29,3,28,1,6,1899,2232,7.186,14472.709
1370303101800959,100064638461970,Supersubsidio,"¡En el territorio, aseguramos que el bienestar de los trabajadores sea una realidad! 🇨🇴✨

Hoy, nuestra Superintendente, Sandra Viviana Cadena Martínez, llegó al Valle del Cauca con el objetivo de verificar de primera mano la ejecución de los recursos del Subsidio Familiar y el impacto real de los programas de @Comfandi en la región.

Estos son los proyectos de inversión social al servicio de las familias vallecaucanas:

1️⃣ Educación con propósito: Visitamos los colegios de Yumbo y Calipso. Conocimos los modelos de formación técnica en convenio con el SENA, que benefician a más de 1.200 estudiantes, garantizando que la educación sea un motor de movilidad social.

2️⃣ Infraestructura para la vida: Recorrimos el Campus E Arroyohondo. Nuestra lupa está puesta en que los servicios de recreación y deporte lleguen efectivamente a los afiliados de categorías A y B, con una proyección de más de 326 mil usos para este año.

3️⃣ Innovación y Empleo: En el Campus E Centro, verificamos la operación de la Agencia de Empleo y los servicios de educación financiera. Resaltamos el equipo de innovación, reconocido con el premio Oro SSF, por su enfoque en generar valor social.

4️⃣ Salud al servicio del afiliado: Cerramos la jornada en la IPS Torres, entidad que presta servicios de salud para cerca de 55.000 usuarios.

Nuestra misión es clara: ejercer una vigilancia técnica y rigurosa para que cada peso del sistema se traduzca en bienestar y oportunidades para las familias colombianas. 🛡️💪

#Supersubsidio #SupervisarEsCuidar #SubsidioFamiliar",0,02/12/2026 15:29,https://www.facebook.com/SuperSubsidio/posts/pfbid02QV1TYzcy5iPEx5r1N4pmzSPAVUcuRCMYQwpPzumww1aNLDWXsGVLmQwBfqp7eXWQl,Foto,,Total,3,--,1695,11,0,9,0,0,1512,2797,,
1370359271795342,100064638461970,Supersubsidio,"¡En el territorio, aseguramos que el bienestar de los trabajadores sea una realidad! 🇨🇴✨

Hoy, nuestra Superintendente, Sandra Viviana Cadena Martínez, llegó al Valle del Cauca con el objetivo de verificar de primera mano la ejecución de los recursos del Subsidio Familiar y el impacto real de los programas de @Comfandi en la región.

Estos son los proyectos de inversión social al servicio de las familias vallecaucanas:

1️⃣ Educación con propósito: Visitamos los colegios de Yumbo y Calipso. Conocimos los modelos de formación técnica en convenio con el SENA, que benefician a más de 1.200 estudiantes, garantizando que la educación sea un motor de movilidad social.

2️⃣ Infraestructura para la vida: Recorrimos el Campus E Arroyohondo. Nuestra lupa está puesta en que los servicios de recreación y deporte lleguen efectivamente a los afiliados de categorías A y B, con una proyección de más de 326 mil usos para este año.

3️⃣ Innovación y Empleo: En el Campus E Centro, verificamos la operación de la Agencia de Empleo y los servicios de educación financiera. Resaltamos el equipo de innovación, reconocido con el premio Oro SSF, por su enfoque en generar valor social.

4️⃣ Salud al servicio del afiliado: Cerramos la jornada en la IPS Torres, entidad que presta servicios de salud para cerca de 55.000 usuarios.

Nuestra misión es clara: ejercer una vigilancia técnica y rigurosa para que cada peso del sistema se traduzca en bienestar y oportunidades para las familias colombianas. 🛡️💪

#Supersubsidio #SupervisarEsCuidar #SubsidioFamiliar",0,02/12/2026 17:18,https://www.facebook.com/SuperSubsidio/posts/pfbid0Wns3R9t8YqtwbQ5sHnM4GVbgot5LxgEt6TLCqziNa3EzXnt3PjtNKvoZyWAywzcJl,Foto,,Total,1,--,1571,12,0,25,0,3,1464,2251,,
1370870865077516,100064638461970,Supersubsidio,"¡Córdoba nos necesita y aquí estamos! 🇨🇴❤️

En la Superintendencia del Subsidio Familiar no somos ajenos a la difícil situación que atraviesan nuestros hermanos cordobeses. Por eso, nos unimos con determinación a las jornadas de donación para brindar un alivio a quienes más lo necesitan en este momento.

Creemos firmemente que el bienestar social se construye con acciones concretas y corazones dispuestos.

Unidos por Córdoba 💙",59,02/13/2026 06:07,https://www.facebook.com/reel/3346694082152335/,Reel,,Total,0,+0.2x,1009,6,0,6,0,0,783,911,5.428,4532.823
1370976495066953,100064638461970,Supersubsidio,"🇨🇴 El decreto del Salario Vital fue expedido por el Gobierno del Presidente @gustavopetrourrego en cumplimiento de la Constitución de Colombia.

Su incremento se definió con criterios técnicos y económicos rigurosos, garantizando dignidad, oportunidades e ingresos justos para el pueblo trabajador.

Suspender un decreto que protege el salario vital significa poner en riesgo el ingreso y los derechos adquiridos de millones de trabajadoras y trabajadores. Por eso, el #SalarioVitalSeDefiende.",0,02/13/2026 08:29,https://www.facebook.com/SuperSubsidio/posts/pfbid0rXpdJgtDjiyK5eZ6zVYGubZnqvjRTCDYpYt5HV31XyoV5Ube1BkZrZtSeyddQvL7l,Foto,,Total,33,--,17152,365,-1,317,0,54,15210,24605,,
1371171028380833,100064638461970,Supersubsidio,"🇨🇴 ¡El #SalarioVitalSeDefiende! El Ministro de @MintrabajoCol, @AntonioSanguino, aseguró que la suspensión del decreto de salario vital afecta directamente la dignidad de millones de trabajadores.

“Al trabajador que me escucha, su ilusión es tener el mínimo para vivir con dignidad, y eso es lo que se pretende arrebatar con esta decisión”, afirmó el ministro, quien confirma que el Gobierno defenderá su validez.

#SalarioVitalSeDefiende",43,02/13/2026 13:50,https://www.facebook.com/reel/1250203143283468/,Reel,,Total,1,+2.9x,3153,80,1,99,0,25,3081,3534,9.839,31928.824
1371187498379186,100064638461970,Supersubsidio,"🇨🇴 El Salario Vital, decretado para este 2026, fue una decisión tomada con el fin de proteger el bolsillo y la dignidad de cada trabajador y trabajadora de Colombia. 

El #SalarioVitalSeDefiende porque representa un compromiso con la justicia social y el trabajo digno.",0,02/13/2026 14:22,https://www.facebook.com/SuperSubsidio/posts/pfbid02q3Dahz7swu9NhAWxvN5jz65KcbUWNJzz1pW4YfcvVBzbP1QmSUiGsWuVWrenxVUcl,Foto,,Total,19,--,8528,126,-2,100,0,21,8226,11931,,
1373229181508351,100064638461970,Supersubsidio,"🇨🇴 El Presidente @gustavopetrourrego invita a los empresarios del país para dialogar y participar este lunes, en la Comisión de Concertación, y se llegue así a un Pacto por la Vida que beneficie al pueblo trabajador.

#SalarioVitalSeDefiende",65,02/15/2026 16:22,https://www.facebook.com/reel/1435752371274553/,Reel,,Total,6,+11.6x,6203,211,6,183,5,29,5630,6302,18.438,105210.498
1373241251507144,100064638461970,Supersubsidio,"🇨🇴 ""Los anteriores gobiernos relegaron el salario mínimo de la canasta vital de la familia, porque un trabajador tiene familia, y por eso ahora toca dar unos altos. Los di en los tres primeros años, 17% y 18% real, y ahora último año en mi gobierno 23% real, para llegar al nivel de lo que llamamos un salario vital. Es lo que se ha decretado, siguiendo la orden de la Corte Constitucional y la Constitución de Colombia"": Pdte. @PetroGustavo. 

#SalarioVitalSeDefiende",0,02/15/2026 16:41,https://www.facebook.com/SuperSubsidio/posts/pfbid0f6GAFkPneEJh5762qeqsxCAwrcfsQcu6B9ywPWULHSuHinyEynrb1vcCvj8RKeDjl,Foto,,Total,0,--,5584,50,-2,48,1,1,4988,8080,,
1374941568003779,100064638461970,Supersubsidio,"¡Atención, pueblo trabajador de Colombia! 📣 🇨🇴

El Salario Vital es una conquista histórica de la clase trabajadora; por eso, este jueves 19 de febrero, desde las 2:00 p.m., en todas las plazas públcias del país, vamos #ALasPlazasPorElSalarioVital, por su defensa y por lo que exige la Constitución.",0,02/17/2026 12:33,https://www.facebook.com/SuperSubsidio/posts/pfbid02erwJeZn27KofsnJndP2RsFYiGoy4PztcZCzqtscxkjD1fZQURKi8eBymz4xPPuHCl,Foto,,Total,0,--,800,8,0,8,0,0,716,1051,,
1374948444669758,100064638461970,Supersubsidio,"El Salario Vital es un derecho adquirido por la clase trabajadora de Colombia.

Este 19 de febrero, vamos #ALasPlazasPorElSalarioVital desde las 2:00 p.m. en todas las plazas públicas del país, porque esta conquista histórica debe mantenerse para garantizar dignidad a cada trabajador y trabajadora.",0,02/17/2026 12:48,https://www.facebook.com/SuperSubsidio/posts/pfbid02QHm387tBTZqpmvpTKeJQrnHUxAhjJqXpa8s7dPmNxe4W57d8QTRsjuntUJCWm9zel,Foto,,Total,2,--,1341,15,0,14,0,0,1216,1831,,
1374964284668174,100064638461970,Supersubsidio,"¡Unimos esfuerzos por las mujeres colombianas! 🇨🇴✨

​Nos enorgullece anunciar la firma del Memorando de Entendimiento entre la Superintendencia del Subsidio Familiar y @onumujerescol 🤝💜

​Este acuerdo no es solo un documento, es la hoja de ruta para fortalecer la Política de Equidad de Género en las Cajas de Compensación Familiar de todo el país. Reconocemos a la mujer como el motor esencial del desarrollo sostenible y estamos listos para trabajar en territorio.

​📍 Iniciamos una agenda conjunta para garantizar derechos, igualdad y empoderamiento real.

​¡Con dignidad cumplimos! ✊

#Supersubsidio #EquidadDeGénero",0,02/17/2026 13:19,https://www.facebook.com/SuperSubsidio/posts/pfbid02VxowWku8dua52X7GvVKakQipi4X8qug8R5K8XHQJ1ib53f6S6U7UWeFqG8QwoLbyl,Foto,,Total,4,--,6797,45,3,69,1,5,6156,9581,,
1375002741330995,100064638461970,Supersubsidio,"¡Unimos fuerzas por la equidad de género! 🇨🇴💜

La @Supersubsidio y @ONUMujeresCol firman Memorando de Entendimiento para transformar las Cajas de Compensación con una política de género real. No es solo un papel, es la ruta para garantizar que el talento y los derechos de las mujeres impulsen el desarrollo de Colombia. 

Con dignidad cumplimos. 🤝✨

#Supersubsidio #EquidadDeGénero",55,02/17/2026 14:22,https://www.facebook.com/reel/915089390931710/,Reel,,Total,1,+0.9x,2190,48,3,42,3,4,1875,2139,7.583,14992.801
1375973991233870,100064638461970,Supersubsidio,"Desde todas las plazas públicas del país, incluyendo la Plaza de Bolívar en Bogotá, nos uniremos para defender el Salario Vital. 🇨🇴

Convocamos a todas las trabajadoras y trabajadores de Colombia #ALasPlazasPorElSalarioVital este jueves 19 de febrero, desde las 2:00 p.m.

Defendemos el salario que reconoce el esfuerzo diario y garantiza estabilidad a millones de hogares en Colombia.",0,02/18/2026 17:01,https://www.facebook.com/SuperSubsidio/posts/pfbid0TbXvoE6b7En8xm5aRsWuqqZg5KiYKi9CjCgLWbcChwqwMKujKipoi4f3AkKEe3dNl,Foto,,Total,4,--,2813,19,1,34,0,7,2623,3887,,
1376401294524473,100064638461970,Supersubsidio,"El Presidente @PetroGustavo convoca al pueblo trabajador #ALasPlazasPorElSalarioVital este jueves 19 de febrero desde las 2:00 p.m. 

Proteger el Salario Vital es fundamental porque representa una conquista histórica de las trabajadoras y trabajadores que, con su esfuerzo diario, sostienen a Colombia. 

Defenderlo es garantizar el derecho a un ingreso digno, a la estabilidad de millones de familias y al respeto por la Constitución.",25,02/19/2026 04:42,https://www.facebook.com/reel/1435805131388111/,Reel,,Total,9,+2.2x,1346,37,0,29,0,1,1108,1317,7.034,8145.733
1376461031185166,100064638461970,Supersubsidio,"🇨🇴 Junto con el Presidente @gustavopetrourrego, el pueblo trabajador de Colombia sale este 19 de febrero, desde las 2:00 p.m., a todas las plazas del país en defensa del Salario Vital. 

Defendemos esta conquista histórica que otorga estabilidad a millones de trabajadores y trabajadoras que salen de sus hogares cada día para aportar al desarrollo económico del país. 

#ALasPlazasPorElSalarioVital",0,02/19/2026 06:08,https://www.facebook.com/SuperSubsidio/posts/pfbid0ydYXuysfXkriwTnaFY62LGuQuocLGV6QKueX3pX7Dt43gsQsCPfNqnJSPT3nR4VYl,Foto,,Total,4,--,949,14,-2,10,0,0,817,1287,,
1376521921179077,100064638461970,Supersubsidio,"🚀 ¡Tu carrera profesional inicia aquí! La Supersubsidio busca estudiantes (técnicos, tecnólogos y profesionales) para sus prácticas y judicaturas 2026. 🇨🇴

#Supersubsidio #SupervisarEsCuidar",0,02/19/2026 07:19,https://www.facebook.com/SuperSubsidio/posts/pfbid04Ff2AkeY7LMVJDJpT9YeGnmREpiCTVxCJe43DjHXV6PZiHJjSpcHppX7AD8YqJdUl,Foto,,Total,0,--,10155,21,5,20,1,4,9319,12886,,
1376623571168912,100064638461970,Supersubsidio,"¡Comprometidos con el bienestar de Córdoba! 🇨🇴📦

Desde la @supersubsidio realizamos una importante donación de ayudas humanitarias para las familias del departamento, contando con el respaldo fundamental del Comando de Apoyo de Acción Integral y Desarrollo del @ejercitonacionalcol para toda la jornada de recolección. 🤝✨

Esta acción nace de nuestro compromiso de estar siempre presentes para quienes más lo necesitan. Sumamos esfuerzos para que la ayuda llegue a tiempo y para que cada familia sienta que no está sola en los momentos de dificultad.

¡Unidos por Córdoba! 🇨🇴❤️",30,02/19/2026 09:35,https://www.facebook.com/reel/806936715112856/,Reel,,Total,0,+0.4x,1823,20,0,16,1,3,1485,1722,5.577,8706.622
1376862057811730,100064638461970,Supersubsidio,"🇨🇴 Hoy salimos a las calles porque el bienestar del trabajador es el corazón de nuestra misión. Desde la Superintendencia del Subsidio Familiar, entendemos que defender un salario vital es defender la estabilidad y dignidad de millones de hogares colombianos.

#ALasPlazasPorElSalarioVital",0,02/19/2026 16:30,https://www.facebook.com/SuperSubsidio/posts/pfbid0mDCEwBeE1ABYKsanaLJmHqFvCfpFjh5k8a4DypVUJsgo25mK75nFqRQwrf41HE8ol,Foto,,Total,2,--,2186,35,0,33,0,2,1956,3291,,
1377503507747585,100064638461970,Supersubsidio,"Desde la Superintendencia del Subsidio Familiar participamos en la mesa de trabajo del FOSFEC junto a las cajas de compensación y el Ministerio del Trabajo, fortaleciendo la ruta de empleabilidad en beneficio de la población afiliada al Sistema del Subsidio Familiar 💼✨

#Supersubsidio #SupervisarEsCuidar",34,02/20/2026 09:50,https://www.facebook.com/reel/4119402784939190/,Reel,,Total,0,+0.1x,2205,27,1,28,0,1,1746,2039,5.948,11070.024
1377589081072361,100064638461970,Supersubsidio,"¿Sabías que el Sistema del Subsidio Familiar es una de las herramientas más poderosas para cerrar brechas en Colombia? ⚖️🤝

En la SuperSubsidio trabajamos con un propósito claro: garantizar que el esfuerzo de cada trabajador se traduzca en oportunidades reales, salud, educación, recreación y vivienda digna.

Porque cuando el bienestar llega a todos, la justicia social deja de ser un concepto y se convierte en una realidad. 👨‍👩‍👧‍👦💙

#Supersubsidio #SubsidioFamiliar #JusticiaSocial",0,02/20/2026 12:13,https://www.facebook.com/SuperSubsidio/posts/pfbid0UwjBT6r7yn5Z5yY2vmDsAmdJYTKgPPQw8C6jns5jCAPDDwAxo9E6tqsE1gjViCARl,Foto,,Total,0,--,1036,4,0,4,0,0,925,1344,,
1378521814312421,100064638461970,Supersubsidio,"Este 22 de febrero levantamos la voz, los instrumentos y el corazón por Córdoba y el Urabá.🎤🔥

Por tan solo $10.000 compra tu boleta y realiza tu aporte a los colombianos afectados.

Si no puedes asistir también puedes donar en https://tinyurl.com/Cultura-Solidaria. 🙌

El 100% de los recursos recaudados serán transferidos a la Cruz Roja Colombiana, que ejecutará directamente en territorio las acciones de asistencia humanitaria, agua y saneamiento, salud, albergue y recuperación de medios de vida.

#UnidosAnteLaEmergencia",16,02/21/2026 13:48,https://www.facebook.com/reel/1371996228064497/,Reel,,Total,1,-0.1x,891,4,1,3,0,0,704,882,3.673,2836.171
1382692517228684,100064638461970,Supersubsidio,"🇨🇴 #ICARRD20 Desde la Segunda Conferencia Internacional de Reforma Agraria y Desarrollo Rural, reafirmamos nuestro compromiso con la transparencia.

🌱 Nuestra misión es clara: vigilar que cada recurso del Subsidio Familiar llegue con calidad y oportunidad a quienes más lo necesitan en las zonas rurales y dispersas.

¡Por un campo con más equidad y protección social! 🤝

#Supersubsidio #SupervisarEsCuidar",0,02/26/2026 05:51,https://www.facebook.com/SuperSubsidio/posts/pfbid02kEqmNcwTNi4ptmLHi7JirHLFCTRAf4rcgFtkgzJsfeRx2Q1htv6QQYm5YdG1XAHFl,Foto,,Total,0,--,696,12,-2,12,0,0,565,1006,,
1382766897221246,100064638461970,Supersubsidio,"🐝 #ICARRD20 En la Supersubsidio fortalecemos nuestra articulación con las políticas de desarrollo rural. Nuestra misión es clara: asegurar que los recursos del sistema del subsidio familiar se traduzcan en bienestar real para las familias del campo.

¿Cómo lo hacemos?

1️⃣ Vigilancia estricta: Que los recursos lleguen a las zonas rurales y dispersas.

2️⃣ Enfoque de género: Asegurando que la mujer rural tenga acceso a programas que fortalezcan su independencia.

3️⃣ Territorialidad: Vivienda y educación que respondan a la realidad de cada región.

Seguimos trabajando por una protección social sólida, transparente y digna.

Superintendencia del Subsidio Familiar. ¡Con dignidad cumplimos!

#Supersubsidio #SupervisarEsCuidar",41,02/26/2026 07:38,https://www.facebook.com/reel/885965447649055/,Reel,,Total,1,+0.4x,1145,9,0,8,0,0,917,1103,4.552,4570.788
1383654623799140,100064638461970,Supersubsidio,"¡Acompañarte es nuestra misión! 🤝✨

En la Superintendencia del Subsidio Familiar trabajamos día a día para que las familias trabajadoras de Colombia se sientan respaldadas en cada paso que dan. 👣

✅ Vigilancia.
✅ Transparencia.
✅ Bienestar para tu hogar.

¡Tu bienestar es nuestro compromiso! 🇨🇴

#Supersubsidio #SubsidioFamiliar #SupervisarEsCuidar",0,02/27/2026 07:26,https://www.facebook.com/SuperSubsidio/posts/pfbid02mNNFcz98Z7dgdYShLvNsu9KdQWx4aiJK9vkAMbNhca4jAP5GxVrYFQ1hdyfVhHykl,Foto,,Total,4,--,2115,14,0,8,1,1,2045,2734,,
1387412256756710,100064638461970,Supersubsidio,"💻 Para inscribirte en los cursos debes enviar un correo electrónico a ssf@ssf.gov.co con el asunto ‘Inscripción cursos SSF’, incluyendo tu nombre completo, número de cédula y correo electrónico. Una vez recibamos tu solicitud, en un plazo máximo de tres (3) días hábiles te enviaremos la confirmación de inscripción y el paso a paso para acceder a los contenidos.

#SubsidioFamiliar #Supersubsidio #SupervisarEsCuidar #CursosGratis",0,03/03/2026 14:55,https://www.facebook.com/SuperSubsidio/posts/pfbid031tpAaNAbzoaiQjMyY2bBn2A2SQ1VzDvCpbqKx3JapS5aFYoJv634fCWaSEjgBk4el,Foto,,Total,0,--,1725,22,0,11,3,8,1497,2500,,
1388318819999387,100064638461970,Supersubsidio,"¡Unimos esfuerzos por la equidad! 🤝✨

Se llevó a cabo la primera mesa técnica en el marco del Memorando de Entendimiento entre la Superintendencia del Subsidio Familiar y ONU Mujeres. Este encuentro marca el inicio del cronograma de actividades conjuntas para promover la igualdad de género y el empoderamiento de las mujeres en nuestro país.

Liderado por nuestra Superintendente, Sandra Viviana Cadena Martínez, y la representante de ONU Mujeres, María Inés Salamanca, este compromiso de cooperación de buena fe busca alcanzar objetivos comunes que transformen realidades.

¡Seguimos trabajando por un subsidio familiar con enfoque de género! 💙

#EquidadDeGénero #Supersubsidio",0,03/04/2026 14:48,https://www.facebook.com/SuperSubsidio/posts/pfbid0fDgrrJ5MwAbpQvQ4FXAVn3WWErrrWThhG5PQJCMdNjFexsLW99JZxzrhYoPUp4t2l,Foto,,Total,1,--,3717,23,1,22,0,0,3402,5217,,
1389068629924406,100064638461970,Supersubsidio,"¡El cambio tiene voz de mujer! ✨

La Supersubsidio, en cabeza de la Superintendente Sandra Viviana Cadena Martínez, se une a la celebración del 37° Premio Cafam a la Mujer.

En esta edición:

• 📍 Más de 146 iniciativas de todas las regiones del país.

• 🌿 Proyectos que integran ciencia, territorio y autonomía.

• 💪 Un homenaje a quienes transforman realidades con acciones sostenibles.

Como destaca el Director Administrativo de Cafam, Luis Gonzalo Giraldo Marín, el impacto directo en las comunidades es la clave del progreso. ¡Seguimos apoyando el liderazgo social que construye país!

#Mujeres #Supersubsidio #SupervisarEsCuidar",0,03/05/2026 12:44,https://www.facebook.com/SuperSubsidio/posts/pfbid0gUy6iHW8sGimg4qe5vwHdzQfSm7fddtTF4MXeKUadKB8qEz3mx1gXRTGRjeTnL6il,Foto,,Total,0,--,2420,18,0,18,0,0,2242,3418,,
1389666123197990,100064638461970,Supersubsidio,"🇨🇴 Hemos trabajado para construir caminos de igualdad en todo el país. 

Entregamos 1.344 apoyos de emergencia a mujeres en riesgo de feminicidio, formamos a 14.000 personas cuidadoras en sus derechos, fortalecimos 19 Casas para la Dignidad de las Mujeres y destinamos más de 37.000 millones de pesos para impulsar las economías populares de mujeres en todo el país. 
#8MNiUnDerechoAtrás ✊💜",0,03/06/2026 06:53,https://www.facebook.com/SuperSubsidio/posts/pfbid0bBDMyAfEivfK7zEPUXuiJggtczhbfbMwk5bDHVTTh9yBc2fqry4aswLDeAyszwrol,Foto,,Total,3,--,508,8,0,5,0,0,434,659,,
1389703163194286,100064638461970,Supersubsidio,"30 mujeres, 30 historias y un solo propósito: transformar a Colombia desde el corazón de sus comunidades. 🇨🇴✨

Ayer vivimos una jornada inolvidable en el Teatro Cafam. La edición N°37 del Premio Cafam a la Mujer nos recordó que el liderazgo femenino no solo soluciona problemas del presente, sino que siembra las bases de un futuro sostenible. 🌿

Desde la ciencia y la cultura hasta el cuidado ancestral del territorio, estas Mujeres Llenas de Vida representan lo mejor de sus departamentos a través de 146 iniciativas que hoy ocupan el centro de la conversación nacional. 👩‍🔬🎨🚜

#PremioMujerCafam #MujeresLíderes #Supersubsidio #SupervisarEsCuidar",0,03/06/2026 07:44,https://www.facebook.com/SuperSubsidio/posts/pfbid0XM5dLwXeRGRdURMnexaoUaQSRRrrqREP6GqSxqJQDLgKbfikRrCSJWuQ1t1WqsyAl,Foto,,Total,0,--,1241,9,0,8,0,1,1157,1639,,
1391144739716795,100064638461970,Supersubsidio,"✊ ​​En el Día Internacional de los Derechos de las Mujeres, reafirmamos nuestro compromiso desde la Superintendencia del Subsidio Familiar. Entendemos que la verdadera transformación social ocurre cuando las mujeres tienen garantías reales para ellas y sus familias.

​Nuestra misión es vigilar y asegurar que el Sistema de Subsidio Familiar sea un motor de oportunidades y un respaldo sólido ante las brechas sociales.

​¡Por más espacios de liderazgo, bienestar y justicia social para todas! 💜

#DíaInternacionalDeLaMujer #DíaDeLaMujer #8M #8MNiUnDerechoAtrás #8Marzo",78,03/08/2026 05:26,https://www.facebook.com/reel/902258685925065/,Reel,,Total,1,+1.6x,678,26,0,28,0,2,498,684,16.835,9932.738
1391519999679269,100064638461970,Supersubsidio,"🇨🇴 En este día de la mujer, analizamos el impacto real del Sistema del Subsidio Familiar en las mujeres colombianas. Más que cifras, son historias de transformación y empoderamiento.

#DíaInternacionalDeLaMujer #DíaDeLaMujer #8M #8MNiUnDerechoAtrás #8Marzo",92,03/08/2026 15:08,https://www.facebook.com/reel/1205310888050590/,Reel,,Total,1,-3.2x,1777,10,1,16,0,3,1264,1400,3.18,4160.428
1393046442859958,100064638461970,Supersubsidio,"Detrás de cada mujer que hoy está transformando el Sistema del Subsidio Familiar hay una niña que nunca dejó de soñar y que trabajó con determinación cada día para lograr sus sueños. ✊💜

#Mujeres #Supersubsidio #MesDeLaMujer #Supersubsidio",0,03/10/2026 13:51,https://www.facebook.com/SuperSubsidio/posts/pfbid02fBcT7DqUrujfaV2qVoVWUzWSgBAYZ1pqJSV38YaNCvTM9ZqkbdJiUhj6xes6THTwl,Foto,,Total,0,--,1411,22,0,21,0,1,1355,2030,,
1394804576017478,100064638461970,Supersubsidio,"🤔 ¿Cómo puede el trabajador acceder a la cuota monetaria o subsidio familiar en dinero por su cónyuge que se dedica al cuidado de una persona a cargo con discapacidad?

#SubsidioFamiliar #CuotaMonetaria #Supersubsidio #Subsidios #SupervisarEsCuidar",97,03/12/2026 13:24,https://www.facebook.com/reel/761052886842250/,Reel,,Total,0,+2x,2488,33,4,33,3,4,2158,2418,10.644,23897.298
1395675319263737,100064638461970,Supersubsidio,"Agenda en territorio 📍

La Superintendente Sandra Viviana Cadena Martínez visita hoy Comfiar Arauca para supervisar de primera mano la infraestructura y servicios de la Caja. La jornada inició en el Centro Recreacional Los Araguatos, donde recorrió las 15 hectáreas del complejo, inspeccionó el avance de nuevas obras perimetrales y compartió con los estudiantes del Colegio Comfiar en su actividad especial “Día Blanco”. 🤍

🎢El recorrido continúa por las sedes educativas y administrativas para verificar las mejoras en senderos de movilidad, cubiertas y áreas de atención al usuario. Desde la Supersubsidio, reafirmamos nuestro compromiso de garantizar que los espacios de recreación y educación en las regiones cumplan con los más altos estándares para el bienestar de todos los trabajadores. 🇨🇴💙

#Supersubsidio #ConDignodadCumplimos",0,03/13/2026 14:36,https://www.facebook.com/SuperSubsidio/posts/pfbid0rkP5mEKQLefAQ3AgMF5FoSGCuhueCZNXev28joguTX3VXVLq3eM9m6NBz8MZ8oqtl,Foto,,Total,2,--,6278,43,5,39,0,6,5751,9140,,
1395814952583107,100064638461970,Supersubsidio,"Arauca no es solo geografía; es alma, es historia y es el corazón de familias que merecen protección. Hoy, 13 de marzo de 2026, nuestra Superintendente, Sandra Viviana Cadena Martínez, llegó a esta tierra para asegurar que el Sistema del Subsidio Familiar cumpla su misión con transparencia y equidad. 

Recorrimos lugares que transforman vidas:

☀️ Centro Recreacional Los Araguatos: 15 hectáreas dedicadas al derecho al descanso y la alegría de los trabajadores.

👩‍🏫 Colegio COMFIAR: 30 años formando a 472 estudiantes en aulas modernas impulsadas por energía solar. 

💻 33 años de servicio: Reconocemos la labor de COMFIAR, el puente entre el trabajo y el bienestar en el departamento. 

En la Superintendencia del Subsidio Familiar no solo vigilamos números, vigilamos sueños. Porque en la tierra del mejor cacao del mundo, el bienestar es una canción que todos debemos cantar.

📍 ¡Sigamos transformando el territorio!

#Supersubsidio #SupervisarEsCuidar #SubsidioFamiliar #Arauca",85,03/13/2026 17:36,https://www.facebook.com/reel/1134787235382458/,Reel,,Total,0,-0.8x,1105,24,1,16,0,10,1159,1363,4.17,5254.298
1398112395686696,100064638461970,Supersubsidio,"En la @Supersubsidio sabemos que la efectividad de la política pública nace de la articulación. 🤝

Actualmente, avanzamos en una mesa de trabajo estratégica junto al @mintrabajocol, @mineducacioncol e @icbfcolombiaoficial para revisar los lineamientos de atención de FONIÑEZ. Nuestro objetivo es claro: armonizar criterios de Inspección, Vigilancia y Control (IVC) que permitan medir con precisión el impacto social de:

✅ Jornada Escolar Complementaria.
✅ Atención Integral a la Primera Infancia.

No se trata solo de vigilar procesos, sino de asegurar que cada recurso se traduzca en bienestar y desarrollo para la niñez colombiana. ¡Unidos por un estándar de excelencia en la protección social!

#SupervisarEsCuidar #SuperSubsidio",0,03/16/2026 09:06,https://www.facebook.com/SuperSubsidio/posts/pfbid021yQG86mJRWpTbHfQjELfyeaaWR3kF9TXwj6BKjjPxW6NpMNEdcchyvKFrY7pL47Al,Foto,,Total,0,--,5054,19,1,21,0,3,4531,6714,,
1398265652338037,100064638461970,Supersubsidio,"Desde la SuperSubsidio nos unimos al @MintrabajoCol, @Mineducacion y @ICBFColombia para fortalecer la atención de FONIÑEZ. Estamos rediseñando la forma en que evaluamos la Jornada Escolar Complementaria y la Primera Infancia.

Nuestra meta es que la vigilancia (IVC) vaya más allá del papel y logre capturar el verdadero impacto social en los territorios. 🇨🇴

Porque una infancia bien atendida es el motor de un cambio real. ¡Seguimos trabajando en equipo por el futuro de Colombia! 💛💙❤️

#PrimeraInfancia #SupervisarEsCuidar #SuperSubsidio",16,03/16/2026 13:15,https://www.facebook.com/reel/2113972122693403/,Reel,,Total,1,0x,1359,13,1,12,0,0,1129,1371,4.708,5565.542
1399371115560824,100064638461970,Supersubsidio,"🇨🇴 Continuamos recorriendo los territorios. Hoy llegamos a Montería, Córdoba, para vigilar que los recursos del sistema del subsidio familiar se inviertan en bienestar y oportunidades para las familias trabajadoras.

#SubsidioFamiliar #Supersubsidio #SupervisarEsCuidar",0,03/17/2026 21:13,https://www.facebook.com/SuperSubsidio/posts/pfbid0TdPcJfvktVZSWnX7VoAuWbvrJ5chfFTbVCs6VkqqgVdTyBruvyXhVNsCSs8Z5pkkl,Foto,,Total,0,--,1056,8,0,8,0,0,967,1437,,
1399881388843130,100064638461970,Supersubsidio,"Más que un contrato, es estabilidad y dignidad para el hogar. 🏠✨

En Montería, acompañamos a los trabajadores de @comfacoroficial en su transición hacia la formalización laboral. Ver la alegría de quienes hoy reciben su contrato a término indefinido nos motiva a seguir trabajando por un país donde el trabajo digno sea el estándar, no la excepción. 💙🇨🇴

#supersubsidio #condignidadcumplimos",37,03/18/2026 12:28,https://www.facebook.com/reel/820372497129305/,Reel,,Total,0,-0.2x,994,11,0,11,0,0,810,938,5.177,4364.699
1400091572155445,100064638461970,Supersubsidio,"🇨🇴 Hoy vivimos una jornada histórica en La Guajira. Junto a Comfaguajira, recorrimos Riohacha y Hatonuevo para entregar obras que significan progreso y calidad de vida para miles de familias.

Seguimos llegando a cada rincón del país para garantizar que los recursos del subsidio familiar se traduzcan en realidades que cambian vidas. 🤝

#Supersubsidio #SupervisarEsCuidar #SubsidioFamiliar #Guajira",0,03/18/2026 18:16,https://www.facebook.com/SuperSubsidio/posts/pfbid02XhwRRfRY9N4LLb2MUEdm4cQWTmaCoq1dWoZddn3TSSCZfaFamgx2Bk2HK5LAQDfCl,Foto,,Total,0,--,1398,12,0,10,0,2,1286,1761,,
1400136022151000,100064638461970,Supersubsidio,"Donde el desierto abraza el Caribe, nace la esperanza. 🌵🌊

La Guajira no es solo un paisaje; es la fuerza de sus tejidos, la sabiduría de su gente y el corazón de una Colombia resiliente. Hoy, esa fuerza se traduce en realidades tangibles.

Nuestra Superintendente, Sandra Viviana Cadena Martínez, recorrió este territorio con un propósito firme: asegurar que el Subsidio Familiar llegue con transparencia y justicia social a quienes más lo necesitan.

✨ Dos hitos que transforman realidades:

Ma-Ziruma: Un Glamping innovador inspirado en el pueblo Arhuaco para un turismo con alma social.

Hatonuevo: El Centro Recreativo Talatsü Mai, un espacio donde la recreación se vive como un derecho fundamental.

Porque el bienestar no tiene fronteras. Donde hay una familia trabajadora, ¡allí estamos! 🇨🇴

#Supersubsidio #SupervisarEsCuidar #SubsidioFamiliar #Guajira",76,03/18/2026 19:29,https://www.facebook.com/reel/1578403589887035/,Reel,,Total,0,-2.8x,844,6,0,7,0,0,716,812,4.007,3050.087
1401782835319652,100064638461970,Supersubsidio,"¡Fortaleciendo el Sistema del Subsidio Familiar en el Magdalena! 💼📊

Cerramos con éxito nuestra jornada de Educación Informal en la región. Durante 4 días intensos (16 al 19 de marzo), nos enfocamos en empoderar a trabajadores y empleadores sobre sus derechos y deberes.

¿Qué logramos en esta visita?

✅ Cercanía directa con nuestras familias rurales.

✅ Diálogo abierto con empresas del sector.

✅ Escucha activa para seguir construyendo un sistema más sólido.

La protección al usuario no se detiene. Seguimos recorriendo el país para asegurar que los beneficios lleguen a quien más los necesita.

#Supersubsidio #SupervisarEsCuidar #SubsidioFamiliar",61,03/20/2026 12:25,https://www.facebook.com/reel/3876833379284620/,Reel,,Total,2,-1.4x,891,11,0,18,0,2,1041,1172,4.73,5184.108
1401881018643167,100064638461970,Supersubsidio,"💻 Prepárate, porque este 26 de marzo llega una revolución digital que llevará la lectura a donde antes no llegaba. Pacto Nacional por la Lectura: Pienso, Leo y Conectó. 

#PactoPorLaLectura #PiensoLeoConecto #Lectura #Leer",13,03/20/2026 15:12,https://www.facebook.com/reel/1260637606172579/,Reel,,Total,0,+0.2x,1706,29,1,31,1,5,1619,1937,3.705,6217.521
1404581305039805,100064638461970,Supersubsidio,"💻 Este 26 de marzo en Colombia se firmará un Pacto Nacional con un propósito muy importante: llevar la lectura a donde antes no llegaba. Espera pronto más información.

#PactoPorLaLectura #PiensoLeoConecto #Lectura #Leer",0,03/23/2026 08:38,https://www.facebook.com/SuperSubsidio/posts/pfbid02Nb2w4ubvDKLoYdNKYKESrekKt56wNjFbGWPbLjACqE1j6zjQ7qb37aPTniwqWjfnl,Foto,,Total,0,--,925,12,0,11,0,3,811,1196,,
1405520531612549,100064638461970,Supersubsidio,"🎗️ Desde la Superintendencia del Subsidio Familiar lamentamos profundamente el fallecimiento de los militares y policías en el trágico accidente ocurrido el día de ayer.

Nos duele como institución y como personas. A sus familias, amigos y compañeros, les enviamos un abrazo sincero y solidario, acompañándolos en este momento tan difícil. Honramos la vida y el compromiso de quienes, desde su vocación de servicio, trabajaron por la seguridad y el bienestar de todos los colombianos.

También, nos unimos en esperanza por la recuperación de los uniformados que resultaron heridos. Les deseamos una pronta mejoría y extendemos nuestra cercanía a sus seres queridos.

Hoy, más que nunca, reconocemos y agradecemos el valor de quienes están al servicio del país, incluso en medio de los mayores riesgos.

-Sandra Viviana Cadena Martínez-
Superintendente del Subsidio Familiar",0,03/24/2026 09:25,https://www.facebook.com/SuperSubsidio/posts/pfbid0PAEaujwZsT9XCgSZgv3sDWE5TpPjucPxQyhRUSq6cpE1pJfY3Vp421KjgfDy1xYsl,Foto,,Total,0,--,2039,17,0,17,0,2,1892,2627,,
1405717868259482,100064638461970,Supersubsidio,"🤔 ¿El subsidio de vivienda que otorgan las cajas de compensación familiar puede ser aplicado en cualquier municipio del país?

#SubsidioDeVivienda #SubsidioFamiliar #Supersubsidio #Subsidios",101,03/24/2026 14:43,https://www.facebook.com/reel/1856649805051387/,Reel,,Total,2,+2.8x,2373,44,2,39,3,5,2090,2392,12.513,27817.234
1406405841524018,100064638461970,Supersubsidio,"💻 La lectura es el puente que conecta nuestra mente con nuevos mundos. Este 26 de marzo Colombia conocerá una iniciativa que busca fomentar la lectura a través de herramientas tecnológicas entre las cajas de compensación familiar.

#PactoPorLaLectura #PiensoLeoConecto #Lectura #Leer",0,03/25/2026 08:08,https://www.facebook.com/SuperSubsidio/posts/pfbid02PwLYYDkKrYu3PP25WC7PT3mpwmQ4gA8mGXjd89F9yzFsdyxTyPDEiAWsvD3EcdwKl,Foto,,Total,0,--,776,5,0,4,0,1,695,996,,
1406610131503589,100064638461970,Supersubsidio,"🎵 Pienso, Leo y Conecto....
🎵 Pienso, Leo y Conecto...

Este 26 de marzo, Colombia bailará al ritmo del Pacto Nacional por la Lectura. 🇨🇴📖

#PactoPorLaLectura #PiensoLeoConecto #Lectura",31,03/25/2026 13:21,https://www.facebook.com/reel/1261341912775312/,Reel,,Total,0,+0.1x,3052,19,1,38,0,4,2471,3033,2.925,8163.859
1407342781430324,100064638461970,Supersubsidio,"🇨🇴 ¡Llegó el día! Hoy se firmará el Pacto Nacional por la Lectura, un compromiso entre el Gobierno Nacional y las Cajas de Compensación Familiar para llevar la lectura a donde antes no llegaba.

#PactoPorLaLectura #PiensoLeoConecto #Lectura #Leer",0,03/26/2026 07:29,https://www.facebook.com/SuperSubsidio/posts/pfbid02SSNLuN32jGjc1abaorhZuG1KiKRGYuz2gQ2U7Pg6bnjKVXve7QeQo62fap5QfSj7l,Foto,,Total,0,--,505,9,0,9,0,0,449,654,,
1407819114716024,100064638461970,Supersubsidio,"¡La lectura y la tecnología se unen para transformar a Colombia! 🇨🇴✨

Hoy celebramos un hito histórico: la firma del Pacto Nacional “Leo, Pienso y Conecto”. Esta gran alianza entre el Gobierno Nacional y las Cajas de Compensación Familiar busca fomentar el hábito de la lectura desde la primera infancia hasta la adultez.

¿Qué trae este pacto para el país?

💻 Conexión Digital: Llevamos libros y audiolibros directamente a celulares y tabletas. Además, crearemos clubes de lectura virtuales y retos en redes sociales para conectar a las familias.

👩‍🌾 Inclusión y Ruralidad: ¡Llegamos a los rincones más apartados! Priorizamos a las poblaciones indígenas, afrodescendientes y palenqueras para cerrar brechas sociales y conservar nuestras lenguas nativas. 

📖 Formación: Mediadores y familias recibirán formación en el uso pedagógico de herramientas TIC.

🤝 Trabajo en Equipo: Este logro es el resultado de la unión entre los Ministerios de Trabajo, Educación, Cultura, TIC, Cajas de Compensación Familiar y la Superintendencia del Subsidio Familiar.

¡Estamos listos para conectar mentes y transformar territorios! 📖📱

#PactoPorLaLectura #PiensoLeoConecto #Lectura #Leer",0,03/26/2026 19:41,https://www.facebook.com/SuperSubsidio/posts/pfbid0ME5Nmbq2S6HBJ8vyEywnuoSFQ8MichUFtZdtd8mdqB48YiPPf968AHPKpsQWGvBEl,Foto,,Total,0,--,1461,21,0,20,0,1,1247,2062,,
1408612071303395,100064638461970,Supersubsidio,"¿De qué sirve la tecnología si no sirve para soñar? 🦋💻

En Aracataca nació la magia de las mariposas amarillas, y hoy nace una alianza que lleva esa misma magia a todo el país.

El Pacto ""Pienso, Leo y Conecto"" es simple: unimos fuerzas (Gobierno y Cajas de Compensación) para que leer sea tan natural como respirar, sin importar si estás en Bogotá o en la profundidad del Magdalena.
Menos brechas, más historias. Colombia está conectando su futuro. 🚀

#PactoPorLaLectura #Leer #Lectura #Supersubsidio",105,03/27/2026 15:54,https://www.facebook.com/reel/1241437621486939/,Reel,,Total,1,+0x,1979,24,0,21,0,2,1799,1980,7.136,13289.037
1409233517907917,100064638461970,Supersubsidio,"🦋 Hoy vamos a contarles una historia, la historia de Lorena.

Lorena representa el propósito del Pacto Nacional por la Lectura que firmamos en Aracataca el pasado 26 de marzo.

""Pienso, Leo y Conecto"" no es solo una frase bonita, es la promesa de que ahora la lectura llegará a donde antes no llegaba. 📱📖

#PactoPorLaLectura #Leer #Lectura #Supersubsidio",390,03/28/2026 08:16,https://www.facebook.com/reel/1464172825257723/,Reel,,Total,0,+0.5x,1691,32,1,29,2,9,1414,1649,9.753,15000.14
1412073200957282,100064638461970,Supersubsidio,,33,03/31/2026 13:58,https://www.facebook.com/reel/2323386004824544/,Reel,,Total,0,+0.1x,1925,17,2,17,0,1,1693,1989,5.646,10011.928
1413093847521884,100064638461970,Supersubsidio,"Nuestra Oficina de Protección al Usuario llegó a Casanare para liderar la sesión del Comité Técnico de Atención e Interacción con el Ciudadano (COMTAC). Durante el 26 y 27 de marzo, trabajamos en:

​✅ Evaluar la satisfacción de nuestros afiliados.

​✅ Elevar los estándares de atención en cada punto de contacto.

​✅ Fortalecer los subcomités de trabajo para una mejora continua.

​Además, socializamos nuestra Hoja de Ruta Estratégica 2026–2030, un plan diseñado para garantizar que el Subsidio Familiar llegue a todos con transparencia, equidad e inclusión. 🤝✨

#Supersubsidio #SubsidioFamiliar",0,04/01/2026 16:04,https://www.facebook.com/SuperSubsidio/posts/pfbid02HEYsBxXkhV5cAWUm93WGLn69S7ukRXWJTm9UH5pNMvjF9YAxGvVZNgXHTkeqFazDl,Foto,,Total,0,--,1718,13,0,13,0,2,1539,1755,,
1417555157075753,100064638461970,Supersubsidio,"Desde la Superintendencia del Subsidio Familiar, continuamos recorriendo el país para asegurar que los recursos de los trabajadores colombianos se administren con total transparencia y eficiencia.

​Esta semana, nuestro equipo de inspectores adelanta una Visita Ordinaria a la Caja de Compensación Familiar Cajasur. A través de estas jornadas de supervisión integral, verificamos:

​✅ Gestión Financiera: Que cada peso del aporte patronal se invierta correctamente.

✅ Programas Sociales: Que los servicios de salud, educación, vivienda y recreación lleguen con calidad a los afiliados.

✅ Cumplimiento Legal: Que la operación de la Caja se ajuste estrictamente a la normativa vigente.

​Nuestra misión es clara: proteger el patrimonio social de las familias y garantizar que el Sistema del Subsidio Familiar sea un motor de Justicia Social en cada territorio. 🇨🇴

#Supersubsidio #SupervisarEsCuidar #CajasDeCompensación",0,04/06/2026 17:24,https://www.facebook.com/SuperSubsidio/posts/pfbid0Ru2VWRKsiiiUFX9Xz6TcFSEcrQXYN2r3rCAt7DKBSRuTeX5ZbouwfUK5onW77KjQl,Foto,,Total,3,--,1503,11,0,8,1,0,1370,2132,,
1417601283737807,100064638461970,Supersubsidio,"Desde la Superintendencia del Subsidio Familiar, avanzamos en nuestro compromiso con la transparencia del sistema. 📑

Realizamos una visita ordinaria a la Caja de Compensación Familiar Comfamiliar Risaralda, con el fin de ejercer nuestras funciones de inspección y vigilancia. Durante esta jornada, nuestro equipo técnico verifica el cumplimiento normativo, evalúa los procesos financieros y administrativos, y revisa la calidad de los servicios prestados.

Nuestro objetivo es asegurar que cada peso del subsidio familiar sea administrado con eficiencia para el bienestar de los trabajadores risaraldenses. ⚖️

#Supersubsidio #SupervisarEsCuidar #CajasDeCompensación #SubsidioFamiliar",0,04/06/2026 19:02,https://www.facebook.com/SuperSubsidio/posts/pfbid02nZPS7qVbSoa6whniFJhBQNpicYVD4vm4b851UiPZ1fnNM4r6YtRDv3pdR1diKJLfl,Foto,,Total,0,--,1447,8,1,8,0,0,1260,2048,,
1418120760352526,100064638461970,Supersubsidio,"📝 Estas son algunas cosas que debes saber acerca del subsidio de vivienda que otorgan las cajas de compensación familiar.

💻 Recuerda consultar con tu caja de compensación familiar para más información sobre los requisitos y el proceso de aplicación al subsidio.

#SubsidioDeVivienda #SubsidioFamiliar #Supersubsidio",0,04/07/2026 08:29,https://www.facebook.com/SuperSubsidio/posts/pfbid0axYbZf7P2sgvHrFSt2a3MxivA4gZTYFKD6ZQWbd4e2nd9gTu3SKzc89uZ8d4bGpDl,Foto,,Total,16,--,20427,137,35,113,7,69,17137,29349,,
1419749240189678,100064638461970,Supersubsidio,"Día de la Memoria y la Solidaridad con las Víctimas del Conflicto Armado 🕊️🇨🇴

Hoy, 9 de abril, nos unimos bajo un solo lema: “Memoria que sana, voces que transforman”. En la Superintendencia del Subsidio Familiar, honramos la dignidad de quienes han sido afectados por el conflicto y trabajamos por su inclusión en el Sistema.

Conoce las cifras clave de este compromiso:

-Más de 132.000 víctimas ya forman parte de nuestro Sistema al cierre de 2025.

-Vimos un crecimiento histórico del 51,86% en la afiliación de adultos mayores de 60 años.

-La inclusión étnica avanza con 5.521 afiliados pertenecientes a diversos grupos del país.

-Las mujeres lideran el crecimiento en afiliación de víctimas no desplazadas con un 31,74%.

Esta conmemoración, amparada en la Ley 1448 de 2011, es un paso más hacia la verdad y la reparación simbólica.

#9DeAbril #DíaDeLasVíctimas #MemoriaYSolidaridad #SubsidioFamiliar #SupervisarEsCuidar",0,04/09/2026 06:59,https://www.facebook.com/SuperSubsidio/posts/pfbid02YBTcTVyeFtUPdvatfvbW2VmKipnmLYjrpxtK8TTc1ZikHPPcdRgf1zSf2kk9B5gVl,Foto,,Total,0,--,2035,12,0,23,0,4,1775,2682,,
1421012466730022,100064638461970,Supersubsidio,"Llegamos al 📍Putumayo con un objetivo claro: conocer de primera mano cómo funciona e impacta el subsidio familiar en el corazón de la Amazonía colombiana. De la mano de nuestra Superintendente, Sandra Viviana Cadena Martínez, recorrimos las instalaciones de Comfamiliar Putumayo para entender no solo los logros, sino los desafíos únicos que enfrenta este territorio.

Supervisar para nosotros no es un ejercicio de escritorio; es estar donde están los retos. Es verificar cómo una sala de lectura, un club de natación o un centro recreacional se convierten en el epicentro de oportunidades para miles de afiliados que encuentran en el sistema un respaldo para vivir con bienestar.🧑‍🧑‍🧒‍🧒

Nuestro compromiso es asegurar que cada recurso se transforme en una herramienta efectiva de cambio social. Porque cuando caminamos el territorio, reafirmamos que el subsidio es un derecho que construye país. 💙🇨🇴",0,04/10/2026 19:59,https://www.facebook.com/SuperSubsidio/posts/pfbid02oMupdQegmegZeSr9Au9WY936ighJZqJXRwVoStKGWYoisZ8N7MMcisT9yi1j2RzNl,Foto,,Total,1,--,1812,19,1,20,0,2,1580,2548,,
1421619753335960,100064638461970,Supersubsidio,"La Superintendente Sandra Viviana Cadena Martínez acompañó la inauguración de la nueva zona deportiva del Centro Recreacional Intiyaco en Puerto Asís, Putumayo.

Con una inversión de $2.900 millones, este espacio fortalecerá la recreación de más de 20.000 afiliados y sus familias en el Bajo Putumayo.

Para la Supersubsidio, el bienestar no es solo un ingreso: es tiempo de calidad, deporte y espacios dignos para la comunidad. Cuando la gestión es eficiente, los resultados se ven en el territorio. 💙

¡Con dignidad cumplimos! 🇨🇴

#Supersubsidio #SupervisarEsCuidar #Putumayo #SubsidioFamiliar",0,04/11/2026 12:25,https://www.facebook.com/SuperSubsidio/posts/pfbid0iTrfRVV3WnXbBUVWAsy9WXGHdL1ttqZcAL4K7pixmzHyXgni2gy2eG52nTN1bqKUl,Foto,,Total,8,--,9140,71,4,129,0,16,8042,15297,,
1421745806656688,100064638461970,Supersubsidio,"🌿 En el corazón de la Amazonía, donde los Andes se convierten en selva y los ríos guardan siglos de historia, el bienestar llegó con nombre propio. 💙

La Superintendente Sandra Viviana Cadena Martínez recorrió el Putumayo para ver de cerca lo que significa cumplir: niños en el programa Foniñez, adultos mayores con dignidad, familias con espacios para vivir mejor.

Y como cierre histórico: la inauguración de la Zona Deportiva del Centro Recreacional Intiyaco, un escenario que ya ha transformado la vida de más de 175.000 putumayenses. 🏊‍♂️🎉

Porque todo Colombia es prioridad.

¡Con dignidad cumplimos! 🇨🇴

#Supersubsidio #SupervisarEsCuidar #Putumayo #SubsidioFamiliar",126,04/11/2026 17:03,https://www.facebook.com/reel/1498485198503416/,Reel,,Total,0,+2.4x,2853,40,0,51,0,11,2459,2901,9.585,25563.642
1423355676495701,100064638461970,Supersubsidio,"📝 Desde la Superintendencia del Subsidio Familiar, realizamos una visita de inspección en Compensar con el objetivo de verificar el cumplimiento de los ordenamientos legales, administrativos, financieros y contables.

💡 Durante esta jornada, nuestro equipo técnico supervisa el correcto funcionamiento de los fondos de ley, así como la ejecución de los programas y servicios sociales correspondientes a la vigencia 2025 y el primer trimestre de 2026.

#Supersubsidio #SupervisarEsCuidar #SubsidioFamiliar",0,04/13/2026 15:24,https://www.facebook.com/SuperSubsidio/posts/pfbid0gKFMeFLCF28DjJ7NrPHrCHsP8ao15gT1vvGagzGVGvs3PmLsstZqRfyais5YFR11l,Foto,,Total,0,--,1125,3,0,4,0,0,985,1648,,
1425017189662883,100064638461970,Supersubsidio,"📝 Estas son las personas a cargo por las que puedes recibir el subsidio familiar en dinero este 2026.

💻 Para más información, acércate a tu Caja de Compensación Familiar y consulta sobre el proceso y los requisitos para acceder a este derecho.

#SubsidioFamiliar #Subsidios #CuotaMonetaria #Supersubsidio #SupervisarEsCuidar",121,04/15/2026 12:28,https://www.facebook.com/reel/1379807877501504/,Reel,,Total,123,+506.5x,277862,5387,1143,4348,558,622,264946,286139,26.187,6957912.903
1430235582474377,100064638461970,Supersubsidio,"🏠 Si quieres acceder al subsidio de vivienda que otorgan las Cajas de Compensación familiar, presta mucha atención a los requisitos que debes cumplir.

📝 Si cumples con los requisitos mencionados, acércate a tu caja de compensación familiar para solicitar información sobre el proceso de aplicación y presta mucha atención a las instrucciones para aplicar de forma correcta.

#SubsidioDeVivienda #SubsidioFamiliar #Subsidios #Supersubsidio #SubsidioVivienda",176,04/21/2026 08:55,https://www.facebook.com/reel/984289347504563/,Reel,,Total,45,+121.1x,91735,2272,296,1672,410,238,86480,94618,21.213,1864330.938
1432270068937595,100064638461970,Supersubsidio,"La SuperSubsidio inició visita especial a Confa Caldas tras las amenazas contra su Consejo Directivo, con el propósito de fortalecer la seguridad y respaldar la gestión institucional; este acompañamiento permitirá identificar oportunidades de mejora y consolidar buenas prácticas para el adecuado funcionamiento. 🔍",0,04/23/2026 16:38,https://www.facebook.com/SuperSubsidio/posts/pfbid034FyuNv7Y2mRgeKeTtGmqDCJXa7GhpZz27KSQD5XtRRadhfrwfZ49Sy7sCRYnRxZol,Foto,,Total,0,--,1501,11,0,11,0,1,1384,2482,,
1432368148927787,100064638461970,Supersubsidio,"Acompañamos la entrega oficial del Parque Acuático Los Trinitarios en Santander, un proyecto de alto impacto desarrollado por Comfenalco Santander.

La Superintendente del Subsidio Familiar participó en la inauguración de este complejo que contó con una inversión cercana a los $150 mil millones de pesos. Esta megaobra, supervisada por nuestra Delegada de Proyectos Especiales, cuenta con:
• Capacidad para más de 4.000 personas.
• Toboganes de hasta 18 metros de altura.
• Zonas de spa, deporte y gastronomía.

Seguimos fortaleciendo el Sistema del Subsidio Familiar para que los recursos se traduzcan en infraestructuras de clase mundial que dinamicen la economía local. 💙🤝",0,04/23/2026 19:47,https://www.facebook.com/SuperSubsidio/posts/pfbid02Hpx7LZdfHxHn39U9Hb9mt8gacwa28a44CADnmDocbi84FWiY3m5R9d5rGqzLweo8l,Foto,,Total,0,--,3186,23,0,24,0,0,2822,4580,,
1432399612257974,100064638461970,Supersubsidio,"¡Cumpliéndole a las regiones! 📍🎥

Desde el corazón de Santander, la superintendente del subsidio familiar resalta la importancia de proyectos que impulsan el turismo social y la economía local. Los Trinitarios es el reflejo de una gestión que pone al trabajador en el centro de todas las decisiones.

#Supersubsidio #SupervisarEsCuidar #SubsidioFamiliar #Santander",54,04/23/2026 20:46,https://www.facebook.com/reel/1278518270471565/,Reel,,Total,1,+0.6x,1477,23,0,25,0,0,1288,1479,8.935,11892.587
1432988952199040,100064638461970,Supersubsidio,"🛡️ ¡Fortalecemos el control para proteger el bienestar de los trabajadores!

Se llevó a cabo la sesión No. 19 del Comité Técnico de Autocontrol y Gestión del Riesgo. Bajo el liderazgo del Superintendente Delegado para la Gestión, reafirmamos nuestro compromiso con la transparencia en el Sistema del Subsidio Familiar.

Dado que las Cajas de Compensación administran recursos parafiscales con un alto fin social, este espacio es vital para:

✅ Identificar riesgos a tiempo.
✅ Promover alertas tempranas.
✅ Optimizar la toma de decisiones estratégicas.

La transparencia no es opcional: el autocontrol es responsabilidad de cada Caja para garantizar eficiencia y confianza en el Sistema. 🤝

#Supersubsidio #SupervisarEsCuidar #SubsidioFamilair",0,04/24/2026 10:43,https://www.facebook.com/SuperSubsidio/posts/pfbid02ovTQhoZXRegGaqwKNBxCcb3v6UbHpQHb9zKpfwZVZPYMdX7F4eSchQntvaShiT38l,Foto,,Total,2,--,1950,18,0,17,0,1,1728,2711,,
1433745468790055,100064638461970,Supersubsidio,"🇨🇴💙 Hoy los celebramos a ellos, el motor del futuro de Colombia!

Más de 3,6 millones de niños y niñas hacen parte del Sistema de Subsidio Familiar en 2025. Cada uno con talentos únicos, sueños enormes y un futuro por construir — y nosotros estamos aquí para acompañarlos. 💪

✨ 22.000+ niños con discapacidad atendidos en igualdad de oportunidades.

🎡 537.000+ niños disfrutando espacios de recreación cada mes.

📚 Cientos de miles accediendo a educación, bibliotecas y nutrición.

🏙️🌿 Presentes en zonas urbanas y rurales, porque las oportunidades no tienen dirección.

En 2025, las Cajas de Compensación Familiar invirtieron cerca de $2,2 billones de pesos en el bienestar de la niñez colombiana. Porque cuando invertimos en ellos, invertimos en Colombia.

💙 ¡Feliz Día del Niño y la Niña!

#DíaDelNiño #25DeAbril #Supersubsidio #SupervisarEsCuidar #SubsidioFamiliar",125,04/25/2026 06:13,https://www.facebook.com/reel/1161988896994523/,Reel,,Total,1,+2.2x,3286,59,1,52,0,10,2795,3130,8.393,24567.486
1435962565235012,100064638461970,Supersubsidio,"📍 ¡Presencia en el territorio! Hoy desde el Amazonas.

​En la Superintendencia del Subsidio Familiar trabajamos sin descanso para garantizar que los recursos de los trabajadores lleguen a donde deben: a su bienestar y al de sus familias. 🌳✨

​Hoy, 27 de abril, nuestro equipo técnico adelanta la Visita Ordinaria a CAFAMAZ. Pero, ¿qué significa esto? Es un ""chequeo general"" preventivo donde verificamos:

​✅ Que el manejo de los recursos sea transparente y eficiente.

✅ Que los servicios cumplan con los estándares de calidad.

✅ Que la normativa legal se cumpla rigurosamente.

​Nuestra misión es cuidar cada peso que las empresas aportan, asegurando que se transforme en oportunidades reales para los afiliados en el Amazonas. 🇨🇴

#Supersubsidio #SupervisarEsCuidar #SubsidioFamiliar #Amazonas",0,04/27/2026 14:07,https://www.facebook.com/SuperSubsidio/posts/pfbid02C3M9ymLEQwWwVu6LDbZbwHychFqYzYL41gNehcAXjbbhXA3qbUi1jFi1tisFaRzDl,Foto,,Total,0,--,1075,17,0,17,0,2,1021,1696,,
1436767335154535,100064638461970,Supersubsidio,"📝 La Superintendencia del Subsidio Familiar continúa fortaleciendo su labor de inspección, vigilancia y control en todo el país.

🔎 En esta oportunidad, realizamos visita a Comfaoriente con el objetivo de evaluar el impacto financiero, jurídico y social de sus programas y servicios, garantizando el cumplimiento del marco normativo del Sistema del Subsidio Familiar.

💻 Seguimos trabajando por la transparencia, el buen uso de los recursos y el bienestar de las familias colombianas.

#Supersubsidio #SupervisarEsCuidar #SubsidioFamiliar #NorteDeSantander",0,04/28/2026 11:49,https://www.facebook.com/SuperSubsidio/posts/pfbid0nXKAkSh95XMb7mo4Vfdbdz5Sb5arWYikHBfPu7HwfBe9uFsLgmhCiii9uHaNhpCZl,Foto,,Total,0,--,513,7,0,6,0,1,483,885,,
1437423588422243,100064638461970,Supersubsidio,"🇨🇴 La estabilidad vuelve a ser regla y no excepción en el Gobierno del Presidente @gustavopetrourrego.

Con la Reforma Laboral, el contrato a término indefinido se convierte en prioridad. Más seguridad para las familias, menos precarización para quienes trabajan todos los días por el país.

#ConDignidadCumplimos  #100LogrosDePetro",0,04/29/2026 05:12,https://www.facebook.com/SuperSubsidio/posts/pfbid02jacmxT9EbxvzM4c4nB9rnkQGegQDPod5RZA2e7NTwibJYEWM18gr3qQsSB3uoPPvl,Foto,,Total,0,--,1405,11,0,11,0,0,1438,1970,,
1437455288419073,100064638461970,Supersubsidio,"🇨🇴 #ConDignidadCumplimos| El contrato indefinido se fortalece en Colombia. Los contratos por obra o a término fijo siguen vigentes, pero con prestaciones y vacaciones garantizadas, y un tope máximo de 4 años. Si el trabajo continúa, la estabilidad también: pasa a indefinido.

El Gobierno del Presidente @gustavopetrourrego logró más estabilidad para los trabajadores y más progreso para su vida. #100LogrosDePetro",34,04/29/2026 05:59,https://www.facebook.com/reel/1759683051676253/,Reel,,Total,4,+1.7x,3108,52,0,47,2,6,3017,3428,6.593,20116.149
1437666748397927,100064638461970,Supersubsidio,"🌿 Caquetá: Donde la vida se transforma y el bienestar florece. En el corazón del sur de Colombia, allí donde la selva respira por todos nosotros, la Superintendente del Subsidio Familiar, Sandra Viviana Cadena Martínez, recorre hoy la ""Puerta de Oro de la Amazonía"". 🚪✨

Este es un territorio que no solo se mide por su inmensa biodiversidad, sino por la dignidad de sus familias trabajadoras. La Superintendente se encuentra en el departamento para conocer de cerca cómo el Sistema del Subsidio Familiar impulsa el cambio social:

📚 Educación que trasciende: Visitamos el Colegio COMFACA, una institución que por más de 25 años ha sido el segundo hogar de los hijos de los trabajadores caqueteños. Nos emociona ver en acción a ""Comfaquito"", la biblioteca rodante que lleva mundos de lectura a los lugares donde más se necesitan.

🍃 Territorios de paz: Recorremos las 22 hectáreas del Centro Recreacional La Manigua. Lo que antes fue un símbolo de tiempos difíciles, hoy es un santuario de encuentro, juego y bienestar para la comunidad.

🎭 Metáforas de cambio: En la Plaza de Eventos Santo Domingo, somos testigos de la reinvención del Caquetá. Espacios que antes habitó la oscuridad, hoy vibran con cultura, deporte y esperanza.

En Caquetá, reinventarse es una forma de vida y el bienestar familiar es el motor de esa transformación. ¡Seguimos trabajando desde el territorio y para el territorio! 🇨🇴🙌

#Supersubsidio #SupervisarEsCuidar #SubsidioFamiliar #Caquetá",0,04/29/2026 10:41,https://www.facebook.com/SuperSubsidio/posts/pfbid0RaTgRy2BtxJBChnCXyBP3yMtLw4fHeU6hcrBwD7X4Gn4iR6hgA6A29svUDXvd1A5l,Foto,,Total,1,--,7551,45,3,60,0,12,7001,13417,,
1437944975036771,100064638461970,Supersubsidio,"¡Hoy estuvimos en el Caquetá! 🌿

Cumplimos una agenda intensa de supervisión en Comfaca, recorriendo cada espacio donde el subsidio familiar se convierte en realidad. Desde la educación y la recreación, hasta el hito de justicia laboral con la formalización de 22 trabajadores.

Vinimos a verificar que los recursos de los trabajadores se administren con transparencia y lleguen a donde más se necesitan. ✊✅

#Supersubsidio #SupervisarEsCuidar #SubsidioFamiliar #Caquetá",0,04/29/2026 18:51,https://www.facebook.com/SuperSubsidio/posts/pfbid02YQM3dR33oWqEkbNzEdEG3GsKz6FRAXuesnJYiCNgn5fsM5cbWKZzW53Xhe1HPEiel,Foto,,Total,0,--,2700,28,0,34,0,10,2428,4463,,
1437997111698224,100064638461970,Supersubsidio,"¡Y así nos fue en Caquetá! 📍🌿

Cumplimos una jornada de vigilancia en Comfaca, verificando de primera mano que los servicios y recursos para los trabajadores se estén ejecutando correctamente.

¡Presencia total en el territorio para asegurar que las cosas pasen! 💪

#Supersubsidio #SupervisarEsCuidar #SubsidioFamiliar #Caquetá",145,04/29/2026 20:04,https://www.facebook.com/reel/1281564940240337/,Reel,,Total,6,+3x,3404,42,2,45,2,6,2754,3446,7.959,24570.844
1438661981631737,100064638461970,Supersubsidio,"🇨🇴 Palabras de nuestra superintendente, Sandra Viviana Cadena Martínez, en el marco de la implementación de la reforma laboral en la caja de compensación familiar Comfaca:

🎙️ ""Hoy no estamos aquí para cumplir un simple trámite administrativo. Estamos aquí en representación de nuestro presidente, el Dr @gustavopetrourrego, para ser garantes del cumplimiento de la Reforma Laboral y al mandato de un Gobierno que cree en la estabilidad como base de la paz.

Durante años, el Sistema del Subsidio Familiar en Colombia ha sido el guardián del bienestar de los trabajadores, pero hoy damos el ejemplo desde adentro. Hoy ustedes, quienes cuidan de las familias caqueteñas, sostienen la operación diaria, apoyan las estrategias para el desarrollo y funcionamiento de la caja, y contribuyen a la modernización del servicio, dejan de tener incertidumbre por su estabilidad laboral.

Para el Gobierno Nacional de 2026, la palabra 'trabajo' debe ir siempre acompañada de la palabra 'dignidad'. Formalizar significa que ahora tienen una estabilidad; significa que sus familias gozarán de una seguridad social plena, sin miedos ni interrupciones.""

#ReformaLaboral #SubsidioFamiliar #Supersubsidio #SupervisarEsCuidar",0,04/30/2026 12:13,https://www.facebook.com/SuperSubsidio/posts/pfbid02KJa7TTLy8nRMCTi8KntJTbAwZ9KYrJ4irKreZWbxa987yBwDVuVo77ftjcFKbbycl,Foto,,Total,3,--,6201,47,9,43,0,3,5968,8418,,
1438739144957354,100064638461970,Supersubsidio,"#NiUnDerechoAtrás| Nos vemos en las plazas del país.

Marchamos por el derecho a la vida, por una vejez tranquila y por un salario digno.

Medellín nos convoca.
12:30 p. m. – Av. San Juan, a la altura de La Alpujarra. #1MALasPlazas",0,04/30/2026 14:30,https://www.facebook.com/SuperSubsidio/posts/pfbid0KnChLiZ1c51AyX81XGFo136Y1xqHFGWsrMKR6mqeV36QxM4s3XUBiwNJn5eY9aBTl,Foto,,Total,10,--,2343,33,-4,20,0,3,2219,3413,,
1439295491568386,100064638461970,Supersubsidio,"Detrás de cada servicio que no se detiene y de cada meta alcanzada, hay un trabajador entregando lo mejor de sí. Hoy celebramos a quienes madrugan, a quienes no paran y a quienes, con su esfuerzo diario, construyen el bienestar de todo un país.

En la SuperSubsidio, nuestra labor es asegurar que ese compromiso se traduzca en respaldo y protección para ti y tu familia. ¡Feliz Día del Trabajo! 🛠️🇨🇴

#DíaDelTrabajo #1DeMayo #NiUnDerechoAtrás #SupervisarEsCuidar #SubsidioFamiliar",132,05/01/2026 06:12,https://www.facebook.com/reel/27277205075221115/,Reel,,Total,1,-0.4x,1921,29,3,38,1,1,1612,1859,6.537,11250.447
1439481348216467,100064638461970,Supersubsidio,"🇨🇴 Antes se recortaban derechos. Hoy se garantizan.

Pasamos de salarios que no alcanzaban para vivir y una alta informalidad, a más ingresos y mayor protección laboral.

El trabajo volvió a ser digno y lo logrado no se negocia, se defiende. #NiUnDerechoAtrás",0,05/01/2026 10:21,https://www.facebook.com/SuperSubsidio/posts/pfbid02F2mqsbrLfTJXqdTb2kfjsmihzAkVk3iNs2XnC3LJakpgCmKwUmvNcQ9QgvsVRGzUl,Foto,,Total,0,--,876,17,1,16,0,1,849,1293,,
1442137284617540,100064638461970,Supersubsidio,"¡Estamos en Casanare! 🌿🤝

Damos inicio a la visita ordinaria de inspección, vigilancia y control a la Caja de Compensación Familiar de Casanare – COMFACASANARE, en cumplimiento de la Resolución No. 315 de 2026.

🔎 Supervisamos para proteger. Controlamos para garantizar.

#Supersubsidio #SupervisarEsCuidar #SubsidioFamiliar #Casanare",0,05/04/2026 14:21,https://www.facebook.com/SuperSubsidio/posts/pfbid0pKpz6PyTXcxKvCaDvjewHJGQgC9DZrAmkBCKexnG5PTctE6PxQHiVkbtgJZjMLhkl,Foto,,Total,1,--,1194,13,0,13,0,0,1169,2050,,
1442766434554625,100064638461970,Supersubsidio,"🏠 Si quieres acceder al subsidio familiar para construcción o mejoramiento de vivienda que otorgan las cajas de compensación, presta mucha atención a todo lo que necesitas saber.

📝 Para más información sobre el proceso de aplicación a este subsidio, consulta con tu caja de compensación familiar.

#SubsidioDeVivienda #SubsidioFamiliar #Supersubsidio #Subsidios",180,05/05/2026 08:13,https://www.facebook.com/reel/1709620643399440/,Reel,,Total,680,+1735.8x,1757061,25512,7476,17914,4997,2932,1629256,1732514,19.549,31653788.404
1444032911094644,100064638461970,Supersubsidio,"🇨🇴 En nuestra visita ordinaria a Comfachoco, instalamos una jornada de trabajo técnica para verificar la gestión corporativa, brindar acompañamiento especializado y evaluar directamente sus procesos internos.

Porque la supervisión efectiva no se hace desde el escritorio — se construye con presencia, rigor y compromiso territorial. 💼📍

👉 Desliza y conoce cómo la Supersubsidio trabaja por la calidad y eficiencia del Sistema del Subsidio Familiar en cada rincón del país.

🔎 Supervisión con propósito. Presencia con impacto.

#Supersubsidio #SupervisarEsCuidar #SubsidioFamiliar #Chocó",0,05/06/2026 19:37,https://www.facebook.com/SuperSubsidio/posts/pfbid02MZBoHr1RTtXof43GiPu7R45wisNoEzsc7QgbphTjy64NxNxi4bAu4Cdfbau9b292l,Foto,,Total,0,--,642,4,0,5,0,0,645,1092,,
1444872104344058,100064638461970,Supersubsidio,"🎙️ Palabras de nuestra superintendente, Sandra Viviana Cadena Martínez, en el marco de la Junta Directiva ordinaria de Fedecajas, sobre la importancia de la actualización normativa del Sistema del Subsidio Familiar.

🇨🇴 Seguimos trabajando por un sistema más eficiente que responda a las necesidades de cada territorio de Colombia.

#Supersubsidio #SupervisarEsCuidar #SubsidioFamiliar",32,05/07/2026 16:35,https://www.facebook.com/reel/3038308046369504/,Reel,,Total,2,+0.6x,6992,56,3,56,4,1,6711,7408,6.913,46117.347
1444911157673486,100064638461970,Supersubsidio,"📝 Supersubsidio en la Junta Directiva de Fedecajas.

🇨🇴 En el Caribe colombiano, nuestra Superintendente participó junto a Mintrabajo, directivos de las Cajas y líderes del sistema en un espacio de diálogo y construcción colectiva.

En la agenda: el Proyecto de Ley, #ENAFED2026, CONEXCINE, FEDEDATA y Educación Continua.
Supervisar es cuidar. ¡Sigamos construyendo juntos! 🤝

#Supersubsidio #SupervisarEsCuidar #SubsidioFamiliar",0,05/07/2026 17:55,https://www.facebook.com/SuperSubsidio/posts/pfbid02PgbRrrrkXFFVzQyZdnexLAfQZixJPGH5YpnY9mJ36hstUM7pYj7V9tZLcFo8miCRl,Foto,,Total,1,--,3598,22,0,27,0,2,3476,5574,,
1445686460929289,100064638461970,Supersubsidio,"🧱 Innovar es construir juntos.

La Supersubsidio lideró la primera asistencia técnica regional presencial con las nueve Cajas de Compensación Familiar de la Región Centro. Usamos metodologías como LEGO Serious Play para construir soluciones eficientes, sostenibles y centradas en las personas. 🚀🇨🇴

Porque el Sistema del Subsidio Familiar avanza cuando avanzamos en equipo. 💙

#Supersubsidio #SupervisarEsCuidar #SubsidioFamiliar #Innovación",0,05/08/2026 14:13,https://www.facebook.com/SuperSubsidio/posts/pfbid0BCRVxC7MwNoMxeq5KGCvegHXre8WfsmNrgV2quFXV29HWe2adzVxzD69YDQpCLTTl,Foto,,Total,0,--,1496,7,0,7,0,0,1503,2146,,
1446367810861154,100064638461970,Supersubsidio,"📍 Llegamos al sector rural de Santander con un propósito claro: que la información llegue donde más se necesita.

📝 Seguimos recorriendo el territorio nacional para que todos los trabajadores colombianos conozcan y aprovechen sus derechos.

Gracias, Santander, por abrirnos las puertas. 🙌

#Supersubsidio #SupervisarEsCuidar #SubsidioFamiliar #Santander",60,05/09/2026 09:21,https://www.facebook.com/reel/1022030663491727/,Reel,,Total,0,-0.5x,5404,10,0,8,1,1,5231,5459,2.723,14259.72
1447187560779179,100064638461970,Supersubsidio,"El corazón de una familia late con la fuerza de mamá. ❤️

Hoy desde la Supersubsidio celebramos a esas mujeres que hacen magia con amor y esfuerzo. En especial, a todas las mamás que forman parte del Sistema del Subsidio Familiar; su entrega diaria es la que le da sentido a nuestra labor de proteger y vigilar el bienestar de sus hogares.

¡Gracias por ser siempre, el corazón de Colombia! 🇨🇴✨

#DíaDeLaMadre #10DeMayo #Supersubsidio #SupervisarEsCuidar #SubsidioFamiliar",180,05/10/2026 06:37,https://www.facebook.com/reel/2126548651223518/,Reel,,Total,1,+0.8x,5867,25,0,21,0,3,5491,5873,3.366,19220.312
1448465363984732,100064638461970,Supersubsidio,"📍 ¡Estamos en el territorio! Supersubsidio llega al Atlántico

​Del 11 al 15 de mayo, nuestro equipo se encuentra en el departamento del Atlántico realizando una visita de seguimiento integral a Comfamiliar Atlántico. 🔎✨

​¿El objetivo? Asegurarnos de que cada peso del subsidio familiar se traduzca en bienestar real para ti y tu familia.

​No solo venimos a vigilar; venimos a identificar buenas prácticas y dejar recomendaciones que fortalezcan la gestión de la Caja. Queremos un Sistema del Subsidio Familiar más eficiente, humano y con sentido social. ❤️🇨🇴

#Supersubsidio #SupervisarEsCuidar #SubsidioFamiliar #Atlántico",0,05/11/2026 14:41,https://www.facebook.com/SuperSubsidio/posts/pfbid0Xs7Xcg5fiuKQuoYV338NjpCP6Y8tu8qxLDsmep7faktJTKTmgaRF66UdKtkdqgGEl,Foto,,Total,2,--,743,8,0,7,0,0,736,1120,,
1448518330646102,100064638461970,Supersubsidio,"🔍 Supersubsidio en Arauca | Visita Ordinaria de Inspección, Vigilancia y Control a COMFIAR.

En cumplimiento de nuestras funciones legales, iniciamos la verificación integral de la Caja de Compensación Familiar de Arauca, mediante la Resolución 0329 de 2026.

Porque la inspección y vigilancia no son un fin en sí mismas: son el camino hacia un sistema más transparente, eficiente y humano, al servicio de los trabajadores y sus familias. 🤝

#Supersubsidio #SupervisarEsCuidar #SubsidioFamiliar #Arauca",0,05/11/2026 16:33,https://www.facebook.com/SuperSubsidio/posts/pfbid02BtPj9uocSwD8JM7iNXKybmW749nwsjbRD3qNtRdcP8aLkjj1xvx8dL3DP8C6owpGl,Foto,,Total,2,--,2050,34,1,34,0,13,1938,3742,,
1448544153976853,100064638461970,Supersubsidio,"Llegamos a Sucre para empoderar a más de 80 personas con discapacidad sobre sus derechos. No solo llevamos información, entregamos herramientas reales: kits en Braille, Lengua de Señas y material didáctico.

3 días, 8 jornadas y una misión clara: ser una entidad más humana y cercana.

Superintendencia del Subsidio Familiar, ¡con dignidad cumplimos! 🇨🇴💙

#Supersubsidio #SupervisarEsCuidar #SubsidioFamiliar #Sucre",64,05/11/2026 17:27,https://www.facebook.com/reel/1126269743032402/,Reel,,Total,0,-1x,5907,29,0,29,0,3,5804,6027,3.272,18958.727
1449241657240436,100064638461970,Supersubsidio,"🔍 Hoy, la Superintendente del Subsidio Familiar, Sandra Viviana Cadena Martínez, visitó en Bogotá la sede central de la Caja de Compensación Familiar Campesina – COMCAJA, para verificar el cumplimiento normativo, administrativo y financiero de la entidad en los cuatro departamentos donde esta entidad desarrolla su operación (Guainía, Guaviare, Vaupés y Vichada).

🇨🇴 Nuestra misión es clara: garantizar la correcta administración de los recursos del Sistema del Subsidio Familiar y la calidad en la prestación de servicios a las familias trabajadoras de Colombia.

👩🏽 Una visita que también reconoce el rol estratégico que COMCAJA viene asumiendo en la implementación de la Ley de Mujer Rural (Ley 2462 de 2025). Esta iniciativa busca:  

✅ Reconocer y proteger los derechos de las mujeres campesinas y de la pesca.  

✅ Ejecutar subsidios en dinero, especie y servicios para fortalecer su autonomía económica.

✅ Brindar capacitación en liderazgo y empoderamiento para cerrar brechas en el territorio.  

📝 En la Supersubsidio trabajamos para que cada Caja de Compensación opere con transparencia, eficiencia y compromiso social al servicio de los colombianos.

#Supersubsidio #SupervisarEsCuidar #SubsidioFamiliar",0,05/12/2026 11:26,https://www.facebook.com/SuperSubsidio/posts/pfbid02ruLRgdJm2vMUBSozy6repU18JDsuCEoqDAmk5D9JvtDZqPVxTyFcLLrbKJHbZFHBl,Foto,,Total,2,--,3637,30,-1,28,1,1,3561,5652,,
1449314730566462,100064638461970,Supersubsidio,"🔍 ¡Supersubsidio presente en Antioquia!

A través de nuestra Delegada para Estudios Especiales y Evaluación de Proyectos, realizamos una visita especial a Comfenalco Antioquia para auditar proyectos de inversión por un valor cercano a los $44.892.098.035, destinados a servicios recreativos y administrativos en municipios como Medellín, Envigado, La Pintada, San Jerónimo y Turbo.

Nuestro compromiso es garantizar que cada peso del subsidio familiar sea invertido de manera transparente y en beneficio de los trabajadores colombianos. 💪🏽

Esto es inspección, vigilancia y control en acción. 👷🏽‍♀️✅

#Supersubsidio #SupervisarEsCuidar #SubsidioFamiliar #Antioquia",0,05/12/2026 13:38,https://www.facebook.com/SuperSubsidio/posts/pfbid0C5CtxS4ZdNpXLPniFrgGms3UJFoifB8buqRfjfQD39KxaHSMMnptijVHaNJYxfatl,Foto,,Total,0,--,370,5,0,5,0,0,347,607,,
1450265513804717,100064638461970,Supersubsidio,"¡Presencia y compromiso en el Chocó! 🐋

La Superintendente Sandra Viviana Cadena Martínez visitó COMFACHOCÓ para verificar de primera mano los servicios que transforman vidas en la región: educación de calidad, atención a la niñez, recreación y protección social para los trabajadores y sus familias.

Porque la supervisión no es solo revisión de cifras — es compromiso con cada rincón del país y cuidar los recursos que pertenecen a las familias trabajadoras de Colombia. 🇨🇴

#Supersubsidio #SupervisarEsCuidar #SubsidioFamiliar #Chocó",0,05/13/2026 14:57,https://www.facebook.com/SuperSubsidio/posts/pfbid02YZdRjQYnsjPBwbLCXFZCfN9H593dqozonXQoXsDVAU3MPn6ptmKsVoB5eUvsCtHUl,Foto,,Total,0,--,1274,6,0,6,0,0,1221,1808,,
1451166140381321,100064638461970,Supersubsidio,"🌊 ¡Llegamos al paraíso de Nuquí! 📍

En este segundo día de nuestra jornada por el Chocó, la Superintendente aterrizó en este rincón del Pacífico para verificar de primera mano la ampliación del Centro Vacacional Oquendo. 🏠✨

Sabemos que el turismo social es clave para fortalecer los lazos familiares y el espíritu. Por eso, estamos supervisando estas nuevas instalaciones de Comfachocó que incluyen:

✅ 10 cabañas familiares totalmente renovadas.
✅ Piscina frente al mar.
✅ Dos quioscos para el descanso de los afiliados.

Seguimos recorriendo el departamento para asegurar que los recursos de las Cajas se traduzcan en mejores experiencias y bienestar para toda la comunidad chocoana. 🇨🇴

#Supersubsidio #SupervisarEsCuidar #SubsidioFamiliar #Chocó",0,05/14/2026 12:57,https://www.facebook.com/SuperSubsidio/posts/pfbid049ee7c8w3j9VKqp9pa6WRYQYadcDdvewJGF6Hw6iqFAmskqKGPqrZMtCM3Pn7KnZl,Foto,,Total,0,--,2289,18,-2,17,0,1,2239,3426,,
1451227930375142,100064638461970,Supersubsidio,"Seguimos en territorio, conociendo de cerca los retos y oportunidades de nuestra gente. 📍

Hoy desde Nuquí, Chocó, recorremos las Cabañas Oquendo de Comfachocó. Un espacio de turismo social diseñado para que las familias colombianas disfruten de un descanso digno frente al Pacífico. 🇨🇴✨

Trabajamos por una ejecución eficiente y transparente para que el impacto social sea real en cada región del país. 🤝

#Supersubsidio #SupervisarEsCuidar #SubsidioFamiliar #Chocó",52,05/14/2026 14:58,https://www.facebook.com/reel/1366084682235149/,Reel,,Total,3,+0.5x,6306,48,1,46,2,0,6032,6488,4.118,25110.093
1451292060368729,100064638461970,Supersubsidio,"¡El Chocó es territorio de vida y transformación! 🇨🇴✨

La Superintendente Sandra Viviana Cadena Martínez visitó COMFACHOCÓ para conocer de cerca el trabajo que esta Caja de Compensación realiza cada día por las familias chocoanas: niños en sus primeros años de vida, estudiantes que lideran rankings nacionales, adultos mayores acompañados, jóvenes en formación… y hasta cabañas frente al Pacífico para que el descanso también sea un derecho.

Esto es el subsidio familiar en acción. Esto es bienestar real en el territorio. 💙

#Supersubsidio #SupervisarEsCuidar #SubsidioFamiliar #Chocó",178,05/14/2026 17:09,https://www.facebook.com/reel/2494488450980808/,Reel,,Total,0,+1.9x,5727,63,1,67,0,3,5588,6163,7.48,43941.897
1455673156597286,100064638461970,Supersubsidio,"🏠 Si quieres acceder al subsidio de vivienda que otorgan las Cajas de Compensación familiar en este 2026, presta mucha atención a los requisitos que debes cumplir.

📝 Si cumples con los requisitos mencionados, acércate a tu caja de compensación familiar para solicitar información sobre el proceso de aplicación y presta mucha atención a las instrucciones para aplicar de forma correcta.

#SubsidioDeVivienda #SubsidioFamiliar #Subsidios #Supersubsidio #SubsidioVivienda",0,05/19/2026 08:37,https://www.facebook.com/SuperSubsidio/posts/pfbid02YDeJ7Z58phxE2Q5uXL8VDmS6MnUnBZeoRjprJGAFycSjVsuZ2GFM7eFcT681YQC8l,Foto,,Total,11,--,6758,177,4,92,21,64,6399,11939,,
1458575179640417,100064638461970,Supersubsidio,"🇨🇴 Nuestra Superintendente, Sandra Viviana Cadena Martínez, llegó a Puerto López, Meta, para verificar la inauguración de la nueva sede del Colegio Cofrem.

📝 Esta infraestructura escolar de 2.969 m² con diseño modular de vanguardia ofrece espacios dignos y de calidad para el aprendizaje. Una infraestructura diseñada no solo con tecnología y confort, sino con la convicción de que más de 400 estudiantes merecen una educación que transforme sus vidas.

🛡️ Seguimos recorriendo los territorios para verificar que los recursos del Sistema del Subsidio familiar se inviertan con eficacia y eficiencia en el bienestar de los trabajadores y sus familias.

#Supersubsidio #SupervisarEsCuidar #SubsidioFamiliar #Meta",0,05/22/2026 12:06,https://www.facebook.com/SuperSubsidio/posts/pfbid01C5djDSzaiwCCvApwvUCmq5M36GReQ6PtbkYBMVybd5manE9xn6mMQLAYNBKHzUMl,Foto,,Total,4,--,6269,65,2,95,0,19,6026,10770,,
1458630696301532,100064638461970,Supersubsidio,"📍 ¡La Supersubsidio en Montería!

Durante tres días, nuestra Oficina de Protección al Usuario lideró el COMTAC junto a las Cajas de Compensación Familiar, trabajando por un sistema más humano, eficiente y centrado en el ciudadano. 🤝

Porque proteger a los afiliados no es solo una función, es nuestra razón de ser. 💪

#Supersubsidio #SupervisarEsCuidar #SubsidioFamiliar",0,05/22/2026 13:45,https://www.facebook.com/SuperSubsidio/posts/pfbid02jhVq5Dh36LqBFGxp29X5CsU7758RPUNBRdkzUWUS2ZmWcRPPpSeWE2A2wKvBj611l,Foto,,Total,0,--,907,13,1,13,0,2,878,1350,,
1458649596299642,100064638461970,Supersubsidio,"¡Llegamos a Cartagena con los Laboratorios de Simplicidad! 🇨🇴✨

​A través de nuestra Oficina de Protección al Usuario, visitamos Comfenalco y Comfamiliar Cartagena y Bolívar. ¿El objetivo? Trabajar de la mano con los afiliados para que la información sobre subsidios, servicios y trámites sea útil, clara y sin barreras.

​Porque una información clara es el primer paso hacia una protección real. 👥💼

​#Supersubsidio #SupervisarEsCuidar #Cartagena #SubsidioFamiliar",0,05/22/2026 14:18,https://www.facebook.com/SuperSubsidio/posts/pfbid02LbvhbJ7TiDhtVmMjgQvhSZMuwL175USTLJRiwEFtZEnQa5yKFvB43KDKhE84EyNQl,Foto,,Total,0,--,414,2,0,2,0,0,395,648,,
1458815272949741,100064638461970,Supersubsidio,"🇨🇴 Nuestra Superintendente, Sandra Viviana Cadena Martínez, llegó a Restrepo, Meta, para verificar la inauguración de la nueva sede del Colegio Cofrem Restrepo, un edificio de 3.900 m² construidos, diseñado para el futuro de la juventud en el Meta.

📝 Esta infraestructura de 5 niveles, que beneficia a más de 400 alumnos, cuenta con 9 aulas modernas, Laboratorio Integral, Sala TIC y Salón de Música, garantizando entornos de aprendizaje de alta calidad.
 
🔍 La superintendente no llegó al Meta solo a hacer presencia.
Llegó a verificar, en persona, que los recursos que miles de trabajadores aportan cada mes se conviertan en bienestar real.
Llegó a escuchar al territorio.
Llegó a garantizar que el sistema funciona.

🛡️ Porque detrás de cada recurso que vigilamos y de cada pizca de confianza que protegemos, están los sueños de más de 229.000 afiliados y sus familias en este departamento. Transformar el aporte empresarial en bienestar real... esa es nuestra verdadera misión. Porque supervisar también es cuidar.

Superintendencia del Subsidio Familiar, ¡Con dignidad cumplimos! 💙

#Supersubsidio #SupervisarEsCuidar #SubsidioFamiliar #Meta",0,05/22/2026 19:42,https://www.facebook.com/SuperSubsidio/posts/pfbid0yjMBAZtUiGATG4NfxtK2btCr1JswQvgDAHzmpxSjkeaaFvEUgBFr7ZePEtoMjBXl,Foto,,Total,1,--,2198,25,0,32,0,8,2110,3562,,
1459440582887210,100064638461970,Supersubsidio,"🎙️ ""Cuando se gestiona con eficiencia, transparencia y vocación de servicio, ocurren cosas como esta. No una, sino dos inauguraciones en el mismo día. Dos comunidades que hoy tienen más que ayer. Cientos de familias que esta noche se van a dormir con algo que no tenían esta mañana: una certeza cumplida y una ilusión que, por fin, tiene dónde volverse real. El Meta hoy tiene dos colegios más. Una vez más, esto es una prueba de que se está apostando por la niñez, por la educación y por el futuro.

A los niños y jóvenes que van a estudiar aquí: este colegio es el comienzo de algo. No sabemos exactamente de qué, y eso es lo más emocionante. El futuro que van a construir entre estas paredes todavía no existe. Lo van a escribir ustedes, con sus maestros, con sus amigos, con sus errores y con sus logros.
Y a todos los que hacemos parte de este sistema, les digo: nuestra tarea no terminó con el acto de hoy. Empieza aquí. Asegurémonos de que estas obras duren, de que estos niños tengan lo que necesitan, de que la promesa que hicimos hoy se cumpla mañana, y pasado, y siempre.

Gracias a todos los que creen que vale la pena seguir construyendo.""

-Sandra Viviana Cadena Martínez, Superintendente del Subsidio Familiar. 💙

#Supersubsidio #SupervisarEsCuidar #SubsidioFamiliar #Meta",142,05/23/2026 11:50,https://www.facebook.com/reel/2332807790580533/,Reel,,Total,0,+2.7x,2380,52,9,43,3,20,2113,2541,7.599,18010.354
1459525622878706,100064638461970,Supersubsidio,"🤝 ¡Supersubsidio presente en el Huila!

Nuestra Oficina de Protección al Usuario participó en el conversatorio ""Perspectivas del Subsidio Familiar"", escuchando de primera mano las inquietudes y necesidades de los trabajadores huilenses.
Porque nuestro compromiso es garantizar que el Subsidio Familiar llegue a quienes más lo necesitan, con calidad y transparencia. 🇨🇴

#Supersubsidio #SupervisarEsCuidar #SubsidioFamiliar #Huila",0,05/23/2026 14:14,https://www.facebook.com/SuperSubsidio/posts/pfbid0YVv9cyRiakinEUy5unSvNc6XDsZt3mKDZsthomDprmKi4jsdNsm6xRXuHH8kbRpNl,Foto,,Total,0,--,649,2,0,2,0,0,630,954,,
1461092779388657,100064638461970,Supersubsidio,"📝 El Mecanismo de Protección al Cesante es una política del Gobierno Nacional de Colombia, administrada por las Cajas de Compensación Familiar, diseñada para amparar a las personas que han perdido su empleo.

🛡️ A diferencia del concepto general de desempleo, este mecanismo se enfoca específicamente en el cesante (alguien que tenía un trabajo formal y lo perdió), buscando garantizar su seguridad social, brindarle un alivio financiero y facilitar su reincorporación al mercado laboral.

Desliza y aprende más sobre este derecho 👉

#SubsidioFamiliar #Supersubsidio #SupervisarEsCuidar #Subsidios",0,05/25/2026 08:29,https://www.facebook.com/SuperSubsidio/posts/pfbid0jnxbgaKvwdgvtDzwxToY5RdnThQ1ie2DyVZ2ViCw19BmutrgnKi2jqZKU8Ptaiyrl,Foto,,Total,1,--,1667,29,0,20,3,5,1608,2457,,
1461246709373264,100064638461970,Supersubsidio,"🛡️ ¡Seguimos comprometidos con una gestión responsable y al servicio de la ciudadanía!

Durante la visita ordinaria a la Caja de Compensación Familiar COMCAJA, se fortalece el seguimiento y acompañamiento, validando:

✅ El cumplimiento normativo.
✅ La calidad de los servicios.
✅ La adecuada gestión de los recursos del Sistema del Subsidio Familiar.

#Supersubsidio #SupervisarEsCuidar #SubsidioFamiliar",0,05/25/2026 12:27,https://www.facebook.com/SuperSubsidio/posts/pfbid02HxbW8kTtHDNNKVnigtEmWpw7fx8ShK5suYmLGTv8BbSFVKHyp6zqNG1fbttW7dv1l,Foto,,Total,0,--,1504,9,0,11,0,0,1462,2076,,
1461376239360311,100064638461970,Supersubsidio,"Así ejercemos nuestra labor de inspección y vigilancia desde Risaralda: auditando que los recursos del sistema de subsidio familiar lleguen a quienes más los necesitan. 🔍💼

#Supersubsidio #SupervisarEsCuidar #Risaralda #SubsidioFamiliar",0,05/25/2026 16:35,https://www.facebook.com/SuperSubsidio/posts/pfbid02UTSbGd7RwbvP9ZugvbBnm6YNCQ9oCwyZCju67C4q1aYi6fYW1yJgjEtUQ4Mi9U3yl,Foto,,Total,0,--,912,4,0,4,0,0,900,1284,,
1463077455856856,100064638461970,Supersubsidio,"¡Garantizando el rigor técnico en las regiones! 🇨🇴✨

Desde la Supersubsidio, a través de la Delegada para Estudios Especiales y Evaluación de Proyectos, adelantamos una jornada de supervisión en el Parque Consotá de la Caja de Compensación Familiar de Risaralda.

Actualmente nos encontramos en proceso de revisión, evaluación y seguimiento de los frentes de obra clave. Estaremos validando toda la información recopilada para verificar que cada intervención atienda rigurosamente los estándares técnicos y normativos que deban cumplir. 👷‍♂️📋

Nuestro compromiso es supervisar cada detalle para proyectar espacios verdaderamente seguros, modernos y de calidad para el disfrute de la comunidad.

#Supersubsidio #SupervisarEsCuidar #SubsidioFamiliar #Risaralda",0,05/27/2026 13:11,https://www.facebook.com/SuperSubsidio/posts/pfbid034hKSBwDFQsL3zdVHTMs7CwyXSptphngueykTbtBGzK8NBsYB6rkpSxEytcufyR4Ll,Foto,,Total,0,--,503,5,0,5,0,0,495,741,,
1463893582441910,100064638461970,Supersubsidio,"💻 Para inscribirte en los cursos debes enviar un correo electrónico a ssf@ssf.gov.co con el asunto ‘Inscripción cursos SSF’, incluyendo tu nombre completo, número de cédula y correo electrónico. Una vez recibamos tu solicitud, en un plazo máximo de tres (3) días hábiles te enviaremos la confirmación de inscripción y el paso a paso para acceder a los contenidos.

#SubsidioFamiliar #Supersubsidio #SupervisarEsCuidar #CursosGratis",0,05/28/2026 09:51,https://www.facebook.com/SuperSubsidio/posts/pfbid02NjYzviULdCZxcdF3dDJobnUYqavd4qputwwAHKYCmk6ZUHZ2Zy8LmxdaKdBJ6XFvl,Foto,,Total,2,--,2035,29,1,18,2,7,1988,3037,,
1465099688987966,100064638461970,Supersubsidio,"🔍 ¡Trabajamos en territorio por el bienestar y la transparencia!

Realizamos una visita de inspección a COMFACUNDI para verificar de primera mano el cumplimiento normativo y asegurar que los servicios se presten con la calidad que los afiliados merecen.

Nuestro propósito fundamental es garantizar que cada recurso del subsidio familiar se administre con total eficiencia y se transforme en beneficio real para todas las familias.

📊 Desliza para conocer el impacto de esta caja en cifras y ver cómo se respaldan las oportunidades de la región.

#Supersubsidio #SupervisarEsCuidar #SubsidioFamiliar",0,05/29/2026 15:02,https://www.facebook.com/SuperSubsidio/posts/pfbid02jef97x4txGZ8DRS35UAdQvTQMPYbqTo6jsLivbp4znF7t66Z4NdNHF9vUR2AZwfYl,Foto,,Total,0,--,2830,4,1,4,0,0,2834,3835,,
1465199048978030,100064638461970,Supersubsidio,"¡Gracias Barranquilla por permitirnos crecer juntos! 🇨🇴✨

Del 25 al 28 de mayo, nuestra Oficina de Protección al Usuario (OPU) trasladó su Estrategia de Educación Informal a Barranquilla.

De la mano de Cajacopi, Comfamiliar Atlántico y Combarranquilla, visitamos 9 empresas y capacitamos a más de 200 trabajadores sobre sus derechos en el Sistema del Subsidio Familiar. Creemos firmemente que la información no es solo conocimiento... ¡es la herramienta que transforma vidas! 💼💡

Desde la Supersubsidio seguimos recorriendo el país con un propósito que nos mueve: que cada persona conozca sus derechos y descubra en ellos una oportunidad para crecer, avanzar y construir un mejor futuro. 🤝

#Supersubsidio #SupervisarEsCuidar #Barranquilla #Atlántico #SubsidioFamiliar",87,05/29/2026 17:50,https://www.facebook.com/reel/1526313019113465/,Reel,,Total,0,-7.9x,864,4,1,4,0,0,804,866,3.203,2646.447
1468755665289035,100064638461970,Supersubsidio,"Conoce y aprovecha los beneficios a los que tienes derecho como trabajador afiliado al Sistema del Subsidio Familiar. 🏠💵

#SubsidioFamiliar #CajasDeCompensación #Subsidios #Supersubsidio #SupervisarEsCuidar",0,06/02/2026 08:54,https://www.facebook.com/SuperSubsidio/posts/pfbid0MKRkXXoyvSWEGFtxTpwKEDp55gZGGAVJGd7TTcvH8xUYA2AJtj9pBePu4ycCtiARl,Foto,,Total,2,--,2450,39,0,27,1,11,2345,3449,,
1470041015160500,100064638461970,Supersubsidio,"🔍 ¡Supervisión al servicio de las familias colombianas en Barranquilla!

Nuestra visita de inspección y vigilancia a Cajacopi verificó el estado de operaciones de esta Caja de Compensación: más de 64.000 trabajadores afiliados, $112.657 millones en aportes parafiscales y miles de familias beneficiadas a través de subsidios, educación y recreación.

Así cumplimos nuestra misión: supervisión al servicio de las familias colombianas. 🇨🇴

👉 Desliza y conoce los detalles.

#Supersubsidio #SupervisarEsCuidar #SubsidioFamiliar #Barranquilla",0,06/03/2026 15:56,https://www.facebook.com/SuperSubsidio/posts/pfbid0sUs5g4ujUYZzuMDTDjMzzkyuVYvrpMRwZ5XFoc3uijMCtm6urkS5aWCT2u495ztSl,Foto,,Total,1,--,745,10,-1,10,0,0,727,1156,,
1471005195064082,100064638461970,Supersubsidio,"🌈 En el Mes del Orgullo LGBTI, la Superintendencia del Subsidio Familiar reafirma su compromiso con la diversidad, la equidad y la inclusión laboral.

Porque en Bogotá —y en todo Colombia— el bienestar es para todas las personas, sin distinción.

¡Seguimos construyendo un mercado laboral donde todos tengan un lugar! 💙

#Supersubsidio #SupervisarEsCuidar #SubsidioFamiliar #MesDelOrgullo #InclusiónLaboral",0,06/04/2026 16:01,https://www.facebook.com/SuperSubsidio/posts/pfbid0PMp1VDwgGxU6JEQ74i19Li7TRY6TJXaz6mcJRv8kDywTM5ky4ZFkiw54n1EGXzCil,Foto,,Total,0,--,690,5,0,4,0,1,696,879,,
1471672688330666,100064638461970,Supersubsidio,"✊ Si todos nos comprometemos, los beneficios son reales: salvamos millones de litros de agua para regiones con escasez, reducimos la huella de carbono y evitamos el colapso de nuestros rellenos sanitarios.

En el Día Mundial del Medio Ambiente, desde la Superintendencia del Subsidio Familiar nos unimos al cambio. ¿Y tú, con qué te comprometes hoy? 🌱🌎

#Supersubsidio #SupervisarEsCuidar #DíaDelMedioAmbiente #SubsidioFamiliar #MedioAmbiente",107,06/05/2026 07:44,https://www.facebook.com/reel/1723037708877148/,Reel,,Total,0,-1.3x,1255,12,1,12,0,0,1108,1282,6.112,7317.087
1475863511244917,100064638461970,Supersubsidio,"🔍 Visita Ordinaria de Inspección | COMFAGUAJIRA.

Desde la Supersubsidio realizamos una visita de inspección a la Caja de Compensación Familiar de La Guajira - COMFAGUAJIRA, revisando su información financiera, operativa y social correspondiente a las vigencias 2025 y 2026.

Nuestro compromiso: vigilar que el Sistema del Subsidio Familiar cumpla su misión y llegue a quienes más lo necesitan. 💙

#Supersubsidio #SupervisarEsCuidar #Guajira #SubsidioFamiliar",0,06/09/2026 17:02,https://www.facebook.com/SuperSubsidio/posts/pfbid0e4JffFQR8XCpJhCLcrpDvY3cLAzo3ccmWzuyBstGh9dDYdLtMtgMz5oXRcRV6K2tl,Foto,,Total,0,--,1410,8,1,9,0,1,1414,2130,,
1476421787855756,100064638461970,Supersubsidio,"La Superintendencia del Subsidio Familiar te invita a participar en las jornadas de la  Estrategia de Educación Informal para la población LGBTIQ+.

Conoce tus derechos, los beneficios del Sistema del Subsidio Familiar, los canales de  atención y los mecanismos de participación ciudadana.

Desliza para conocer la agenda 👉

#Supersubsidio #SupervisarEsCuidar #SubsidioFamiliar",0,06/10/2026 06:59,https://www.facebook.com/SuperSubsidio/posts/pfbid02q1oEjMJot1YDzfXYgDFfR1gofemW9hdGobU21qxYii8TkG793jNnjm2ueXs9jjcnl,Foto,,Total,0,--,603,2,0,1,0,2,591,854,,
1476559051175363,100064638461970,Supersubsidio,"¡Cuidamos los recursos que transforman vidas! 🇨🇴✨

En desarrollo de nuestras funciones de inspección y vigilancia, auditamos más de $53.000 millones en proyectos de inversión de la Caja de Compensación Familiar del Meta (COFREM).

Nuestro objetivo es garantizar la correcta ejecución de los recursos del Subsidio Familiar, asegurando que se transformen en beneficios reales para los trabajadores y sus familias.

#Supersubsidio #SupervisarEsCuidar #SubsidioFamiliar #Meta",0,06/10/2026 09:55,https://www.facebook.com/SuperSubsidio/posts/pfbid02Y49CNgmeDYu7xP2D8WbuYkAHNCbMqDSE5TjUeDdUGGreBd6tMqctbsbyBF72sjo3l,Foto,,Total,1,--,3188,12,2,11,0,1,3050,4332,,
1477417041089564,100064638461970,Supersubsidio,"🏠 REQUISITOS PARA ACCEDER AL SUBSIDIO DE VIVIENDA FAMILIAR EN EL 2026. 💵

Si quieres acceder al subsidio de vivienda que otorgan las Cajas de Compensación familiar en este 2026, presta mucha atención a los requisitos que debes cumplir:

1. Estar afiliado a una Caja de Compensación (como trabajador dependiente o independiente) y cumplir sus requisitos específicos de aplicación.

2. Los ingresos totales del hogar no pueden superar 4 SMMLV, contando a todos los miembros del grupo familiar.

3. El subsidio aplica para compra, construcción o mejoramiento. Para compra, no puedes ser propietario de otro inmueble. Para construcción o mejoramiento, un miembro del grupo familiar debe ser propietario.

4. No haber sido beneficiario del subsidio anteriormente, salvo excepciones establecidas por ley.

5. Identifica proyectos con registro VIS o VIP vigente. El precio de VIS no puede superar 135 SMMLV (o 150 SMMLV en ciudades con más de 1 millón de habitantes). El tope para VIP es 90 SMMLV. Estos valores deben ser los proyectados a la fecha de escrituración. Al separar el inmueble, el constructor entregará una promesa de compraventa o encargo fiduciario, documento exigido por muchas Cajas.

6. Demuestra cómo cubrirás el saldo restante: con ahorro programado o pre-aprobación de crédito bancario.

7. Reúne la documentación que exija tu Caja:

✅ Formulario de postulación diligenciado y firmado.
✅ Fotocopia de documentos de identidad de todo el grupo familiar.
✅ Certificación laboral vigente (máx. 60 días) de los integrantes que trabajen.
✅ Certificación de ingresos para independientes o pensionados.
✅ Pre-aprobación o aprobación de crédito hipotecario o leasing habitacional.
✅ Certificación de ahorro y cesantías, si aplica.
✅ Certificado médico en caso de discapacidad.

Si cumples con los requisitos mencionados, acércate a tu caja de compensación familiar para solicitar información sobre el proceso de aplicación y presta mucha atención a las instrucciones para aplicar de forma correcta.

#SubsidioDeVivienda #SubsidioFamiliar #Subsidios #Supersubsidio #SubsidioVivienda",0,06/11/2026 08:22,https://www.facebook.com/SuperSubsidio/posts/pfbid0pF8cdgX9cBLqye7YzJbegHdh6U9n9LQxD21z8mcfiLPVX13vJ8urykd1o3Bbuj2yl,Foto,,Total,71,--,281984,1528,543,920,236,375,278061,414358,,
1477662391065029,100064638461970,Supersubsidio,"¡Tu voz es clave para construir una gestión transparente! 🗣️✨

Te invitamos a ser parte activa de la Audiencia Pública de Rendición de Cuentas 2026-I de Supersubsidio. Queremos conocer de primera mano cuáles son los temas que más te interesan de nuestra gestión en este periodo.

🗓️ ¿Hasta cuándo tienes plazo?

La convocatoria estará abierta hasta el 30 de junio de 2026. ¡No dejes pasar la oportunidad de participar!

📲 ¿Cómo puedes aportar?

Es muy fácil: toma una captura de pantalla y escanea el código QR de esta imagen para registrar tus propuestas y temas de interés.

¡Supervisando para avanzar, trabajando para transformar! 🇨🇴💪

#Supersubsidio #RendiciónDeCuentas #ParticipaciónCiudadana #SubsidioFamiliar #SupervisarEsCuidar",0,06/11/2026 14:15,https://www.facebook.com/SuperSubsidio/posts/pfbid0TWBZ3J7dcnoDDnzizPtUG1Y7FTwsHTGrybTFNmomr5rGp8pvayg9Xixt9zKr6K6Xl,Foto,,Total,0,--,674,4,-1,4,0,0,672,978,,
1478256064338995,100064638461970,Supersubsidio,"🔧 Aviso importante | Mantenimiento programado.

Nuestra sede electrónica estará temporalmente fuera de servicio desde el viernes 12 de junio a las 4:00 p. m. hasta el sábado 13 de junio a las 4:00 p. m., mientras realizamos mejoras técnicas para ofrecerte una plataforma más segura y eficiente.

Agradecemos tu comprensión. ✅

📌 Oficina de las Tecnologías de la Información y las Comunicaciones – Supersubsidio

#Supersubsidio #SupervisarEsCuidar #SubsidioFamiliar",0,06/12/2026 06:00,https://www.facebook.com/SuperSubsidio/posts/pfbid02yCXvM7W1fP6Zbv7twa65jvhHDP83MFY6BFS4MiKGVR7e2PChQQgpwsUzeBTeCCi2l,Foto,,Total,0,--,1149,3,1,2,0,1,1124,1531,,
1478491980982070,100064638461970,Supersubsidio,"🔍 ¡En el Meta, la supervisión llega hasta donde las familias lo necesitan!

Nuestros equipos están en terreno en Puerto López, verificando que cada peso destinado a las Cajas de Compensación Familiar se traduzca en bienestar real para la comunidad.

✅ Auditoría en ejecución al proyecto de compra de lote y adecuación del Colegio COFREM — una inversión de $6.200 millones de pesos bajo la lupa del control institucional.

Porque la transparencia no se declara: se demuestra en el territorio.

#Supersubsidio #SupervisarEsCuidar #SubsidioFamiliar #Meta",0,06/12/2026 12:21,https://www.facebook.com/SuperSubsidio/posts/pfbid025tzhtTdd9HQzDSx4da7ZVRRfWiAGLt2Y39nUyUypvj8Ar4sAXTbVBwie2cReUzKdl,Foto,,Total,0,--,746,3,0,2,0,1,717,1068,,
1478694114295190,100064638461970,Supersubsidio,"Desde Barranquilla, en el ENAFED 2026, reafirmamos que el Trabajo 4.0 no se trata de máquinas: se trata de personas. 🤝

Las Cajas de Compensación tienen un rol clave en esta transformación, y Supersubsidio acompaña ese camino con supervisión inteligente, basada en 4 pilares: aprendizaje permanente, inclusión digital con propósito, servicios basados en datos y confianza como activo estratégico. 💡

El futuro del empleo en Colombia se construye hoy. 🇨🇴

#Supersubsidio #SupervisarEsCuidar #SubsidioFamiliar #ENAFED2026",0,06/12/2026 18:06,https://www.facebook.com/SuperSubsidio/posts/pfbid0YQM76dwDEfgy1mUFaCqgrb8JaN1cuxWmjBxnxPfrv3NK5KEb9qn4fj5WySyCf477l,Foto,,Total,0,--,1146,4,0,4,0,0,1136,1668,,
1479217347576200,100064638461970,Supersubsidio,"🌿 Risaralda, gracias por recibirnos.

Del 6 al 9 de junio, nuestra Oficina de Protección al Usuario estuvo en el corazón del Eje Cafetero llevando educación informal a trabajadores rurales de 10 empresas del departamento.

Porque cuando la información llega a quien la necesita, se convierte en poder. 

💙 La ruta sigue.

#Supersubsidio #SupervisarEsCuidar #SubsidioFamiliar #Risaralda",68,06/13/2026 07:25,https://www.facebook.com/reel/1348367520503545/,Reel,,Total,0,-15.4x,522,5,0,5,0,0,463,505,4.327,2099.044
1479435730887695,100064638461970,Supersubsidio,"¡Llegamos a Antioquia con un mensaje de inclusión y derechos! 🏳️‍🌈✨

Del 10 al 12 de junio de 2026, nuestra Oficina de Protección al Usuario lideró en Antioquia las Jornadas de Capacitación y Atención Focalizada para la población LGBTIQ+, en un esfuerzo articulado con Comfama y Comfenalco Antioquia.

Trabajamos activamente en Medellín y Rionegro para escuchar las necesidades reales de los afiliados y la ciudadanía, reafirmando nuestro compromiso con el acceso equitativo y sin discriminación al Sistema del Subsidio Familiar. 🤝

#Supersubsidio #SupervisarEsCuidar #SubsidioFamiliar #Inclusión #Antioquia",0,06/13/2026 12:35,https://www.facebook.com/SuperSubsidio/posts/pfbid02ELoXmRcptD7LRuTvLFEB525MbDYtafDXs8cec28KL3ZavUbMQBXvA15PCUYuttKfl,Foto,,Total,0,--,610,3,0,3,0,0,576,907,,
1479651940866074,100064638461970,Supersubsidio,"🌿 Del 10 al 12 de junio estuvimos en el Departamento del Chocó, llevando nuestra Estrategia de Educación Informal a trabajadores con discapacidad para que conozcan y ejerzan sus derechos como afiliados al Sistema del Subsidio Familiar.

Porque supervisar también es llegar a quienes más lo necesitan. 💙

👉 Desliza y conoce todo lo que hicimos en territorio.

#Supersubsidio #SupervisarEsCuidar #SubsidioFamiliar #Chocó",81,06/13/2026 18:50,https://www.facebook.com/SuperSubsidio/posts/pfbid02dofptsNTJ2NgPfrh4EqYvyaU1m8BMSMyCZBDBjND6YbR8aDtdDAwn8NvZ7Ctm62ql,Contenido,,Total,0,--,3884,4,-1,3,0,3,3456,2895,,
1480104990820769,100064638461970,Supersubsidio,"👨‍👧‍👦 A los que madrugan, a los que llegan cansados y aún así dan todo, a los que enseñan con el ejemplo: ¡Feliz Día del Padre!

Hoy les rendimos un homenaje especial a todos los papás de Colombia, esos que sostienen, cuidan y guían cada día con amor y dedicación. 💙

Desde la Superintendencia del Subsidio Familiar, ¡gracias por ser el pilar de sus familias! 🙌

#Supersubsidio #SupervisarEsCuidar #FelizDíaDelPadre #DíaDelPadre #SubsidioFamiliar",80,06/14/2026 06:10,https://www.facebook.com/reel/1478173570188752/,Reel,,Total,0,-2.6x,1128,11,0,10,0,3,1127,1184,3.476,3945.601
1482133097284625,100064638461970,Supersubsidio,"🔧 Aviso importante | Mantenimiento programado.

Nuestra sede electrónica estará temporalmente fuera de servicio desde el martes 16 de junio a las 4:00 p. m. hasta el miércoles 17 de junio a las 5:00 a. m., mientras realizamos mejoras técnicas para ofrecerte una plataforma más segura y eficiente.

Agradecemos tu comprensión. ✅

📌 Oficina de las Tecnologías de la Información y las Comunicaciones – Supersubsidio

#Supersubsidio #SupervisarEsCuidar #SubsidioFamiliar",0,06/16/2026 08:24,https://www.facebook.com/SuperSubsidio/posts/pfbid0taKF5pQnrk1BQSuAgKhBuZV8QjoN98nW6aftxn9eper5ua3XTStRZSCSpYU4zcKel,Foto,,Total,0,--,558,1,0,0,0,1,531,778,,
1482341877263747,100064638461970,Supersubsidio,"Si quieres acceder al Subsidio Familiar que otorgan las Cajas de Compensación Familiar en este 2026, presta mucha atención a todo lo que debes saber. 💵👨‍👩‍👧‍👦 

#SubsidioFamiliar #Subsidios #Supersubsidio #SupervisarEsCuidar",0,06/16/2026 13:39,https://www.facebook.com/SuperSubsidio/posts/pfbid02Dg9EFgScEtQVVPKf4ABPLfNWzV34nnade9zQdieCmdV8hPaQ6bcg6S3UuqKhTz8Wl,Foto,,Total,9,--,48252,376,77,218,47,120,48437,75700,,
1483264507171484,100064638461970,Supersubsidio,"📍 ¡Trabajamos por el bienestar de las familias en el Putumayo!

En la Supersubsidio continuamos con nuestra tarea en territorio. Realizamos una visita especial de inspección y vigilancia a Comfamiliar Putumayo con el fin de auditar de cerca los proyectos de inversión en servicios administrativos, recreativos y educativos.

Vigilamos que cada recurso se traduzca en más y mejores oportunidades para todos los afiliados y sus familias.

#Supersubsidio #SupervisarEsCuidar #SubsidioFamiliar #Putumayo",0,06/17/2026 12:26,https://www.facebook.com/SuperSubsidio/posts/pfbid0oxrpbV4jHDygL91VgBie6BufBb3x9SqcAWWJojttuPx96cKDKLbgeqSXsidLmt7Ul,Foto,,Total,0,--,784,9,0,9,0,0,749,1210,,
1484167673747834,100064638461970,Supersubsidio,"🔍 Estamos en Nariño realizado labores de inspección, vigilancia y control en Comfamiliar Nariño, verificando que los recursos del Sistema del Subsidio Familiar lleguen con eficiencia y transparencia a los trabajadores y sus familias.

👉 Desliza y conoce los detalles de nuestra visita.

#Supersubsidio #SupervisarEsCuidar #SubsidioFamiliar #Nariño",0,06/18/2026 12:30,https://www.facebook.com/SuperSubsidio/posts/pfbid0kLJWYjwFPG2cChGxEihqCmT5QzJvHZnHzWSmCMizqjQoqC4qPCtEqQE59FgSJJBEl,Foto,,Total,2,--,2233,7,-1,7,0,0,2264,3184,,
1485078446990090,100064638461970,Supersubsidio,"Muchos confunden el Subsidio al Cesante con Subsidio al Desempleo. Aquí te explicamos la diferencia para que tengas claro este concepto. 📝

#SubsidioFamiliar #Supersubsidio #SupervisarEsCuidar #Subsidios",0,06/19/2026 13:16,https://www.facebook.com/SuperSubsidio/posts/pfbid0Q7w296rdLRnsxaKBGojMgKrbFDp7LM6abE2oDLJwU3XDbTsRHXenWhu3dDWTpKypl,Foto,,Total,0,--,10513,28,1,15,1,13,10448,14924,,
1487943123370289,100064638461970,Supersubsidio,"📋 Visita ordinaria a Comfenalco Antioquia.

La Supersubsidio realiza una visita ordinaria a Comfenalco Antioquia para verificar el cumplimiento normativo, los controles internos y la correcta administración de los recursos del Sistema del Subsidio Familiar.

Así seguimos garantizando transparencia en beneficio de los trabajadores y sus familias. 👨‍👩‍👧‍👦

#Supersubsidio #SupervisarEsCuidar #SubsidioFamiliar #Antioquia",0,06/22/2026 15:04,https://www.facebook.com/SuperSubsidio/posts/pfbid05mF1k4JgpfwagkrsBFJwa3fxFnUXbGz6SSDHkEZB3d8LThUHnN2NaJWv4AXoVx22l,Foto,,Total,0,--,1904,5,0,5,0,0,1860,2623,,
1489783139852954,100064638461970,Supersubsidio,"📍 Santa Marta | Supersubsidio audita en terreno los proyectos de inversión en servicios recreativos y administrativos de CAJAMAG.

💰 Monto auditado: $36.726 millones aproximadamente.

Verificamos que cada peso del sistema de subsidio familiar se administre con transparencia y eficiencia, en beneficio de los afiliados y sus familias. 🇨🇴

#Supersubsidio #SupervisarEsCuidar #SubsidioFamiliar #SantaMarta",0,06/24/2026 12:58,https://www.facebook.com/SuperSubsidio/posts/pfbid0JnDGWLRnUpVR1FBxZMW8YdnxoMt3XCje9bczeG5wN7TzVKSWfTdSiJCHnHwnLTwVl,Foto,,Total,2,--,956,5,0,3,0,0,920,1476,,
1490546669776601,100064638461970,Supersubsidio,"🏠 Si quieres acceder al subsidio familiar para construcción o mejoramiento de vivienda que otorgan las cajas de compensación, presta mucha atención a todo lo que necesitas saber.

📝 Para más información sobre el proceso de aplicación a este subsidio, consulta con tu caja de compensación familiar.

#SubsidioDeVivienda #SubsidioFamiliar #Supersubsidio #Subsidios",0,06/25/2026 08:15,https://www.facebook.com/SuperSubsidio/posts/pfbid0NWEHhDHzo5NtBi4zWGukHA1dNXp4m4UPHbajnq63pgspVAegxEchoGEQjuDyMT19l,Foto,,Total,17,--,63329,636,114,335,119,199,62955,96025,,
1491746899656578,100064638461970,Supersubsidio,"¡La innovación sigue transformando las regiones! 🚀✨

En Barranquilla,la Supersubsidio junto a cinco Cajas de Compensación Familiar y Fedecajas nos unimos en la II Asistencia Técnica Regional del Laboratorio SuperNova: dos días de Bootcamp, una Hackatón con grandes ideas y el nacimiento de una nueva Red de Innovación para seguir construyendo soluciones con impacto real para las familias colombianas. 🤝

#Supersubsidio #SupervisarEsCuidar #SubsidioFamiliar #InnovaciónSocial",0,06/26/2026 15:53,https://www.facebook.com/SuperSubsidio/posts/pfbid0VzTwgs8ftvAVeQkSaykqAoD1nGCpeBCz9jQEYenccGurDecex3R2JKCMXJQ2tF4l,Foto,,Total,0,--,1323,6,1,9,0,0,1297,1912,,
1492294766268458,100064638461970,Supersubsidio,"¡Ya somos más de 50.000 en esta comunidad! 🎉🇨🇴

​Queremos darles las gracias a cada uno de ustedes por seguirnos, interactuar con nuestro contenido y ser parte de la familia Supersubsidio. Llegar a este hito nos llena de alegría, pero sobre todo, reafirma nuestra misión.

​Hoy más que nunca, mantenemos nuestro compromiso firme de entregarles información interesante, clara y útil. Queremos que todas las familias trabajadoras de Colombia conozcan y hagan valer sus derechos como afiliados al Sistema del Subsidio Familiar. Nuestro motor es el bienestar de ustedes y el de sus seres queridos. 💙✨

​¡Gracias por la confianza y por ayudarnos a crecer día a día! 🚀

​#Supersubsidio #SupervisarEsCuidar #SubsidioFamiliar",0,06/27/2026 06:05,https://www.facebook.com/SuperSubsidio/posts/pfbid0PpnZ3HN1ajkzT2mcdgUezYCgEjKwdcfszE3JM2MT7WBYZXjzBF8kKK8muBKLW75Yl,Foto,,Total,1,--,8677,38,2,37,0,2,8607,11181,,
1493475556150379,100064638461970,Supersubsidio,"🌈 Todas las familias merecen igualdad de oportunidades, respeto y protección. En la Superintendencia del Subsidio Familiar trabajamos cada día para que así sea.

#Supersubsidio #SupervisarEsCuidar #SubsidioFamiliar #DíaDelOrgullo #InclusiónLaboral",0,06/28/2026 11:42,https://www.facebook.com/SuperSubsidio/posts/pfbid02a3FRrJG6iWvDFckpo3gpe69tB3H8XjCi6gF15VNVv6wisSgy8oujxvxCbTzH7pqbl,Foto,,Total,0,--,970,0,0,0,0,0,945,1351,,
1493507229480545,100064638461970,Supersubsidio,"¡Gracias, Superintendente Sandra Viviana Cadena Martínez! 💙✨

Hoy cerramos un capítulo imborrable en la historia de la Superintendencia del Subsidio Familiar. Hace 18 meses, el 30 de diciembre de 2024, la Dra. Sandra Viviana Cadena Martínez asumió el liderazgo de esta entidad con una visión, compromiso, entrega y corazón.

Bajo su dirección, la Supersubsidio rompió las barreras de la distancia y se tomó los territorios. Llegamos a las regiones más remotas de Colombia, llevando información, herramientas y soluciones directamente a las comunidades. Dejamos un legado de equidad al liderar pactos nacionales y acuerdos históricos. Además, bajo su guía se fortaleció la Oficina de Protección al Usuario, transformándola en un espacio de puertas abiertas que devolvió el poder y el conocimiento a los ciudadanos.

Gracias, Dra. Sandra Viviana, por demostrarnos que la gestión pública se hace con el corazón, por su rigor técnico, su sensibilidad social y por dejar una institución más fuerte, moderna y conectada con la gente. Su huella queda grabada en cada rincón del país que visitamos y en cada hogar colombiano impactado por su labor.

¡Los mejores deseos en sus nuevos proyectos y caminos! Su legado seguirá siendo nuestro faro para continuar construyendo un país más justo. 🇨🇴✨

#Supersubsidio #SupervisarEsCuidar #SubsidioFamiliar",193,06/28/2026 12:37,https://www.facebook.com/reel/1355919643146278/,Reel,,Total,7,+6.8x,6776,117,7,120,5,7,6228,7367,16.353,106592.661
1496173119213956,100064638461970,Supersubsidio,"📝 Damos la bienvenida al Dr. Antonio Eresmid Sanguino Páez, quien asume como Superintendente del Subsidio Familiar (E).

Le deseamos muchos éxitos en esta nueva responsabilidad y reiteramos nuestro compromiso de seguir trabajando, de manera articulada, por el fortalecimiento del Sistema de Subsidio Familiar y el bienestar de las familias colombianas. 🇨🇴

#Supersubsidio #SubsidioFamiliar",0,07/01/2026 07:17,https://www.facebook.com/SuperSubsidio/posts/pfbid02E8gSGvqqqPGKJY8r2xW7GVXVW1uPGijRpUeoWZbpFkUvqDgbfnJRx9d2VvJN6KzQl,Foto,,Total,9,--,22616,119,12,101,2,14,22707,31199,,
1497092185788716,100064638461970,Supersubsidio,"🏳️‍🌈 Unidos por la Diversidad 🏳️‍🌈

Nos unimos a este encuentro cultural que promueve la inclusión, la protección social y el trabajo digno para la comunidad LGBTIQ+, en articulación con la Corporación Caribe Afirmativo.

Porque nuestras diferencias nos enriquecen y nuestros derechos nos unen. 🌈

📅 Julio 7 | 2:00 pm - 5:00 pm

📍 Auditorio Fernando Abello Londoño, Comfamiliar Atlántico

¡Te esperamos en este conversatorio cultural! 💜

#Supersubsidio #SubsidioFamiliar",0,07/02/2026 07:14,https://www.facebook.com/SuperSubsidio/posts/pfbid02GnmyQtmqmAWcnN1dbQEksJsCLpqrnymVq9ugrtT5Mv9SNHc648KzeUFTWEjrYTxvl,Foto,,Total,0,--,998,4,-1,3,0,1,939,1415,,
1502029621961639,100064638461970,Supersubsidio,"🇨🇴 Somos un gobierno de puertas abiertas. No hay nada que ocultar.

Como lo ordena la ley y lo decidió el pueblo, el proceso de entrega del Gobierno continúa de cara al país: público, transparente y ante la ciudadanía.

Este mandato termina el 6 de agosto a las 12:00 de la noche. Hasta el último minuto seguiremos cumpliéndole a Colombia.

#EmpalmeAnteElPueblo",376,07/07/2026 08:53,https://www.facebook.com/reel/27561309850220219/,Reel,,Total,1,-0.9x,640,7,1,4,0,2,560,695,9.637,6091.12
1502944451870156,100064638461970,Supersubsidio,"🛡️ ¡Supervisión con propósito en el Tolima!

Estamos en Comfatolima verificando que los recursos de los trabajadores tolimenses se administren con transparencia y eficiencia. 🔍

Porque supervisar es proteger lo que es de todos: la niñez, la vivienda, el empleo y el bienestar de las familias colombianas. 🇨🇴

✅ Transparencia que genera confianza.
✅ Vigilancia que protege.
✅ Compromiso que transforma.

#Supersubsidio #SubsidioFamiliar #Tolima",0,07/08/2026 08:26,https://www.facebook.com/SuperSubsidio/posts/pfbid02FNRzn5hmmgdaAod6vV8gXx3Y56xLdXJ5pr6W1jNDC1R5EpGG5J1fZPHE38KNur5ul,Foto,,Total,1,--,2929,20,1,21,1,9,2931,4399,,
1502973075200627,100064638461970,Supersubsidio,"📢 La Superintendencia del Subsidio Familiar ordenó la intervención administrativa total de Comfamiliar Atlántico (Resolución No. 0527 del 6 de julio de 2026), por un término de 12 meses.

La medida busca proteger los recursos parafiscales del Sistema, fortalecer la gobernanza de la Caja y garantizar la continuidad de los servicios a los trabajadores afiliados y sus familias, tras evidenciarse riesgos en gobierno corporativo, contratación y administración financiera.

La actuación se adelanta con pleno respeto al debido proceso y las garantías constitucionales de la Corporación y sus administradores.

#Supersubsidio #SubsidioFamiliar",0,07/08/2026 09:01,https://www.facebook.com/SuperSubsidio/posts/pfbid021LNzndYoYUzv2MBh5kNdwfjNjFeeULpHYbguB8MJQ4qs9kskm2qDwuzCCWuEYVbdl,Foto,,Total,0,--,2626,9,0,5,0,4,2478,3452,,
1503169225181012,100064638461970,Supersubsidio,"📢 ¡Tu voz cuenta!

Conoce el Informe de Rendición de Cuentas 2022-2026 de la Superintendencia del Subsidio Familiar y participa en la Consulta Ciudadana.

Revisa los logros, avances y resultados de nuestra gestión y envíanos tus comentarios hasta el 29 de julio de 2026 al correo yaespinosag@ssf.gov.co 📩

🔗 Enlace 👉 https://www.ssf.gov.co/documents/d/guest/informe-rendicion-de-cuentas-ssf-2022-2026-publicacion-final

#RendiciónDeCuentas #Supersubsidio",0,07/08/2026 14:35,https://www.facebook.com/SuperSubsidio/posts/pfbid0gRajr17865kRZ3HcJarMEovwM2ZMEFwSGLycQLw1TywMBYtBiKGuUva9CyRnR93al,Foto,,Total,0,--,1444,5,0,4,0,2,1388,1871,,
1504598511704750,100064638461970,Supersubsidio,"¡La diversidad nos une y los derechos nos fortalecen! 🏳️‍🌈✨ 

Nuestra Oficina de Protección al Usuario (OPU) estuvo en Barranquilla con el encuentro ""Unidos por la Diversidad"", una estrategia junto a Caribe Afirmativo y las cajas de compensación del Atlántico donde logramos: 

🔹 Impactar a más de 100 personas de la población LGBTIQ+ sobre sus derechos en el subsidio familiar.

🔹 Capacitar al personal de atención de Cajacopi, Comfamiliar y Combarranquilla en enfoque de género y diversidad.

El conocimiento es el puente hacia la verdadera inclusión. ¡Desliza y conoce los detalles! ➡️

#Supersubsidio #SubsidioFamiliar #Inclusión",0,07/10/2026 06:59,https://www.facebook.com/SuperSubsidio/posts/pfbid085TkeNWodQ45PiHSy3MrBs6JjKLQbvhh1xg1R6gTa9D6ozeVAfRo76FxF9ZxG9u8l,Foto,,Total,0,--,1024,7,-1,5,1,1,977,1479,,
1505445191620082,100064638461970,Supersubsidio,"🇨🇴 Del 6 al 9 de julio de 2026, nuestra Oficina de Protección al Usuario (OPU) llegó hasta Córdoba para recorrer 10 empresas del departamento.

Fueron cuatro días inolvidables donde conversamos con los trabajadores afiliados y derribamos mitos a través de nuestra estrategia de educación informal.

Nos llevamos el corazón lleno de historias de esfuerzo, aprendizajes y valiosas conversaciones.

¡Gracias por recibirnos con tanto cariño, Córdoba! 💙

#Supersubsidio #SubsidioFamiliar #Córdoba",84,07/11/2026 07:20,https://www.facebook.com/reel/4360837590794991/,Reel,,Total,0,-3.8x,569,9,0,6,0,3,508,576,3.857,2121.739
1509292057902062,100064638461970,Supersubsidio,"📍 Visita ordinaria a Comfandi en Cali.

Supervisamos que los recursos parafiscales lleguen con transparencia y eficiencia a más de 658 mil trabajadores afiliados: vivienda, protección al desempleo, educación y empleabilidad.

Supervisión que se traduce en bienestar real. 🇨🇴

#Supersubsidio #SubsidioFamiliar #Cali",0,07/15/2026 15:27,https://www.facebook.com/SuperSubsidio/posts/pfbid02juHvR7ChMff4euYhRjGL1cofKfEa3AkzpVwxsmp8cpyjYGZTzGXo4hcCGCuEJU1xl,Foto,,Total,0,--,1716,9,0,9,0,0,1637,2804,,
1511745577656710,100064638461970,Supersubsidio,"🇨🇴 Este 20 de julio, el Presidente Gustavo Petro dará su último discurso público como jefe de Estado desde Ciudad Bolívar, en Bogotá, junto al pueblo colombiano.

Tras el desfile de nuestras Fuerzas Militares y de Policía, el Presidente se despedirá de las colombianas y los colombianos en un encuentro abierto para conmemorar el grito de Independencia y reconocer los avances de las reformas sociales impulsadas durante su Gobierno. 

📍 Plaza frente al Centro Comercial Gran Plaza El Ensueño.
🕘 Desfile: 9:00 a. m.
🕛 Discurso del Presidente: 12:00 m. #20DeJulioALasCalles",0,07/18/2026 09:31,https://www.facebook.com/SuperSubsidio/posts/pfbid0NKrYKxbQbjeisKZRMJuymFQjXUh7VKCQGMNdT1gCJFnudWEJK1yg7jeBe7zXAjT3l,Foto,,Total,3,--,1516,17,0,16,0,0,1458,2220,,
1512547144243220,100064638461970,Supersubsidio,"🇨🇴 En el Día de la Independencia, Colombia se reunirá en sus plazas para conmemorar la libertad, defender las reformas sociales y acompañar al Presidente @PetroGustavo en su último discurso público como jefe de Estado.

En Bogotá, el encuentro será en Ciudad Bolívar, donde el Presidente compartirá con el pueblo, luego del desfile de nuestras Fuerzas Militares y de Policía.

📍 Frente al Centro Comercial Gran Plaza El Ensueño.
🕘 Desfile: 9:00 a. m.
🕛 Último discurso del Presidente: 12:00 m.

#20DeJulioALasCalles",31,07/19/2026 09:01,https://www.facebook.com/reel/1306270394620466/,Reel,,Total,0,-0.1x,1580,17,1,15,0,2,1462,1710,4.76,7521.204
1513363984161536,100064638461970,Supersubsidio,"El 20 de julio de 1810 inició la independencia de Colombia, pero este no es un hecho enterrado en el pasado, sino un compromiso colectivo que se construye día a día. Hoy, honrar ese primer grito de libertad significa escuchar y responder a las demandas de dignidad, territorio y justicia social que persisten en el país.

¡La verdadera soberanía es una tarea de cada generación que sigue más vigente que nunca! 🇨🇴✨

#20DeJulio #Colombia #DíaDeLaIndependencia",65,07/20/2026 07:21,https://www.facebook.com/reel/4396836480634204/,Reel,,Total,6,+10x,4494,140,7,176,9,29,4994,5768,19.892,101032.633
1514684434029491,100064638461970,Supersubsidio,"📋 La Supersubsidio participó en la Junta Directiva de Fedecajas, presidida por el Ministro del Trabajo y Superintendente (e), Antonio Sanguino.

Seguimos trabajando por un Sistema de Subsidio Familiar más transparente, eficiente y al servicio de los trabajadores y sus familias. 🇨🇴

#Supersubsidio #SubsidioFamiliar",0,07/21/2026 18:10,https://www.facebook.com/SuperSubsidio/posts/pfbid0wP3BTnxz8YM2czbXXoQaj7P22qzHDgGp48FkxZatgHNARHfRLG49yWAS2FeXVSL8l,Foto,,Total,0,--,1484,14,0,11,0,3,1480,2462,,
1515416590622942,100064638461970,Supersubsidio,"🔍 Visita integral en territorio a COMFACESAR.

Del 21 al 24 de julio, nuestro equipo verifica en terreno la gestión administrativa, financiera, jurídica y técnica de la Caja, así como la correcta destinación de los recursos del Sistema de Compensación Familiar.

Nuestra labor de inspección y vigilancia no se detiene por el bienestar de los trabajadores. 🇨🇴

#Supersubsidio #SubsidioFamiliar",0,07/22/2026 13:14,https://www.facebook.com/SuperSubsidio/posts/pfbid0r7U6wVaUiEQge7ufSWJTRj6ZitNoxR5bohmx4mBomPtvaG8qZj2h84uFtvEdNxnLl,Foto,,Total,1,--,1202,9,1,8,0,1,1175,1859,,
1515472660617335,100064638461970,Supersubsidio,"🔎 ¡Seguimos vigilando en territorio!

Nuestra Delegada para Estudios Especiales y Evaluación de Proyectos visitó la Caja de Compensación Comfenalco Santander para auditar proyectos de inversión en servicios recreativos, vivienda y turismo por cerca de $450.000 millones.

Así garantizamos que cada recurso del sistema se invierta con transparencia y rigor, en beneficio directo de los trabajadores y sus familias. 🇨🇴💪

#Supersubsidio #SubsidioFamiliar",0,07/22/2026 15:08,https://www.facebook.com/SuperSubsidio/posts/pfbid02yKJfWuw94R4mizdCjX2wnQf6ZvDn7Ercww288cF25DxmGUcpq84S57J9WywhMDBRl,Foto,,Total,2,--,1289,7,0,5,0,1,1254,1907,,
1516121913885743,100064638461970,Supersubsidio,"⚙️🇨🇴 En el Sistema del Subsidio Familiar nada se deja al azar. Para garantizar que el apoyo llegue con fuerza a quienes más lo necesitan, en la SuperSubsidio lideramos la red de protección social más grande del país a través de un trabajo técnico y riguroso.

Nuestra operación estadística de Supersubsidio-OEGSSF se basa en:

✅ Procesamiento de datos complejos sobre vivienda, salud y recreación.

✅ Análisis profundo de las necesidades reales de los trabajadores.

✅ Construcción de política pública fundamentada en bases sólidas y estadísticas comprobables.

No solo recolectamos cifras; convertimos datos complejos en soluciones reales para que el subsidio familiar cumpla su verdadero propósito: transformar vidas y fortalecer a quienes hacen posible el crecimiento de Colombia. 📈🏠

Más información aquí:
👉 https://www.ssf.gov.co/web/guest/operacion-estadistica

#Supersubsidio #SubsidioFamiliar",62,07/23/2026 08:38,https://www.facebook.com/reel/1340388191497540/,Reel,,Total,0,-4.6x,535,6,0,5,0,1,512,556,3.894,2056.105
1517029713794963,100064638461970,Supersubsidio,"¿Te has preguntado por qué millones de familias pueden confiar plenamente en el Sistema del Subsidio Familiar? 🤔👨‍👩‍👧‍👦

 🔍 En la SuperSubsidio operamos como los guardianes del patrimonio social de los colombianos:

✅ Supervisamos al detalle el comportamiento y las operaciones de las Cajas de Compensación.

✅ Detectamos fallas y exigimos mejoras operativas de forma anticipada.

✅ Garantizamos la transparencia y eficiencia de cada recurso.

Nuestra vigilancia va mucho más allá de un simple control técnico o auditoría. Es la garantía absoluta de que tu confianza siempre estará respaldada. 🤝✨

Más información aquí:
👉 https://www.ssf.gov.co/web/guest/operacion-estadistica

#Supersubsidio #SubsidioFamiliar",86,07/24/2026 09:49,https://www.facebook.com/reel/1939531736601426/,Reel,,Total,0,-15.1x,413,4,0,4,0,0,379,417,3.324,1323.3
1517235773774357,100064638461970,Supersubsidio,"🛡️ En el Congreso de Auditores y Revisores Fiscales, realizado en Comcaja, fuimos enfáticos: el control interno en las Cajas de Compensación no puede quedarse en un cumplimiento documental ni existir solo en el organigrama.

Como ente de vigilancia, nuestra expectativa es clara: exigimos gestión de riesgos real y efectiva. No buscamos más informes, vigilamos que se tomen mejores decisiones. 🇨🇴

#Supersubsidio #SubsidioFamiliar",0,07/24/2026 15:38,https://www.facebook.com/SuperSubsidio/posts/pfbid02D6BJCeihWq5NZemQ8v6nF3dKq3CujUVJUe2sdkPGDJPHHEMpooB1VRZHJGnSJXQWl,Foto,,Total,2,--,2012,17,1,17,0,4,1993,3009,,
1520518593446075,100064638461970,Supersubsidio,"Trabajo decente y digno: un logro histórico para Colombia.

Te invitamos a la Rendición de Cuentas 2026 del Ministerio del Trabajo, un espacio para conocer los avances que han fortalecido los derechos laborales, el empleo digno y la protección social en el país.

📅 Jueves 30 de julio
🕗 8:00 a. m.
📍 Compensar Av. 68 – Plaza Jubileo

Inscríbete aquí: https://forms.cloud.microsoft/r/vexPH8RdcK?origin=lprLink

🟣 *Instagram:* https://www.instagram.com/p/DbG_niOpdGT/?igsh=NDN5N3YwZG1yNnhi

⚫️ *X:* https://x.com/mintrabajocol/status/2080715607788372180

🔵 *Facebook:* https://www.facebook.com/share/p/1DEbAJAUxf/",0,07/27/2026 11:15,https://www.facebook.com/SuperSubsidio/posts/pfbid02goCpjg1EdmaWQ7V3GkUHvNmAGvS2NmPGqV1nTL58B51zJ5w6nn6RQo9hnMHeHD3el,Foto,,Total,0,--,358,3,0,3,0,0,342,516,,
1522431076588160,100064638461970,Supersubsidio,"Trabajo decente y digno: un logro histórico para Colombia.

Te invitamos a la Rendición de Cuentas 2026 del Ministerio del Trabajo, un espacio para conocer los avances que han fortalecido los derechos laborales, el empleo digno y la protección social en el país.

📅 Jueves 30 de julio
🕗 8:00 a. m.
📍 Compensar Av. 68 – Plaza Jubileo

Inscríbete aquí: https://forms.cloud.microsoft/r/vexPH8RdcK?origin=lprLink

🟣 Instagram: https://www.instagram.com/p/DbG_niOpdGT/?igsh=NDN5N3YwZG1yNnhi

⚫️ X: https://x.com/mintrabajocol/status/2080715607788372180

🔵 Facebook: https://www.facebook.com/share/p/1DEbAJAUxf/",0,07/29/2026 11:59,https://www.facebook.com/SuperSubsidio/posts/pfbid0NV8wsBkFWdR3AippekFvKLwfGqSFbDrEeDpfw4K5yJbAtwHvdAYzdrUgEPPzgpoWl,Foto,,Total,0,--,253,1,0,1,0,0,244,382,,
1522548259909775,100064638461970,Supersubsidio,"🏳️‍🌈 La diversidad también se protege desde el bienestar. En el Valle del Cauca seguimos trabajando para que cada afiliado/a/e acceda a sus beneficios en igualdad de condiciones.

#FamiliasDiversas #Supersubsidio #SubsidioFamiliar",0,07/29/2026 15:21,https://www.facebook.com/SuperSubsidio/posts/pfbid037E6agKaM9EMDYsH5tmDgPpxErRXbFdezDpiFH1vB5nNowNpQyZoeGP3YY1H6xfbzl,Foto,,Total,1,--,1582,6,1,5,0,0,1528,2092,,
1522614126569855,100064638461970,Supersubsidio,"🇨🇴 Los resultados también se cuentan.

Este miércoles conoceremos cómo el Sector Trabajo avanzó en empleo, derechos laborales, formación para el trabajo y protección social para millones de colombianos.

Acompáñanos en nuestra Rendición de Cuentas.

#NiUnDerechoAtrás",0,07/29/2026 17:30,https://www.facebook.com/SuperSubsidio/posts/pfbid01BRdRzvM1cofK9Z7MViL5tMHy8rLkqKHPT62dr67LHMb7B51HVpkjhsPvMM1F4nNl,Foto,,Total,0,--,417,1,0,1,0,0,409,587,,
1522649239899677,100064638461970,Supersubsidio,"🇨🇴 Cada cifra representa una historia de vida.

Mañana conocerás cómo el Sector Trabajo convirtió las políticas públicas en empleo, derechos y protección social para millones de colombianos.

No te pierdas nuestra Rendición de Cuentas.

#NiUnDerechoAtrás",0,07/29/2026 18:32,https://www.facebook.com/SuperSubsidio/posts/pfbid02RuF5NNJAJZP12ohqW91KhPb4aEqpo4KucFyof27755nPYD1H6P8hVvgoWJQ2zMGgl,Foto,,Total,0,--,323,2,0,2,0,0,324,471,,
1522682913229643,100064638461970,Supersubsidio,"🇨🇴 Falta un día.

Mañana presentaremos el balance de los principales logros del Sector Trabajo y responderemos con transparencia a la ciudadanía sobre los avances alcanzados.

¡Te esperamos!

#NiUnDerechoAtrás",0,07/29/2026 19:30,https://www.facebook.com/SuperSubsidio/posts/pfbid0gRN55bbaEVQ8eTaFHiELyfsu2UPFzrDKGUDzY4vrXFyVNiqtxjVdsVAHpmCAUwcsl,Foto,,Total,0,--,295,0,0,0,0,0,291,439,,
1523177173180217,100064638461970,Supersubsidio,"🇨🇴 ¡Llegó el día!

Hoy presentaremos el balance de los principales logros del Sector Trabajo y responderemos con transparencia a la ciudadanía sobre los avances alcanzados.

Conéctate desde el canal de YouTube 
👉 https://www.youtube.com/watch?v=P0LEi2QtH7M

#NiUnDerechoAtrás",0,07/30/2026 07:13,https://www.facebook.com/SuperSubsidio/posts/pfbid0GtEk2FQjcQZaaX3usXw5214xUfBDxVb54EgfC8XVN4j9SXc3f1NCWDRVyhuJhJNhl,Foto,,Total,0,--,526,0,0,0,0,0,516,724,,
1523221723175762,100064638461970,Supersubsidio,"Hoy presentaremos el balance de los principales logros del Sector Trabajo y responderemos con transparencia a la ciudadanía sobre los avances alcanzados.

",0,07/30/2026 08:06,https://www.facebook.com/SuperSubsidio/posts/pfbid02YfCX8DKVuKb7pFnJhdDJMySYqC8mMWkWjtmkQgh2TDvrnfVuw7SnLYVLNSsL5gypl,Enlace,,Total,0,--,124,1,0,1,0,0,119,216,,
1523336769830924,100064638461970,Supersubsidio,"No venimos a repetir promesas vacías, venimos a demostrar con hechos que el cambio se construye trabajando con y para el pueblo.

Así le rendimos cuentas al pueblo colombiano: con transparencia, con compromiso social y con la convicción de que los derechos no se mendigan, se garantizan.

Le cumplimos a las y los trabajadores, a las mujeres rurales, a las familias y a quienes sostienen este país con su esfuerzo diario, avanzando hacia un Sistema del Subsidio Familiar más justo, más solidario y verdaderamente al servicio de la gente.

Superintendencia del Subsidio Familiar. Con dignidad cumplimos. 🇨🇴

#NiUnDerechoAtrás #SubsidioFamilar #Supersubsidio",0,07/30/2026 10:31,https://www.facebook.com/SuperSubsidio/posts/pfbid0VnYazvrUoWhLPb77ZoBwJ8tEy9D6ET1Dz7hTXGceT3v5FL1viMWV3evTCjWFxRyHl,Foto,,Total,2,--,1891,15,-1,13,0,0,1860,3164,,
1524152183082716,100064638461970,Supersubsidio,"🏡 Esto no son solo cifras, es dignidad y futuro.

1.413 mujeres rurales en Colombia ya tienen un subsidio familiar de vivienda propia. 1.295 desembolsados en 238 municipios, con una inversión de $65.980 millones de pesos.

Detrás de cada dato hay una familia que hoy tiene techo, estabilidad y un nuevo comienzo.

Desde la Supersubsidio trabajamos con enfoque diferencial y de género para que ninguna mujer trabajadora, sin importar dónde viva, se quede sin la oportunidad de un hogar propio.

¡Con dignidad cumplimos! 🇨🇴

#Supersubsidio #SubsidioFamiliar #SubsidioDeVivienda",64,07/31/2026 08:01,https://www.facebook.com/reel/2205296530261753/,Reel,,Total,0,-4.5x,395,3,0,3,0,0,362,410,4.811,1847.545
1524229886408279,100064638461970,Supersubsidio,"🇨🇴 La Superintendencia del Subsidio Familiar participó en la VI Sesión Ministerial y de Alto Nivel de la Comisión Intersectorial Nacional de Reparaciones Históricas, un espacio de articulación entre entidades del Estado para avanzar en la reparación histórica, la restauración de la dignidad y la garantía de los derechos de los pueblos étnicos de Colombia.

Reafirmamos nuestro compromiso con la equidad, la inclusión y el trabajo conjunto para construir un país más justo, reconociendo la diversidad y fortaleciendo acciones que contribuyan a la memoria, la reparación y la no repetición.

#Supersubsidio #SubsidioFamiliar",0,07/31/2026 09:46,https://www.facebook.com/SuperSubsidio/posts/pfbid02MesBCPFhjxzXHieg99C3knG7T7QtRGVNLkLhw2RfEG8tP6RGxmRSQhSh7YCCCYEGl,Foto,,Total,0,--,408,1,0,1,0,0,406,635,,
1524428466388421,100064638461970,Supersubsidio,"¡La diversidad fortalece el bienestar! 🌈

Nuestra Oficina de Protección al Usuario llevó al Valle del Cauca jornadas de inclusión para que la población LGBTIQ+ conozca y reclame sus derechos en el Sistema del Subsidio Familiar. 💜

Todas las familias cuentan. 🇨🇴

#Supersubsidio #SubsidioFamiliar",0,07/31/2026 15:11,https://www.facebook.com/SuperSubsidio/posts/pfbid02eQj6mve7JVC8CkG9vyftnq275NqM7exAR4vY7XbU2snhe7LHnCkojDEiJZnj44Mvl,Foto,,Total,0,--,462,4,0,4,0,0,455,736,,
1524467076384560,100064638461970,Supersubsidio,"🔍 Esta semana visitamos CAJASAN en Santander para evaluar el impacto financiero, jurídico y social de sus programas y verificar la correcta destinación de los recursos del subsidio familiar.

Así garantizamos que cada peso se traduzca en bienestar real para los trabajadores y sus familias. 🇨🇴

📍 Santander | 27 al 31 de julio de 2026

#Supersubsidio #SubsidioFamiliar",0,07/31/2026 16:28,https://www.facebook.com/SuperSubsidio/posts/pfbid02VRuNBQJuua62VEhGCYT1N35fFWYPLEyyJnA1eeDQnF8MD9ZGpJ24VAHnLpay94utl,Foto,,Total,0,--,467,3,0,4,0,0,456,835,,
1525073529657248,100064638461970,Supersubsidio,"En el Cesar, la información también transforma vidas. 💙

Junto a Comfacesar recorrimos empresas de Valledupar para que más trabajadores conocieran los beneficios que ya tienen por estar afiliados a una Caja de Compensación: subsidio monetario, vivienda, educación, crédito social y mucho más.

Porque conocer tus derechos es el primer paso para ejercerlos. 🇨🇴

#Supersubsidio #SubsidioFamiliar",81,08/01/2026 08:22,https://www.facebook.com/reel/1373993531358677/,Reel,,Total,0,-6.3x,378,2,0,2,0,0,417,476,3.318,1513.144
1526887272809207,100064638461970,Supersubsidio,"📢 Aviso importante para nuestros usuarios.

Hoy, de 4:00 p.m. a 7:00 p.m., nuestra Sede Electrónica estará en mantenimiento programado. Esta pausa temporal nos permite realizar actualizaciones técnicas en la plataforma Liferay para seguir ofreciéndote un mejor servicio. 🛠️💻

Agradecemos tu comprensión.

#Supersubsidio #SubsidioFamiliar",0,08/03/2026 07:16,https://www.facebook.com/SuperSubsidio/posts/pfbid0KmzvEn55yTvBKAnsnVeamijGyMBEbYmGsK2Sv5KRjXEv152Lzh2rmHCtXpXjrm7il,Foto,,Total,1,--,592,2,0,1,0,0,561,810,,
1527829776048290,100064638461970,Supersubsidio,"En estos 4 años recuperamos +$50.000 millones en subsidios de vivienda del FOVIS y unificamos las reglas contables de todas las Cajas de Compensación con la Resolución 0451 de 2025. 🏠✅

Así protegemos el Subsidio Familiar: con transparencia y orden para las familias colombianas.

Superintendencia del Subsidio Familiar, con dignidad cumplimos.

#Supersubsidio #SubsidioFamiliar #SubsidioDeVivienda",54,08/04/2026 07:18,https://www.facebook.com/reel/1581961463592328/,Reel,,Total,1,-0.1x,499,6,0,4,0,1,454,523,4.311,2116.732
1529784589186142,100064638461970,Supersubsidio,"En estos 4️⃣ años, el Gobierno del Presidente Gustavo Petro dignificó la labor de quienes cuidan a la niñez y protegen la vida.

Con empleo público, salario digno y prestaciones sociales garantizadas, 2.300 madres comunitarias en todo el país hoy cuentan con mejores condiciones laborales y el reconocimiento que durante años merecieron.

#GraciasPetro",0,08/06/2026 07:35,https://www.facebook.com/SuperSubsidio/posts/pfbid0FeW5BZaRuB7ffZsZop4BjmNwa986kPVJPaM6yeY7MiEhADUSwtC4Y21xrQd7YU2dl,Foto,,Total,0,--,1417,20,-1,18,0,3,1420,2091,,
1529998412498093,100064638461970,Supersubsidio,"En la Supersubsidio, nuestro compromiso va más allá de la vigilancia. Trabajamos por la gente:

📊 165.522 atenciones a colombianos.

👷 35.164 trabajadores capacitados.

🤝 Alianza con ONU Mujeres para prevenir el acoso y la violencia de género.

🗣️ Carta de Trato Digno traducida a 5 lenguas indígenas.

Cuatro años cumpliendo con dignidad, para que ningún colombiano se quede sin voz ni sin garantías.

#Supersubsidio #SubsidioFamiliar",65,08/06/2026 12:14,https://www.facebook.com/reel/1704925817462744/,Reel,,Total,0,-1.1x,707,10,0,11,0,0,640,770,7.472,5282.914
1531820732315861,100064638461970,Supersubsidio,"🇨🇴 Desde la Superintendencia del Subsidio Familiar le damos la bienvenida al presidente Abelardo de la Espriella y a la ministra del Trabajo, Natalia López Fuentes, al frente del nuevo Gobierno Nacional.

Reafirmamos nuestro compromiso con la misión de inspección, vigilancia y control del Sistema del Subsidio Familiar, trabajando cada día por el bienestar de los trabajadores colombianos y sus familias. 💪

#Supersubsidio #SubsidioFamiliar",0,08/08/2026 11:59,https://www.facebook.com/SuperSubsidio/posts/pfbid02aMB9jEhs2uccDSRnQLYmjvheQSk2a1VjM3NxNkL9qskYLFUc24sS65nRea48JL4Ml,Foto,,Total,14,--,23208,146,40,135,2,1,23227,31036,,
1533501938814407,100064638461970,Supersubsidio,,0,08/10/2026 07:56,https://www.facebook.com/photo.php?fbid=1533501938814407&set=a.403978728433406&type=3,Foto,,Total,0,--,1,2,0,3,0,0,1,1,,
1533614408803160,100064638461970,Supersubsidio,🇨🇴 Toda nuestra solidaridad con Colombia.,0,08/10/2026 10:40,https://www.facebook.com/SuperSubsidio/posts/pfbid02FL9sQHt8W4rHeh4R5gVJskfrZF7CJEBk13Korq4xziUqzTm1mERYpGzbSgWT4CkYl,Foto,,Total,0,--,1445,14,-1,15,0,4,1400,2142,,
1534452145386053,100064638461970,Supersubsidio,,0,08/11/2026 09:39,https://www.facebook.com/SuperSubsidio/posts/pfbid02H69zwaodbY1ow4SupGmjXWYSV6qAuQD6mnFCNu1DrGcKiBM4Aj9iHa5X3SHAnLW7l,Contenido,,Total,0,--,537,5,0,6,0,0,515,886,,
1534543568710244,100064638461970,Supersubsidio,"📊 Detrás de cada cifra hay una familia.

Con la Operación Estadística, en Supersubsidio recopilamos, procesamos y analizamos información clave del Sistema del Subsidio Familiar. Así identificamos tendencias, fortalecemos la vigilancia y apoyamos decisiones basadas en evidencia, para que los recursos se conviertan en bienestar real. 💜

Más información aquí:
👉 https://www.ssf.gov.co/web/guest/operacion-estadistica

#Supersubsidio #SubsidioFamiliar",74,08/11/2026 11:37,https://www.facebook.com/reel/859191373791169/,Reel,,Total,0,-4.5x,570,5,0,5,0,0,518,611,4.443,2466.168
1534776428686958,100064638461970,Supersubsidio,"📍 La Superintendencia del Subsidio Familiar adelantó su visita de inspección, vigilancia y control a COMFENALCO Cartagena, evaluando la gestión integral, la ejecución de programas y servicios sociales, y la adecuada administración de los recursos del Sistema del Subsidio Familiar.

Transparencia, vigilancia y compromiso: así seguimos fortaleciendo el bienestar de los trabajadores colombianos y sus familias. 🇨🇴

#Supersubsidio #SubsidioFamiliar #Cartagena",0,08/11/2026 17:51,https://www.facebook.com/SuperSubsidio/posts/pfbid02GXcQsBtnwhkHgFJQsxZLHx3yxFZvznecN3CcZ361k6987nis6eEhdJrhLcLL5uRul,Foto,,Total,5,--,1179,9,0,6,0,1,1117,1933,,
1535541015277166,100064638461970,Supersubsidio,"🚨 Desde la Superintendencia del Subsidio Familiar rechazamos categóricamente el ataque perpetrado contra Javier Gómez Gutiérrez, subdirector administrativo y financiero de Comfanorte.

Expresamos nuestra solidaridad con él, su familia y toda la comunidad de Comfanorte, y hacemos votos por su pronta recuperación.

Rechazamos la violencia y defendemos siempre la vida.

#Supersubsidio #SubsidioFamiliar",0,08/12/2026 12:44,https://www.facebook.com/SuperSubsidio/posts/pfbid0PCepzfaEX3yHFfiQL29RrzTYk3EfeMPYacDi6sgaJ3iinZSSM9RZJVrAQUocetDMl,Foto,,Total,0,--,4074,42,0,43,0,7,3977,6276,,
1536424025188865,100064638461970,Supersubsidio,"👀 Muy pronto: una nueva versión del Observatorio del Subsidio Familiar.

Navegación más clara, nuevos contenidos, control de envíos y nuevas herramientas para consultar la información del Sistema de Subsidio Familiar.

Pronto anunciaremos la fecha oficial. ¡Mantente atento a nuestras redes! 🔔

#Supersubsidio #SubsidioFamiliar",16,08/13/2026 11:45,https://www.facebook.com/reel/1073305868490748/,Reel,,Total,2,+0.1x,681,5,0,4,0,0,608,774,2.973,2069.29
1538168838347717,100064638461970,Supersubsidio,¡Todos unidos por Colombia! 🇨🇴,33,08/15/2026 06:46,https://www.facebook.com/reel/2294926131257515/,Reel,,Total,2,+0.6x,757,16,0,14,0,1,675,889,6.84,5308.6
1542133457951255,100064638461970,Supersubsidio,"No son solo números, son hogares respaldados. 👨‍👩‍👧‍👦🇨🇴

Gracias a la Operación Estadística de Supersubsidio, ratificamos que el Subsidio Familiar es un motor clave de equidad: más de 10.7 millones de afiliados y más de 10 millones de beneficiarios acompañados en todo el territorio nacional.

Más información aquí:
👉 https://www.ssf.gov.co/web/guest/operacion-estadistica

#Supersubsidio #SubsidioFamiliar",49,08/19/2026 12:30,https://www.facebook.com/reel/1024415540599276/,Reel,,Total,2,-0.2x,645,3,0,1,0,1,593,750,3.775,2529.319
1542996367864964,100064638461970,Supersubsidio,"¡Una nueva etapa comienza en la Supersubsidio! 🤝✨

Recibimos con alegría a Natalia Eugenia López Fuentes como Superintendente del Subsidio Familiar (E). Le damos una cálida bienvenida y nuestros mejores deseos en esta labor al servicio de las familias colombianas. 🇨🇴

#Supersubsidio #SubsidioFamiliar",0,08/20/2026 10:06,https://www.facebook.com/SuperSubsidio/posts/pfbid02gbXysgv5N59dKXsp7dCaVZ5dBZBBgeZD2NeuhUDFjtsE5grPFpAa7whUFwud6NVcl,Foto,,Total,66,--,59191,853,166,779,1,45,58927,82604,,
1543219931175941,100064638461970,Supersubsidio,"🤝 Un encuentro para seguir trabajando por las familias colombianas.

Recibimos en la SuperSubsidio a la Ministra del Trabajo, Natalia Eugenia López Fuentes, quien asume también el encargo de las funciones como Superintendente del Subsidio Familiar.

🇨🇴 Seguimos fortaleciendo nuestro compromiso con las y los trabajadores y sus familias.

#SuperSubsidio #SubsidioFamiliar #MinisterioDelTrabajo #Colombia #FamiliasColombianas",0,08/20/2026 15:46,https://www.facebook.com/SuperSubsidio/posts/pfbid021CCoJfLEJYGXQXCjMSm4uvfudPcw1AhNiQzw7mC2tAziaa5ZvDaFgQaVCnbBnRUZl,Foto,,Total,2,--,3908,35,5,68,0,3,3722,7103,,
1544183877746213,100064638461970,Supersubsidio,"📢 La Supersubsidio designó al Dr. Fabián Vicente Mayor Olaya como agente especial de intervención de Comfenalco Antioquia, quien liderará el levantamiento ordenado de la medida cautelar (Res. 0563/2026). 

Fabián Mayor es abogado con más de 20 años de experiencia, comprometido con la transparencia y el patrimonio de los trabajadores. 🇨🇴

#Supersubsidio #SubsidioFamiliar",0,08/21/2026 17:23,https://www.facebook.com/SuperSubsidio/posts/pfbid02RcfCHGF9Fn2RphNnT1vqUBwaRwQ5iDn4sNgm6ghJvohB3rpXABzv7XDciqSXDk4sl,Foto,,Total,3,--,4046,31,2,27,0,3,3874,6335,,
1547601644071103,100064638461970,Supersubsidio,"📢 Protegemos los recursos del Sistema del Subsidio Familiar.

Desde la Superintendencia del Subsidio Familiar reafirmamos nuestro compromiso con la transparencia, la vigilancia y la protección de los recursos destinados al bienestar de las y los trabajadores antioqueños y sus familias.

Cerca de $1 billón está en el centro de estas acciones, porque los recursos del subsidio familiar tienen un propósito: el bienestar de las familias.

#SuperSubsidio #SubsidioFamiliar #ComfenalcoAntioquia #Trabajo #Trabajadores Familias Antioquia Transparencia Vigilancia Protección",134,08/25/2026 08:43,https://www.facebook.com/reel/1063831602670203/,Reel,,Total,18,+15.5x,9987,190,20,157,4,21,9212,10574,17.894,171392.607
