ID del post,Fecha,Texto del post,Postear enlace,Impresiones,Me gusta,Interacciones,Guardados,Compartidos,Nuevos seguidores,Respuestas,Reposts,Visitas del perfil,Ampliaciones de detalles,Clics en URL,Clics en hashtags,Clics en enlaces permanentes
2085444892558549452,"Thu, Aug 6, 2026","En la Supersubsidio, nuestro compromiso va más allá de la vigilancia. Trabajamos por la gente: 📊 165.522 atenciones a colombianos. 👷 35.164 trabajadores capacitados. 🤝 Alianza con ONU Mujeres para prevenir el acoso y la violencia de género. 🗣️ Carta de Trato Digno https://t.co/zgEncEmHle",https://x.com/Supersubsidio/status/2085444892558549452,77,0,0,0,0,0,0,0,0,0,0,0,0
2085374899208507581,"Thu, Aug 6, 2026","En estos 4️⃣ años, el Gobierno del Presidente @petrogustavo dignificó la labor de quienes cuidan a la niñez y protegen la vida. Con empleo público, salario digno y prestaciones sociales garantizadas, 2.300 madres comunitarias en todo el país hoy cuentan con mejores condiciones https://t.co/pfqiMjO4rg",https://x.com/Supersubsidio/status/2085374899208507581,122,2,5,0,0,0,0,0,0,0,0,0,0
2084645724512215334,"Tue, Aug 4, 2026",En estos 4 años recuperamos +$50.000 millones en subsidios de vivienda del FOVIS y unificamos las reglas contables de todas las Cajas de Compensación con la Resolución 0451 de 2025. 🏠✅ Así protegemos el Subsidio Familiar: con transparencia y orden para las familias https://t.co/BbqsBo6TjY,https://x.com/Supersubsidio/status/2084645724512215334,383,0,4,0,0,0,2,0,1,1,0,0,0
2084322213738533046,"Mon, Aug 3, 2026",@EspeFlorianCh @AntonioSanguino @ASOCAJAS @fedecajas Buen día. Agradecemos tu comunicación con la Supersubsidio. La Superintendencia del Subsidio Familiar tiene competencia sobre la vigilancia de las Cajas de Compensación Familiar y los temas relacionados con el subsidio familiar. En relación con consultas sobre contratación,https://x.com/Supersubsidio/status/2084322213738533046,269,0,1,0,0,0,0,0,0,1,0,0,0
2084282630028030151,"Mon, Aug 3, 2026","📢 Aviso importante para nuestros usuarios. Hoy, de 4:00 p.m. a 7:00 p.m., nuestra Sede Electrónica estará en mantenimiento programado. Esta pausa temporal nos permite realizar actualizaciones técnicas en la plataforma Liferay para seguir ofreciéndote un mejor servicio. 🛠️💻 https://t.co/BURC6vcyWI",https://x.com/Supersubsidio/status/2084282630028030151,359,0,4,0,0,0,1,0,1,0,0,0,0
2083574975374455294,"Sat, Aug 1, 2026","En el Cesar, la información también transforma vidas. 💙 Junto a Comfacesar recorrimos empresas de Valledupar para que más trabajadores conocieran los beneficios que ya tienen por estar afiliados a una Caja de Compensación: subsidio monetario, vivienda, educación, crédito social https://t.co/Ch24wHRuzn",https://x.com/Supersubsidio/status/2083574975374455294,210,2,10,1,0,0,6,0,1,1,0,0,0
2083334402776367376,"Fri, Jul 31, 2026","🔍 Esta semana visitamos CAJASAN en Santander para evaluar el impacto financiero, jurídico y social de sus programas y verificar la correcta destinación de los recursos del subsidio familiar. Así garantizamos que cada peso se traduzca en bienestar real para los trabajadores y https://t.co/rWPX6AWiIo",https://x.com/Supersubsidio/status/2083334402776367376,182,1,10,0,0,0,1,1,0,0,0,0,0
2083315294034936096,"Fri, Jul 31, 2026",¡La diversidad fortalece el bienestar! 🌈 Nuestra Oficina de Protección al Usuario llevó al Valle del Cauca jornadas de inclusión para que la población LGBTIQ+ conozca y reclame sus derechos en el Sistema del Subsidio Familiar. 💜 Todas las familias cuentan. 🇨🇴 #Supersubsidio https://t.co/8VKq1HK7UG,https://x.com/Supersubsidio/status/2083315294034936096,209,1,8,0,0,0,1,1,0,2,0,0,0
2083233487226634368,"Fri, Jul 31, 2026","🇨🇴 La Superintendencia del Subsidio Familiar participó en la VI Sesión Ministerial y de Alto Nivel de la Comisión Intersectorial Nacional de Reparaciones Históricas, un espacio de articulación entre entidades del Estado para avanzar en la reparación histórica, la restauración de https://t.co/ODRW3qMio6",https://x.com/Supersubsidio/status/2083233487226634368,137,0,3,0,0,0,1,0,0,1,0,0,0
2083207547406671903,"Fri, Jul 31, 2026","🏡 Esto no son solo cifras, es dignidad y futuro. 1.413 mujeres rurales en Colombia ya tienen un subsidio familiar de vivienda propia. 1.295 desembolsados en 238 municipios, con una inversión de $65.980 millones de pesos. Detrás de cada dato hay una familia que hoy tiene techo, https://t.co/Kl2vrYSEEv",https://x.com/Supersubsidio/status/2083207547406671903,182,1,3,0,0,0,2,0,0,0,0,0,0
2082883987597677016,"Thu, Jul 30, 2026","No venimos a repetir promesas vacías, venimos a demostrar con hechos que el cambio se construye trabajando con y para el pueblo. Así le rendimos cuentas al pueblo colombiano: con transparencia, con compromiso social y con la convicción de que los derechos no se mendigan, se https://t.co/klZ69wtniw",https://x.com/Supersubsidio/status/2082883987597677016,221,1,15,0,1,0,1,0,1,1,0,0,0
2082832635932422465,"Thu, Jul 30, 2026",🇨🇴 ¡Llegó el día! Hoy presentaremos el balance de los principales logros del Sector Trabajo y responderemos con transparencia a la ciudadanía sobre los avances alcanzados. Conéctate desde el canal de YouTube Mintrabajo: 👉 https://t.co/YikiHoevik #NiUnDerechoAtrás https://t.co/NzvPhTdGji,https://x.com/Supersubsidio/status/2082832635932422465,166,3,7,0,0,0,1,2,0,0,0,0,0
2082655430065455480,"Thu, Jul 30, 2026",🇨🇴 Falta un día. Mañana presentaremos el balance de los principales logros del Sector Trabajo y responderemos con transparencia a la ciudadanía sobre los avances alcanzados. ¡Te esperamos! #NiUnDerechoAtrás https://t.co/y9A5tEuMSC,https://x.com/Supersubsidio/status/2082655430065455480,200,2,5,0,0,0,1,0,0,1,0,0,0
2082640830238536071,"Thu, Jul 30, 2026","🇨🇴 Cada cifra representa una historia de vida. Mañana conocerás cómo el Sector Trabajo convirtió las políticas públicas en empleo, derechos y protección social para millones de colombianos. No te pierdas nuestra Rendición de Cuentas. #NiUnDerechoAtrás https://t.co/ZEBOZeWyZX",https://x.com/Supersubsidio/status/2082640830238536071,130,2,3,0,0,0,1,0,0,0,0,0,0
2082625348311618032,"Thu, Jul 30, 2026","🇨🇴 Los resultados también se cuentan. Este miércoles conoceremos cómo el Sector Trabajo avanzó en empleo, derechos laborales, formación para el trabajo y protección social para millones de colombianos. Acompáñanos en nuestra Rendición de Cuentas. #NiUnDerechoAtrás https://t.co/9mJkVl0A4N",https://x.com/Supersubsidio/status/2082625348311618032,154,0,3,0,0,0,1,0,0,0,0,0,0
2082592570870550619,"Wed, Jul 29, 2026",🏳️‍🌈 La diversidad también se protege desde el bienestar. En el Valle del Cauca seguimos trabajando para que cada afiliado/a/e acceda a sus beneficios en igualdad de condiciones. #FamiliasDiversas #Supersubsidio #SubsidioFamiliar https://t.co/gtXUUgUQ0B,https://x.com/Supersubsidio/status/2082592570870550619,134,2,6,0,0,0,2,0,0,0,0,0,0
2082542068350812505,"Wed, Jul 29, 2026","Trabajo decente y digno: un logro histórico para Colombia. Te invitamos a la Rendición de Cuentas 2026 del Ministerio del Trabajo, un espacio para conocer los avances que han fortalecido los derechos laborales, el empleo digno y la protección social en el país. 📅 Jueves 30 de https://t.co/4EaZXwm8r6",https://x.com/Supersubsidio/status/2082542068350812505,238,1,4,0,0,0,1,0,0,0,1,0,0
2081806547164770668,"Mon, Jul 27, 2026","Trabajo decente y digno: un logro histórico para Colombia. Te invitamos a la Rendición de Cuentas 2026 del Ministerio del Trabajo, un espacio para conocer los avances que han fortalecido los derechos laborales, el empleo digno y la protección social en el país. 📅 Jueves 30 de https://t.co/BAjuqSYc2h",https://x.com/Supersubsidio/status/2081806547164770668,310,1,9,0,0,0,2,0,2,2,1,0,0
2080785335575835116,"Fri, Jul 24, 2026","🛡️ En el Congreso de Auditores y Revisores Fiscales, realizado en Comcaja, fuimos enfáticos: el control interno en las Cajas de Compensación no puede quedarse en un cumplimiento documental ni existir solo en el organigrama. Como ente de vigilancia, nuestra expectativa es clara: https://t.co/fbdFBjmhe9",https://x.com/Supersubsidio/status/2080785335575835116,288,1,17,0,2,0,3,0,1,1,0,0,0
2080701372962345019,"Fri, Jul 24, 2026",¿Te has preguntado por qué millones de familias pueden confiar plenamente en el Sistema del Subsidio Familiar? 🤔👨‍👩‍👧‍👦 🔍 En la SuperSubsidio operamos como los guardianes del patrimonio social de los colombianos: ✅ Supervisamos al detalle el comportamiento y las operaciones de https://t.co/FcuCn3ytzW,https://x.com/Supersubsidio/status/2080701372962345019,219,3,8,0,0,0,2,0,0,3,0,0,0
2080318427944644680,"Thu, Jul 23, 2026","⚙️🇨🇴 En el Sistema del Subsidio Familiar nada se deja al azar. Para garantizar que el apoyo llegue con fuerza a quienes más lo necesitan, en la SuperSubsidio lideramos la red de protección social más grande del país a través de un trabajo técnico y riguroso. Nuestra operación https://t.co/QA7vJwFd6z",https://x.com/Supersubsidio/status/2080318427944644680,285,3,17,0,1,1,1,0,3,5,3,1,0
2080053484393529609,"Wed, Jul 22, 2026","🔎 ¡Seguimos vigilando en territorio! Nuestra Delegada para Estudios Especiales y Evaluación de Proyectos visitó la Caja de Compensación Comfenalco Santander para auditar proyectos de inversión en servicios recreativos, vivienda y turismo por cerca de $450.000 millones. Así https://t.co/MCQYn2va2D",https://x.com/Supersubsidio/status/2080053484393529609,305,2,21,0,1,0,2,2,3,2,0,0,0
2080023957474824291,"Wed, Jul 22, 2026","🔍 Visita integral en territorio a COMFACESAR. Del 21 al 24 de julio, nuestro equipo verifica en terreno la gestión administrativa, financiera, jurídica y técnica de la Caja, así como la correcta destinación de los recursos del Sistema de Compensación Familiar. Nuestra labor de https://t.co/gxgBAfMTRR",https://x.com/Supersubsidio/status/2080023957474824291,391,3,22,0,2,1,1,0,0,3,0,0,0
2079741053897179481,"Wed, Jul 22, 2026","Seguimos trabajando por un Sistema de Subsidio Familiar más transparente, eficiente y al servicio de los trabajadores y sus familias. 🇨🇴 #Supersubsidio #SubsidioFamiliar https://t.co/GYSCwNAuR4",https://x.com/Supersubsidio/status/2079741053897179481,53,0,10,0,1,0,0,0,0,0,0,0,0
2079740998222004233,"Wed, Jul 22, 2026","📋 La Supersubsidio participó en la Junta Directiva de Fedecajas, presidida por el Ministro del Trabajo y Superintendente (e), Antonio Sanguino. https://t.co/bTMjVgmgzY",https://x.com/Supersubsidio/status/2079740998222004233,247,1,18,0,0,0,2,0,2,1,0,0,0
2079251656693223504,"Mon, Jul 20, 2026","El 20 de julio de 1810 inició la independencia de Colombia, pero este no es un hecho enterrado en el pasado, sino un compromiso colectivo que se construye día a día. Hoy, honrar ese primer grito de libertad significa escuchar y responder a las demandas de dignidad, territorio y https://t.co/8kVIYSm5jX",https://x.com/Supersubsidio/status/2079251656693223504,202,0,3,0,0,0,3,0,0,0,0,0,0
2078874191827288504,"Sun, Jul 19, 2026","🇨🇴 En el Día de la Independencia, Colombia se reunirá en sus plazas para conmemorar la libertad, defender las reformas sociales y acompañar al Presidente @PetroGustavo en su último discurso público como jefe de Estado. En Bogotá, el encuentro será en Ciudad Bolívar, donde el https://t.co/Ve59G7qMF1",https://x.com/Supersubsidio/status/2078874191827288504,220,1,6,0,1,0,3,0,0,2,0,0,0
2078518830025089411,"Sat, Jul 18, 2026","🇨🇴 Este 20 de julio, el Presidente @PetroGustavo dará su último discurso público como jefe de Estado desde Ciudad Bolívar, en Bogotá, junto al pueblo colombiano. Tras el desfile de nuestras Fuerzas Militares y de Policía, el Presidente se despedirá de las colombianas y los https://t.co/G8lxmK5Ncs",https://x.com/Supersubsidio/status/2078518830025089411,358,0,10,0,2,0,3,0,1,1,0,0,0
2077520993984119231,"Wed, Jul 15, 2026","📍 Visita ordinaria a Comfandi en Cali. Supervisamos que los recursos parafiscales lleguen con transparencia y eficiencia a más de 658 mil trabajadores afiliados: vivienda, protección al desempleo, educación y empleabilidad. Supervisión que se traduce en bienestar real. 🇨🇴 https://t.co/UWveaYA0P0",https://x.com/Supersubsidio/status/2077520993984119231,268,1,22,0,0,0,2,0,1,4,0,0,0
2077142581532647708,"Tue, Jul 14, 2026",https://t.co/FF3tGk3MK6,https://x.com/Supersubsidio/status/2077142581532647708,63,0,3,0,0,0,2,0,0,0,0,0,0
2075955139345592325,"Sat, Jul 11, 2026","🇨🇴 Del 6 al 9 de julio de 2026, nuestra Oficina de Protección al Usuario (OPU) llegó hasta Córdoba para recorrer 10 empresas del departamento. Fueron cuatro días inolvidables donde conversamos con los trabajadores afiliados y derribamos mitos a través de nuestra estrategia de https://t.co/y0zfMibRFi",https://x.com/Supersubsidio/status/2075955139345592325,215,0,4,0,0,0,4,0,0,0,0,0,0
2075952863419716064,"Sat, Jul 11, 2026","🇨🇴 Del 6 al 9 de julio de 2026, nuestra Oficina de Protección al Usuario (OPU) llegó hasta Córdoba para recorrer 10 empresas del departamento. Fueron cuatro días inolvidables donde conversamos con los trabajadores afiliados y derribamos mitos a través de nuestra estrategia de https://t.co/EPVGUeHVTu",https://x.com/Supersubsidio/status/2075952863419716064,214,1,4,0,0,0,2,0,0,1,0,0,0
2075612618094436563,"Fri, Jul 10, 2026","@karvanova09 @CGR_Colombia Buen día. Agradecemos tu comunicación con la Supersubsidio. Dado que tu caso requiere analizar la situación presentada con la Caja de Compensación @Comfatlantico, agradecemos redactes los hechos presentados de manera clara y cronológica, indicando lo ocurrido de forma detallada.",https://x.com/Supersubsidio/status/2075612618094436563,231,0,0,0,0,0,0,0,0,0,0,0,0
2075592045192966518,"Fri, Jul 10, 2026","¡La diversidad nos une y los derechos nos fortalecen! 🏳️‍🌈✨ Nuestra Oficina de Protección al Usuario (OPU) estuvo en Barranquilla con el encuentro ""Unidos por la Diversidad"", una estrategia junto a Caribe Afirmativo y las cajas de compensación del Atlántico donde logramos: 🔹 https://t.co/jHVWHLxXEM",https://x.com/Supersubsidio/status/2075592045192966518,287,2,19,0,0,0,2,1,0,3,0,0,0
2075272752731197467,"Thu, Jul 9, 2026","@astridvpulido3 @Compensar_info Buen día. Agradecemos tu comunicación con la Supersubsidio. Dado que tu caso requiere analizar la situación presentada con la Caja de Compensación @Compensar_info, agradecemos redactes los hechos presentados de manera clara y cronológica, indicando lo ocurrido de forma",https://x.com/Supersubsidio/status/2075272752731197467,233,0,0,0,0,0,0,0,0,0,0,0,0
2074971038505427157,"Wed, Jul 8, 2026","📢 ¡Tu voz cuenta! Conoce el Informe de Rendición de Cuentas 2022-2026 de la Superintendencia del Subsidio Familiar y participa en la Consulta Ciudadana. Revisa los logros, avances y resultados de nuestra gestión y envíanos tus comentarios hasta el 29 de julio de 2026 al correo https://t.co/ReRJccaojk",https://x.com/Supersubsidio/status/2074971038505427157,338,4,14,0,0,0,3,1,1,2,1,0,0
2074887622858584446,"Wed, Jul 8, 2026","📢 La Superintendencia del Subsidio Familiar ordenó la intervención administrativa total de Comfamiliar Atlántico (Resolución No. 0527 del 6 de julio de 2026), por un término de 12 meses. La medida busca proteger los recursos parafiscales del Sistema, fortalecer la gobernanza de https://t.co/nB2iSJ9ob9",https://x.com/Supersubsidio/status/2074887622858584446,800,3,39,0,2,0,2,2,2,9,0,0,0
2074880664638206345,"Wed, Jul 8, 2026","🛡️ ¡Supervisión con propósito en el Tolima! Estamos en Comfatolima verificando que los recursos de los trabajadores tolimenses se administren con transparencia y eficiencia. 🔍 Porque supervisar es proteger lo que es de todos: la niñez, la vivienda, el empleo y el bienestar de https://t.co/3aqCSsuiCt",https://x.com/Supersubsidio/status/2074880664638206345,322,3,16,0,0,0,1,0,1,1,0,0,0
2074522732214038619,"Tue, Jul 7, 2026","🇨🇴 Somos un gobierno de puertas abiertas. No hay nada que ocultar. Como lo ordena la ley y lo decidió el pueblo, el proceso de entrega del Gobierno continúa de cara al país: público, transparente y ante la ciudadanía. Este mandato termina el 6 de agosto a las 12:00 de la noche. https://t.co/HsV2EOp7Po",https://x.com/Supersubsidio/status/2074522732214038619,313,0,4,0,1,0,2,0,1,1,0,0,0
2072685478835322989,"Thu, Jul 2, 2026","🏳️‍🌈 Unidos por la Diversidad 🏳️‍🌈 Nos unimos a este encuentro cultural que promueve la inclusión, la protección social y el trabajo digno para la comunidad LGBTIQ+, en articulación con la Corporación Caribe Afirmativo. Porque nuestras diferencias nos enriquecen y nuestros derechos https://t.co/KykDXewC0z",https://x.com/Supersubsidio/status/2072685478835322989,458,5,15,0,0,0,4,2,0,2,0,0,0
2072324480228040892,"Wed, Jul 1, 2026","📝 Damos la bienvenida al Dr. Antonio Eresmid Sanguino Páez, quien asume como Superintendente del Subsidio Familiar (E). Le deseamos muchos éxitos en esta nueva responsabilidad y reiteramos nuestro compromiso de seguir trabajando, de manera articulada, por el fortalecimiento del https://t.co/QgoY36vpa5",https://x.com/Supersubsidio/status/2072324480228040892,1266,7,61,1,10,3,5,1,9,8,0,0,0
2071318886503633336,"Sun, Jun 28, 2026","¡Gracias, Superintendente Sandra Viviana Cadena Martínez! 💙✨ Hoy cerramos un capítulo imborrable en la historia de la Superintendencia del Subsidio Familiar. Hace 18 meses, el 30 de diciembre de 2024, la Dra. Sandra Viviana Cadena Martínez asumió el liderazgo de esta entidad https://t.co/ZXIywFIJzD",https://x.com/Supersubsidio/status/2071318886503633336,2577,26,73,0,13,0,4,8,10,25,0,0,0
2071304067104829725,"Sun, Jun 28, 2026","🌈 Todas las familias merecen igualdad de oportunidades, respeto y protección. En la Superintendencia del Subsidio Familiar trabajamos cada día para que así sea. #Supersubsidio #SupervisarEsCuidar #SubsidioFamiliar #DíaDelOrgullo #InclusiónLaboral https://t.co/4NgTmPjidH",https://x.com/Supersubsidio/status/2071304067104829725,387,5,12,0,0,0,1,2,0,0,0,1,0
2070642352067113120,"Fri, Jun 26, 2026","¡La innovación sigue transformando las regiones! 🚀✨ En Barranquilla,la Supersubsidio junto a cinco Cajas de Compensación Familiar y Fedecajas nos unimos en la II Asistencia Técnica Regional del Laboratorio SuperNova: dos días de Bootcamp, una Hackatón con grandes ideas y el https://t.co/r64Y2ljtmI",https://x.com/Supersubsidio/status/2070642352067113120,328,1,14,0,0,0,3,0,0,0,0,0,0
2070165322359800134,"Thu, Jun 25, 2026","📝 Para más información sobre el proceso de aplicación a este subsidio, consulta con tu caja de compensación familiar. https://t.co/Wv6Cj0nns0",https://x.com/Supersubsidio/status/2070165322359800134,89,1,5,0,0,0,2,1,0,0,0,0,0
2070165305834299433,"Thu, Jun 25, 2026",https://t.co/A4WV2BTkvs,https://x.com/Supersubsidio/status/2070165305834299433,130,4,11,1,0,0,2,2,0,0,0,0,0
2070165288843153429,"Thu, Jun 25, 2026","🏠 Si quieres acceder al subsidio familiar para construcción o mejoramiento de vivienda que otorgan las cajas de compensación, presta mucha atención a todo lo que necesitas saber. #SubsidioDeVivienda #SubsidioFamiliar #Supersubsidio #Subsidios https://t.co/GyDIXFiFSH",https://x.com/Supersubsidio/status/2070165288843153429,346,4,22,1,1,0,3,2,3,0,0,2,0
2069873596063965674,"Wed, Jun 24, 2026",📍 Santa Marta | Supersubsidio audita en terreno los proyectos de inversión en servicios recreativos y administrativos de CAJAMAG. 💰 Monto auditado: $36.726 millones aproximadamente. Verificamos que cada peso del sistema de subsidio familiar se administre con transparencia y https://t.co/ZYCn6C4Uty,https://x.com/Supersubsidio/status/2069873596063965674,287,2,12,0,0,0,3,0,1,1,0,0,0
2069187048884609059,"Mon, Jun 22, 2026","📋 Visita ordinaria a Comfenalco Antioquia. La Supersubsidio realiza una visita ordinaria a Comfenalco Antioquia para verificar el cumplimiento normativo, los controles internos y la correcta administración de los recursos del Sistema del Subsidio Familiar. Así seguimos https://t.co/MGDB3ogWpk",https://x.com/Supersubsidio/status/2069187048884609059,205,1,25,0,0,0,2,0,1,2,0,0,0
2068065846241415546,"Fri, Jun 19, 2026",Muchos confunden el Subsidio al Cesante con Subsidio al Desempleo. Aquí te explicamos la diferencia para que tengas claro este concepto. 📝 #SubsidioFamiliar #Supersubsidio #SupervisarEsCuidar #Subsidios https://t.co/1A2EJ6Hd0r,https://x.com/Supersubsidio/status/2068065846241415546,131,2,12,1,0,0,1,1,0,0,0,0,0
2067716583414214878,"Thu, Jun 18, 2026","🔍 Estamos en Nariño realizado labores de inspección, vigilancia y control en Comfamiliar Nariño, verificando que los recursos del Sistema del Subsidio Familiar lleguen con eficiencia y transparencia a los trabajadores y sus familias. #Supersubsidio #SupervisarEsCuidar https://t.co/VUKCvwkGdk",https://x.com/Supersubsidio/status/2067716583414214878,113,0,11,0,0,0,2,1,0,0,0,0,0
2067450399422833038,"Thu, Jun 18, 2026","@William_GuzmanS @Compensar_info Buen día. Agradecemos tu comunicación con la Supersubsidio. El valor de la cuota monetaria para 2026 fue definido mediante la Resolución 0091 del 30 de enero de 2026. No obstante, su aplicación no fue inmediata, dado que dicho acto administrativo estuvo sujeto a recursos antes",https://x.com/Supersubsidio/status/2067450399422833038,22,0,0,0,0,0,0,0,0,0,0,0,0
2067449707509494227,"Thu, Jun 18, 2026","@FranSerran @Compensar_info @ServiciodEmpleo @sicsuper Buen día. Agradecemos tu comunicación con la Supersubsidio. Nos complace conocer que la situación fue aclarada por la Agencia de Empleo Compensar y que el requisito pendiente, correspondiente a una postulación anterior, ya fue subsanado. Te recomendamos estar atento a los",https://x.com/Supersubsidio/status/2067449707509494227,17,0,0,0,0,0,0,0,0,0,0,0,0
2067328963899527172,"Wed, Jun 17, 2026",📍 ¡Trabajamos por el bienestar de las familias en el Putumayo! En la Supersubsidio continuamos con nuestra tarea en territorio. Realizamos una visita especial de inspección y vigilancia a Comfamiliar Putumayo con el fin de auditar de cerca los proyectos de inversión en https://t.co/KN0TITSj9K,https://x.com/Supersubsidio/status/2067328963899527172,124,2,9,0,0,0,2,0,0,0,0,0,0
2067028046675153271,"Tue, Jun 16, 2026",https://t.co/NQlW2pxrBq,https://x.com/Supersubsidio/status/2067028046675153271,149,2,7,1,0,0,2,1,0,1,0,0,0
2066987632282763684,"Tue, Jun 16, 2026","Si quieres acceder al Subsidio Familiar que otorgan las Cajas de Compensación Familiar en este 2026, presta mucha atención a todo lo que debes saber. 💵👨‍👩‍👧‍👦 #SubsidioFamiliar #Subsidios #Supersubsidio #SupervisarEsCuidar https://t.co/ocZ8OxgS3f",https://x.com/Supersubsidio/status/2066987632282763684,209,1,15,0,0,0,3,1,0,0,0,2,0
2066920391738552376,"Tue, Jun 16, 2026","@gusibecerra @Compensar_info Buen día. Agradecemos tu comunicación con la Supersubsidio. Dado que tu caso requiere analizar la situación presentada con la Caja de Compensación @Compensar_info, agradecemos redactes los hechos presentados de manera clara y cronológica, indicando lo ocurrido de forma detallada.",https://x.com/Supersubsidio/status/2066920391738552376,14,0,0,0,0,0,0,0,0,0,0,0,0
2066920092542099565,"Tue, Jun 16, 2026","@gusibecerra @Compensar_info @petrogustavo Buen día. Agradecemos tu comunicación con la Supersubsidio. Dado que tu caso requiere analizar la situación presentada con la Caja de Compensación @Compensar_info, agradecemos redactes los hechos presentados de manera clara y cronológica, indicando lo ocurrido de forma detallada.",https://x.com/Supersubsidio/status/2066920092542099565,12,0,0,0,0,0,0,0,0,0,0,0,0
2066919849905758341,"Tue, Jun 16, 2026","@gusibecerra @Compensar_info @petrogustavo Buen día. Agradecemos tu comunicación con la Supersubsidio. Dado que tu caso requiere analizar la situación presentada con la Caja de Compensación @Compensar_info, agradecemos redactes los hechos presentados de manera clara y cronológica, indicando lo ocurrido de forma detallada.",https://x.com/Supersubsidio/status/2066919849905758341,14,0,0,0,0,0,0,0,0,0,0,0,0
2066919523383488616,"Tue, Jun 16, 2026","@FranSerran Buen día. Agradecemos tu comunicación con la Supersubsidio. Para verificar el estado de tu PQRSF, por favor indícanos el correo electrónico desde el cual fue radicada o el número de radicado, si la solicitud se presentó a través de la Sede Electrónica. Te recomendamos estar",https://x.com/Supersubsidio/status/2066919523383488616,8,1,1,0,0,0,0,0,0,0,0,0,0
2066919292357013938,"Tue, Jun 16, 2026","@FranSerran @Compensar_info @ServiciodEmpleo @sicsuper Buen día. Agradecemos tu comunicación con la Supersubsidio. Con el fin de analizar tu caso, te invitamos a contarnos en detalle la situación presentada con la Caja de Compensación Familiar @Compensar_info Así mismo, te solicitamos enviar los documentos que consideres de",https://x.com/Supersubsidio/status/2066919292357013938,15,0,3,0,0,0,1,0,0,0,2,0,0
2066905422494052765,"Tue, Jun 16, 2026","🔧 Aviso importante | Mantenimiento programado. Nuestra sede electrónica estará temporalmente fuera de servicio desde el martes 16 de junio a las 4:00 p. m. hasta el miércoles 17 de junio a las 5:00 a. m., mientras realizamos mejoras técnicas para ofrecerte una plataforma más https://t.co/M49nX5S8b0",https://x.com/Supersubsidio/status/2066905422494052765,92,1,4,0,0,0,1,1,0,0,0,0,0
2066147081970942276,"Sun, Jun 14, 2026","👨‍👧‍👦 A los que madrugan, a los que llegan cansados y aún así dan todo, a los que enseñan con el ejemplo: ¡Feliz Día del Padre! Hoy les rendimos un homenaje especial a todos los papás de Colombia, esos que sostienen, cuidan y guían cada día con amor y dedicación. 💙 Desde la https://t.co/IDCVhKBg3F",https://x.com/Supersubsidio/status/2066147081970942276,796,8,15,0,1,0,3,3,1,0,0,0,0
2065975407589871965,"Sun, Jun 14, 2026","🌿 Del 10 al 12 de junio estuvimos en el Departamento del Chocó, llevando nuestra Estrategia de Educación Informal a trabajadores con discapacidad para que conozcan y ejerzan sus derechos como afiliados al Sistema del Subsidio Familiar. Porque supervisar también es llegar a https://t.co/ITo2VjTmw2",https://x.com/Supersubsidio/status/2065975407589871965,419,3,12,0,0,0,1,4,0,0,0,0,0
2065882019079360607,"Sat, Jun 13, 2026","¡Llegamos a Antioquia con un mensaje de inclusión y derechos! 🏳️‍🌈✨ Del 10 al 12 de junio de 2026, nuestra Oficina de Protección al Usuario lideró en Antioquia las Jornadas de Capacitación y Atención Focalizada para la población LGBTIQ+, en un esfuerzo articulado con Comfama y https://t.co/v8gp7zPRMR",https://x.com/Supersubsidio/status/2065882019079360607,122,5,14,0,0,0,1,0,0,0,0,0,0
2065803897252265998,"Sat, Jun 13, 2026","🌿 Risaralda, gracias por recibirnos. Del 6 al 9 de junio, nuestra Oficina de Protección al Usuario estuvo en el corazón del Eje Cafetero llevando educación informal a trabajadores rurales de 10 empresas del departamento. Porque cuando la información llega a quien la necesita, https://t.co/7lxP2eEtZD",https://x.com/Supersubsidio/status/2065803897252265998,100,4,8,0,1,0,1,0,0,2,0,1,0
2065602603371642941,"Sat, Jun 13, 2026","Desde Barranquilla, en el ENAFED 2026, reafirmamos que el Trabajo 4.0 no se trata de máquinas: se trata de personas. 🤝 Las Cajas de Compensación tienen un rol clave en esta transformación, y Supersubsidio acompaña ese camino con supervisión inteligente, basada en 4 pilares: https://t.co/QbK5wht0tH",https://x.com/Supersubsidio/status/2065602603371642941,89,1,6,0,0,0,1,0,0,1,0,0,0
2065515760391434272,"Fri, Jun 12, 2026","🔍 ¡En el Meta, la supervisión llega hasta donde las familias lo necesitan! Nuestros equipos están en terreno en Puerto López, verificando que cada peso destinado a las Cajas de Compensación Familiar se traduzca en bienestar real para la comunidad. ✅ Auditoría en ejecución al https://t.co/X826xEPLSq",https://x.com/Supersubsidio/status/2065515760391434272,75,2,3,0,0,0,1,0,0,0,0,0,0
2065420010814665034,"Fri, Jun 12, 2026","🔧 Aviso importante | Mantenimiento programado. Nuestra sede electrónica estará temporalmente fuera de servicio desde el viernes 12 de junio a las 4:00 p. m. hasta el sábado 13 de junio a las 4:00 p. m., mientras realizamos mejoras técnicas para ofrecerte una plataforma más https://t.co/d4VUAgiRO4",https://x.com/Supersubsidio/status/2065420010814665034,97,2,3,0,0,0,1,0,0,0,0,0,0
2065182660226322543,"Thu, Jun 11, 2026",¡Tu voz es clave para construir una gestión transparente! 🗣️✨ Te invitamos a ser parte activa de la Audiencia Pública de Rendición de Cuentas 2026-I de Supersubsidio. Queremos conocer de primera mano cuáles son los temas que más te interesan de nuestra gestión en este periodo. https://t.co/ls8WFA202a,https://x.com/Supersubsidio/status/2065182660226322543,92,3,7,0,0,0,1,0,1,1,0,0,0
2065095488412537276,"Thu, Jun 11, 2026","🏠 REQUISITOS PARA ACCEDER AL SUBSIDIO DE VIVIENDA FAMILIAR EN EL 2026. 💵 Si quieres acceder al subsidio de vivienda que otorgan las Cajas de Compensación familiar en este 2026, presta mucha atención a los requisitos que debes cumplir: 1. Estar afiliado a una Caja de https://t.co/jZAr3qfmQN",https://x.com/Supersubsidio/status/2065095488412537276,249,9,24,0,1,0,1,1,3,0,0,0,0
2064754025120325846,"Wed, Jun 10, 2026","¡Cuidamos los recursos que transforman vidas! 🇨🇴✨ En desarrollo de nuestras funciones de inspección y vigilancia, auditamos más de $53.000 millones en proyectos de inversión de la Caja de Compensación Familiar del Meta (COFREM). Nuestro objetivo es garantizar la correcta https://t.co/eGaPghHOQE",https://x.com/Supersubsidio/status/2064754025120325846,66,2,6,0,0,0,1,0,0,0,0,0,0
2064743890410676277,"Wed, Jun 10, 2026","La Superintendencia del Subsidio Familiar te invita a participar en las jornadas de la Estrategia de Educación Informal para la población LGBTIQ+. Conoce tus derechos, los beneficios del Sistema del Subsidio Familiar, los canales de atención y los mecanismos de participación https://t.co/hhSU3Sj9SC",https://x.com/Supersubsidio/status/2064743890410676277,52,1,5,0,0,0,2,0,2,0,0,0,0
2064502273904882099,"Wed, Jun 10, 2026","🔍 Visita Ordinaria de Inspección | COMFAGUAJIRA. Desde la Supersubsidio realizamos una visita de inspección a la Caja de Compensación Familiar de La Guajira - COMFAGUAJIRA, revisando su información financiera, operativa y social correspondiente a las vigencias 2025 y 2026. https://t.co/BHZgyhvfNp",https://x.com/Supersubsidio/status/2064502273904882099,72,2,13,0,0,0,1,0,0,1,0,0,0
2064366774334701986,"Tue, Jun 9, 2026","@gusibecerra @Compensar_info @Supersalud @CConstitucional Buen día. Agradecemos tu comunicación con la Supersubsidio. Dado que tu caso requiere analizar la situación presentada con la Caja de Compensación @Compensar_info, agradecemos redactes los hechos presentados de manera clara y cronológica, indicando lo ocurrido de forma",https://x.com/Supersubsidio/status/2064366774334701986,10,0,0,0,0,0,0,0,0,0,0,0,0
2062969689433616703,"Fri, Jun 5, 2026","@gusibecerra @Compensar_info @petrogustavo Buen día. Agradecemos tu comunicación con la Supersubsidio. Dado que tu caso requiere analizar la situación presentada con la Caja de Compensación @Compensar_info, agradecemos redactes los hechos presentados de manera clara y cronológica, indicando lo ocurrido de forma detallada.",https://x.com/Supersubsidio/status/2062969689433616703,58,2,5,0,0,0,2,0,1,0,0,0,0
2062969452166041971,"Fri, Jun 5, 2026","@ALEJORS88 @Compensar_info Buen día. Agradecemos tu comunicación con la Supersubsidio. Dado que tu caso requiere analizar la situación presentada con la Caja de Compensación @Compensar_info, agradecemos redactes los hechos presentados de manera clara y cronológica, indicando lo ocurrido de forma",https://x.com/Supersubsidio/status/2062969452166041971,11,0,0,0,0,0,0,0,0,0,0,0,0
2062969117431267683,"Fri, Jun 5, 2026","@gusibecerra @Compensar_info 4/4 Si deseas más información sobre el Sistema del Subsidio Familiar, puedes comunicarte a las líneas (601) 3487777 – (601) 3487800 o a la línea gratuita nacional 018000910110, o presentar tu PQRSF en la sede electrónica https://t.co/DFn7UQ4Ugo.",https://x.com/Supersubsidio/status/2062969117431267683,14,1,1,0,0,0,0,0,0,0,0,0,0
2062969048887861733,"Fri, Jun 5, 2026","@gusibecerra @Compensar_info 3/4 Así mismo, te solicitamos enviar los documentos que consideres de respaldo, junto con tus datos de identificación y contacto, al correo ssf@ssf.gov.co, con el fin de brindarte una respuesta conforme a los términos de ley.",https://x.com/Supersubsidio/status/2062969048887861733,22,2,2,0,0,0,0,0,0,0,0,0,0
2062968997889417634,"Fri, Jun 5, 2026","@gusibecerra @Compensar_info 2/4 Dado que tu caso requiere analizar la situación presentada con la Caja de Compensación @Compensar_info, agradecemos redactes los hechos presentados de manera clara y cronológica, indicando lo ocurrido de forma detallada.",https://x.com/Supersubsidio/status/2062968997889417634,9,0,0,0,0,0,0,0,0,0,0,0,0
2062968941140406346,"Fri, Jun 5, 2026",@gusibecerra @Compensar_info 1/4 Buen día. Agradecemos tu comunicación con la Supersubsidio.,https://x.com/Supersubsidio/status/2062968941140406346,8,0,0,0,0,0,0,0,0,0,0,0,0
2062968712798298338,"Fri, Jun 5, 2026","@oscar_aleon @Colsubsidio_Ofi 4/4 Si deseas más información sobre el Sistema del Subsidio Familiar, puedes comunicarte a las líneas (601) 3487777 – (601) 3487800 o a la línea gratuita nacional 018000910110, o presentar tu PQRSF en la sede electrónica https://t.co/DFn7UQ4Ugo.",https://x.com/Supersubsidio/status/2062968712798298338,13,0,0,0,0,0,0,0,0,0,0,0,0
2062968647853707532,"Fri, Jun 5, 2026","@oscar_aleon @Colsubsidio_Ofi 3/4 Así mismo, te solicitamos enviar los documentos que consideres de respaldo, junto con tus datos de identificación y contacto, al correo ssf@ssf.gov.co, con el fin de brindarte una respuesta conforme a los términos de ley.",https://x.com/Supersubsidio/status/2062968647853707532,46,0,0,0,0,0,0,0,0,0,0,0,0
2062968593772388506,"Fri, Jun 5, 2026","@oscar_aleon @Colsubsidio_Ofi 2/4 Dado que tu caso requiere analizar la situación presentada con la Caja de Compensación @Colsubsidio_Ofi, agradecemos redactes los hechos presentados de manera clara y cronológica, indicando lo ocurrido de forma detallada.",https://x.com/Supersubsidio/status/2062968593772388506,13,0,0,0,0,0,0,0,0,0,0,0,0
2062968533844148678,"Fri, Jun 5, 2026",@oscar_aleon @Colsubsidio_Ofi 1/4 Buen día. Agradecemos tu comunicación con la Supersubsidio.,https://x.com/Supersubsidio/status/2062968533844148678,13,0,1,0,0,0,0,0,0,1,0,0,0
2062909828574376326,"Fri, Jun 5, 2026","✊ Si todos nos comprometemos, los beneficios son reales: salvamos millones de litros de agua para regiones con escasez, reducimos la huella de carbono y evitamos el colapso de nuestros rellenos sanitarios. En el Día Mundial del Medio Ambiente, desde la Superintendencia del https://t.co/3GehLGfdgX",https://x.com/Supersubsidio/status/2062909828574376326,81,3,4,0,0,0,1,0,0,0,0,0,0
2062671789449232836,"Thu, Jun 4, 2026","🌈 En el Mes del Orgullo LGBTI, la Superintendencia del Subsidio Familiar reafirma su compromiso con la diversidad, la equidad y la inclusión laboral. Porque en Bogotá —y en todo Colombia— el bienestar es para todas las personas, sin distinción. ¡Seguimos construyendo un https://t.co/rJzBfYZPmf",https://x.com/Supersubsidio/status/2062671789449232836,79,3,7,0,0,0,2,0,0,0,0,0,0
2062314168959549937,"Wed, Jun 3, 2026","🔍 ¡Supervisión al servicio de las familias colombianas en Barranquilla! Nuestra visita de inspección y vigilancia a Cajacopi verificó el estado de operaciones de esta Caja de Compensación: más de 64.000 trabajadores afiliados, $112.657 millones en aportes parafiscales y miles https://t.co/l3ohfxBigE",https://x.com/Supersubsidio/status/2062314168959549937,137,3,14,0,0,0,2,0,0,2,0,0,0
2061849593680187608,"Tue, Jun 2, 2026",https://t.co/cxMxYC6xtU,https://x.com/Supersubsidio/status/2061849593680187608,26,1,2,0,0,0,1,0,0,0,0,0,0
2061849578106720489,"Tue, Jun 2, 2026",https://t.co/3LKpTLK5Ft,https://x.com/Supersubsidio/status/2061849578106720489,100,1,5,0,0,0,2,0,0,0,0,0,0
2061849544527151447,"Tue, Jun 2, 2026",https://t.co/9SkJo9IYNt,https://x.com/Supersubsidio/status/2061849544527151447,139,0,3,0,0,0,1,0,0,0,0,0,0
2061849529205350766,"Tue, Jun 2, 2026",Conoce y aprovecha los beneficios a los que tienes derecho como trabajador afiliado al Sistema del Subsidio Familiar. 🏠💵 #SubsidioFamiliar #CajasDeCompensación #Subsidios #Supersubsidio #SupervisarEsCuidar https://t.co/HT9uaBz1Ci,https://x.com/Supersubsidio/status/2061849529205350766,211,3,9,0,0,0,2,0,0,0,0,0,0
2060529319055679668,"Sat, May 30, 2026","¡Gracias Barranquilla por permitirnos crecer juntos! 🇨🇴✨ Del 25 al 28 de mayo, nuestra Oficina de Protección al Usuario (OPU) trasladó su Estrategia de Educación Informal a Barranquilla. De la mano de Cajacopi, Comfamiliar Atlántico y Combarranquilla, visitamos 9 empresas y https://t.co/Aajx986lYa",https://x.com/Supersubsidio/status/2060529319055679668,87,2,4,0,0,0,2,0,0,0,0,0,0
2060482543443734746,"Fri, May 29, 2026",🔍 ¡Trabajamos en territorio por el bienestar y la transparencia! Realizamos una visita de inspección a COMFACUNDI para verificar de primera mano el cumplimiento normativo y asegurar que los servicios se presten con la calidad que los afiliados merecen. Nuestro propósito https://t.co/BtgelUyPHL,https://x.com/Supersubsidio/status/2060482543443734746,75,3,13,0,0,0,2,0,0,3,0,0,0
2060041921309876519,"Thu, May 28, 2026","Una vez recibamos tu solicitud, en un plazo máximo de tres (3) días hábiles te enviaremos la confirmación de inscripción y el paso a paso para acceder a los contenidos. #SubsidioFamiliar #Supersubsidio #SupervisarEsCuidar #CursosGratis https://t.co/Ho8SsTMWkO",https://x.com/Supersubsidio/status/2060041921309876519,120,1,4,0,0,0,1,0,0,0,0,0,0
2060041906780790925,"Thu, May 28, 2026",https://t.co/yBhvJaRKWF,https://x.com/Supersubsidio/status/2060041906780790925,173,1,9,0,0,0,2,0,0,1,0,0,0
2060041887981900287,"Thu, May 28, 2026","💻 Para inscribirte en los cursos debes enviar un correo electrónico a ssf@ssf.gov.co con el asunto ‘Inscripción cursos SSF’, incluyendo tu nombre completo, número de cédula y correo electrónico. https://t.co/7HZQji132q",https://x.com/Supersubsidio/status/2060041887981900287,213,1,5,0,1,0,2,0,1,0,0,0,0
2059730132953190512,"Wed, May 27, 2026","¡Garantizando el rigor técnico en las regiones! 🇨🇴✨ Desde la Supersubsidio, a través de la Delegada para Estudios Especiales y Evaluación de Proyectos, adelantamos una jornada de supervisión en el Parque Consotá de la Caja de Compensación Familiar de Risaralda. Actualmente nos https://t.co/W3JMJJK7VV",https://x.com/Supersubsidio/status/2059730132953190512,98,4,22,0,0,0,1,1,0,5,0,0,0
2059308797928046619,"Tue, May 26, 2026","@agentecobo @HelgaMaRivasAr @Minvivienda @sicsuper 4/4 Si deseas obtener más información, puedes comunicarte a través de nuestros canales de atención disponibles en el siguiente enlace: https://t.co/bLnm9QgBJU",https://x.com/Supersubsidio/status/2059308797928046619,28,1,11,0,1,0,0,0,0,8,2,0,0
2059308713865797983,"Tue, May 26, 2026","@agentecobo @HelgaMaRivasAr @Minvivienda @sicsuper 3/4 Por lo anterior, le sugerimos respetuosamente verificar su situación directamente con la constructora y, de ser necesario, acudir a la Superintendencia de Industria y Comercio, entidad competente en materia de protección al consumidor y vigilancia sobre las relaciones",https://x.com/Supersubsidio/status/2059308713865797983,16,1,1,0,0,0,0,0,0,0,0,0,0
2059308638741659889,"Tue, May 26, 2026","@agentecobo @HelgaMaRivasAr @Minvivienda @sicsuper 2/4 Nuestra función se limita a ejercer inspección, vigilancia y control sobre las Cajas de Compensación Familiar, así como a impartir instrucciones para el adecuado cumplimiento de las normas que regulan el Sistema del Subsidio Familiar.",https://x.com/Supersubsidio/status/2059308638741659889,48,1,1,0,0,0,0,0,0,0,0,0,0
2059308437234717070,"Tue, May 26, 2026","@agentecobo @HelgaMaRivasAr @Minvivienda @sicsuper 1/4 Buen día. Agradecemos tu comunicación con la Supersubsidio. En ese sentido, la Superintendencia del Subsidio Familiar no tiene competencia para pronunciarse sobre la interpretación, modificación o cumplimiento de acuerdos contractuales celebrados entre particulares.",https://x.com/Supersubsidio/status/2059308437234717070,20,0,0,0,0,0,0,0,0,0,0,0,0
2059056415528902658,"Mon, May 25, 2026",Así ejercemos nuestra labor de inspección y vigilancia desde Risaralda: auditando que los recursos del sistema de subsidio familiar lleguen a quienes más los necesitan. 🔍💼 #Supersubsidio #SupervisarEsCuidar #Risaralda #SubsidioFamiliar https://t.co/UEEWztZGxp,https://x.com/Supersubsidio/status/2059056415528902658,117,1,19,0,1,0,1,0,0,3,0,0,0
2058996028712571256,"Mon, May 25, 2026","🛡️ ¡Seguimos comprometidos con una gestión responsable y al servicio de la ciudadanía! Durante la visita ordinaria a la Caja de Compensación Familiar COMCAJA, se fortalece el seguimiento y acompañamiento, validando: ✅ El cumplimiento normativo. ✅ La calidad de los servicios. https://t.co/PnItgGDpPV",https://x.com/Supersubsidio/status/2058996028712571256,126,0,14,0,0,0,1,1,1,4,0,0,0
2058936242088141096,"Mon, May 25, 2026",https://t.co/MvHmoUYEa8,https://x.com/Supersubsidio/status/2058936242088141096,35,0,3,0,0,0,0,0,0,0,0,0,0
2058936222924329366,"Mon, May 25, 2026",https://t.co/vJLJulX904,https://x.com/Supersubsidio/status/2058936222924329366,64,0,6,0,0,0,1,0,1,0,0,0,0
2058936182583505184,"Mon, May 25, 2026","🛡️ A diferencia del concepto general de desempleo, este mecanismo se enfoca específicamente en el cesante (alguien que tenía un trabajo formal y lo perdió), buscando garantizar su seguridad social, brindarle un alivio financiero y facilitar su reincorporación al mercado laboral. https://t.co/SC7t1tLBOq",https://x.com/Supersubsidio/status/2058936182583505184,56,0,3,0,0,0,1,0,0,0,0,0,0
2058936157090508883,"Mon, May 25, 2026","📝 El Mecanismo de Protección al Cesante es una política del Gobierno Nacional de Colombia, administrada por las Cajas de Compensación Familiar, diseñada para amparar a las personas que han perdido su empleo. #SubsidioFamiliar #Supersubsidio #SupervisarEsCuidar #Subsidios https://t.co/lOpJAyjx9x",https://x.com/Supersubsidio/status/2058936157090508883,149,4,9,0,0,0,1,2,1,1,0,0,0
2058310216614051985,"Sat, May 23, 2026","🤝 ¡Supersubsidio presente en el Huila! Nuestra Oficina de Protección al Usuario participó en el conversatorio ""Perspectivas del Subsidio Familiar"", escuchando de primera mano las inquietudes y necesidades de los trabajadores huilenses. Porque nuestro compromiso es garantizar https://t.co/Rvxyl6Qq1U",https://x.com/Supersubsidio/status/2058310216614051985,97,1,1,0,0,0,0,0,0,0,0,0,0
2058260856312578359,"Sat, May 23, 2026","🎙️ ""Cuando se gestiona con eficiencia, transparencia y vocación de servicio, ocurren cosas como esta. No una, sino dos inauguraciones en el mismo día. Dos comunidades que hoy tienen más que ayer. Cientos de familias que esta noche se van a dormir con algo que no tenían esta https://t.co/bTXibrQ0GS",https://x.com/Supersubsidio/status/2058260856312578359,147,2,5,0,1,0,0,0,0,3,0,0,0
2058018041410003269,"Sat, May 23, 2026","🇨🇴 Nuestra Superintendente, Sandra Viviana Cadena Martínez, llegó a Restrepo, Meta, para verificar la inauguración de la nueva sede del Colegio Cofrem Restrepo, un edificio de 3.900 m² construidos, diseñado para el futuro de la juventud en el Meta. 📝 Esta infraestructura de 5 https://t.co/2Mfz5tOk7T",https://x.com/Supersubsidio/status/2058018041410003269,856,10,94,0,0,0,1,4,4,2,0,0,0
2057935137837601161,"Fri, May 22, 2026","¡Llegamos a Cartagena con los Laboratorios de Simplicidad! 🇨🇴✨ ​A través de nuestra Oficina de Protección al Usuario, visitamos Comfenalco y Comfamiliar Cartagena y Bolívar. ¿El objetivo? Trabajar de la mano con los afiliados para que la información sobre subsidios, servicios y https://t.co/QptXjDXXpC",https://x.com/Supersubsidio/status/2057935137837601161,123,3,9,0,0,0,0,0,0,0,0,0,0
2057925973081768204,"Fri, May 22, 2026","📍 ¡La Supersubsidio en Montería! Durante tres días, nuestra Oficina de Protección al Usuario lideró el COMTAC junto a las Cajas de Compensación Familiar, trabajando por un sistema más humano, eficiente y centrado en el ciudadano. 🤝 Porque proteger a los afiliados no es solo https://t.co/AQLbU060Lb",https://x.com/Supersubsidio/status/2057925973081768204,170,2,11,0,0,0,1,0,0,0,0,0,0
2057924570191941938,"Fri, May 22, 2026","🇨🇴 Nuestra Superintendente, Sandra Viviana Cadena Martínez, llegó a Puerto López, Meta, para verificar la inauguración de la nueva sede del Colegio Cofrem. 📝 Esta infraestructura escolar de 2.969 m² con diseño modular de vanguardia ofrece espacios dignos y de calidad para el https://t.co/numUOYQaNZ",https://x.com/Supersubsidio/status/2057924570191941938,749,9,63,0,0,0,0,2,1,2,0,0,0
2056929634365608157,"Wed, May 20, 2026",🔍 Visita técnica integral en Comfamiliar de Nariño. Nuestra Delegada para Estudios Especiales y Evaluación de Proyectos realizó una auditoría por cerca de $22.664 millones invertidos en servicios de recreación y administración — porque cada peso del Sistema del Subsidio https://t.co/kfqVuR9Y0S,https://x.com/Supersubsidio/status/2056929634365608157,157,1,11,0,0,0,1,0,1,2,0,0,0
2056879021288284421,"Tue, May 19, 2026","@pimenteljz 3/3 Si deseas más información, puedes comunicarte a través de nuestros canales de atención: https://t.co/bLnm9QgBJU",https://x.com/Supersubsidio/status/2056879021288284421,11,0,0,0,0,0,0,0,0,0,0,0,0
2056877484881105005,"Tue, May 19, 2026","@pimenteljz 2/3 Asimismo, si requieres que revisemos tu caso específico, puedes remitirnos el detalle de la situación junto con los documentos pertinentes al correo ssf@ssf.gov.co.",https://x.com/Supersubsidio/status/2056877484881105005,12,0,0,0,0,0,0,0,0,0,0,0,0
2056877401800385022,"Tue, May 19, 2026","@pimenteljz 1/3 Buen día. Agradecemos tu comunicación con la Supersubsidio. Con el fin de brindarte una orientación adecuada, te invitamos a ampliar tu comentario indicando a qué modalidad de subsidio te refieres.",https://x.com/Supersubsidio/status/2056877401800385022,13,0,0,0,0,0,0,0,0,0,0,0,0
2056812234567757999,"Tue, May 19, 2026","@RicardoTsuchiya 4/4 Si deseas más información, puedes comunicarte a través de nuestros canales de atención: https://t.co/bLnm9QgBJU",https://x.com/Supersubsidio/status/2056812234567757999,10,0,7,0,0,0,0,0,0,2,5,0,0
2056812066749517976,"Tue, May 19, 2026","@RicardoTsuchiya 3/4 Te recomendamos comunicarte directamente con tu Caja de Compensación Familiar para conocer fechas de postulación, requisitos específicos y disponibilidad de recursos.",https://x.com/Supersubsidio/status/2056812066749517976,9,0,0,0,0,0,0,0,0,0,0,0,0
2056811923014828312,"Tue, May 19, 2026","@RicardoTsuchiya 2/4 En ese sentido, si el predio se encuentra a nombre de varias personas, podría ser viable siempre que hagan parte del grupo familiar del afiliado postulante y se cumplan los demás requisitos establecidos por la Caja de Compensación Familiar correspondiente.",https://x.com/Supersubsidio/status/2056811923014828312,8,0,0,0,0,0,0,0,0,0,0,0,0
2056811488912744578,"Tue, May 19, 2026","@RicardoTsuchiya 1/4 Buen día. Agradecemos tu comunicación con la Supersubsidio. Para acceder al subsidio de vivienda otorgado por las Cajas de Compensación Familiar, uno de los requisitos es que el predio se encuentre a nombre del afiliado o de algún integrante del grupo familiar postulante.",https://x.com/Supersubsidio/status/2056811488912744578,22,0,0,0,0,0,0,0,0,0,0,0,0
2056774971263750561,"Tue, May 19, 2026","@paspur @Cajacopi 4/4 Para ampliar esta información o recibir atención personalizada, te invitamos a consultar nuestros canales de atención: https://t.co/bLnm9QgBJU",https://x.com/Supersubsidio/status/2056774971263750561,14,0,0,0,0,0,0,0,0,0,0,0,0
2056774890720514547,"Tue, May 19, 2026","@paspur @Cajacopi 3/4 Si deseas que desde la Supersubsidio revisemos tu situación en particular, puedes remitirnos el detalle de tu caso junto con los documentos que consideres pertinentes al correo ssf@ssf.gov.co.",https://x.com/Supersubsidio/status/2056774890720514547,15,1,1,0,0,0,0,0,0,0,0,0,0
2056774817005650209,"Tue, May 19, 2026","@paspur @Cajacopi 2/4 Por esta razón, puede ocurrir que en algunos periodos no se abran convocatorias para determinadas modalidades del subsidio, debido a la disponibilidad presupuestal de cada Caja de Compensación Familiar.",https://x.com/Supersubsidio/status/2056774817005650209,14,1,1,0,0,0,0,0,0,0,0,0,0
2056774735229329608,"Tue, May 19, 2026","@paspur @Cajacopi 1/4 Buen día. Agradecemos tu comunicación con la Supersubsidio.Queremos contarte que todas las Cajas de Compensación Familiar pueden otorgar subsidios familiares de vivienda. Sin embargo, su asignación está sujeta tanto a la disponibilidad de recursos de cada Caja como al",https://x.com/Supersubsidio/status/2056774735229329608,20,1,1,0,0,0,0,0,0,0,0,0,0
2056772170894757991,"Tue, May 19, 2026","📝 Si cumples con los requisitos mencionados, acércate a tu caja de compensación familiar para solicitar información sobre el proceso de aplicación y presta mucha atención a las instrucciones para aplicar de forma correcta. https://t.co/MhHSu7M71p",https://x.com/Supersubsidio/status/2056772170894757991,139,2,15,0,0,0,1,1,0,0,0,0,0
2056772146660028674,"Tue, May 19, 2026",https://t.co/Y9LPhEGld2,https://x.com/Supersubsidio/status/2056772146660028674,165,4,56,1,1,0,2,0,0,0,0,0,0
2056772109192360235,"Tue, May 19, 2026",https://t.co/Rfw0rs1MDd,https://x.com/Supersubsidio/status/2056772109192360235,139,1,98,0,0,0,1,0,0,0,0,0,0
2056772092536729815,"Tue, May 19, 2026","🏠 Si quieres acceder al subsidio de vivienda que otorgan las Cajas de Compensación familiar en este 2026, presta mucha atención a los requisitos que debes cumplir. 🧵 #SubsidioDeVivienda #SubsidioFamiliar #Subsidios #Supersubsidio #SubsidioVivienda https://t.co/Wk5upqPpyp",https://x.com/Supersubsidio/status/2056772092536729815,3211,39,229,25,16,9,2,21,18,17,0,6,0
2055097307654242813,"Fri, May 15, 2026","¡El Chocó es territorio de vida y transformación! 🇨🇴✨ La Superintendente Sandra Viviana Cadena Martínez visitó COMFACHOCÓ para conocer de cerca el trabajo que esta Caja de Compensación realiza cada día por las familias chocoanas: niños en sus primeros años de vida, estudiantes https://t.co/SvizhUcn3V",https://x.com/Supersubsidio/status/2055097307654242813,131,7,12,0,0,0,1,1,1,1,0,1,0
2055047525191544840,"Thu, May 14, 2026","Seguimos en territorio, conociendo de cerca los retos y oportunidades de nuestra gente. 📍 Hoy desde Nuquí, Chocó, recorremos las Cabañas Oquendo de Comfachocó. Un espacio de turismo social diseñado para que las familias colombianas disfruten de un descanso digno frente al https://t.co/r2isNIXru3",https://x.com/Supersubsidio/status/2055047525191544840,594,13,21,0,0,0,2,2,1,3,0,0,0
2055016661527273910,"Thu, May 14, 2026","🌊 ¡Llegamos al paraíso de Nuquí! 📍 En este segundo día de nuestra jornada por el Chocó, la Superintendente aterrizó en este rincón del Pacífico para verificar de primera mano la ampliación del Centro Vacacional Oquendo. 🏠✨ Sabemos que el turismo social es clave para https://t.co/YQTNQSYbjC",https://x.com/Supersubsidio/status/2055016661527273910,493,10,29,0,0,0,1,4,1,2,0,0,0
2054684917330481535,"Wed, May 13, 2026",Porque la supervisión no es solo revisión de cifras — es compromiso con cada rincón del país y cuidar los recursos que pertenecen a las familias trabajadoras de Colombia. 🇨🇴 #Supersubsidio #SupervisarEsCuidar #SubsidioFamiliar #Chocó https://t.co/oSxwFFuGYv,https://x.com/Supersubsidio/status/2054684917330481535,52,1,3,0,0,0,0,0,0,0,0,0,0
2054684863907741949,"Wed, May 13, 2026","La Superintendente Sandra Viviana Cadena Martínez visitó COMFACHOCÓ para verificar de primera mano los servicios que transforman vidas en la región: educación de calidad, atención a la niñez, recreación y protección social para los trabajadores y sus familias. https://t.co/rJKlvf1fIv",https://x.com/Supersubsidio/status/2054684863907741949,106,2,8,0,0,0,1,0,1,0,0,0,0
2054684781418307916,"Wed, May 13, 2026",¡Presencia y compromiso en el Chocó! 🐋 https://t.co/21AbpYJmfx,https://x.com/Supersubsidio/status/2054684781418307916,483,8,29,0,0,0,2,4,2,3,0,0,0
2054300662163550243,"Tue, May 12, 2026","🔍 ¡Supersubsidio presente en Antioquia! A través de nuestra Delegada para Estudios Especiales y Evaluación de Proyectos, realizamos una visita especial a Comfenalco Antioquia para auditar proyectos de inversión por un valor cercano a los $44.892.098.035, destinados a servicios https://t.co/YGRryrrALm",https://x.com/Supersubsidio/status/2054300662163550243,745,11,34,0,0,0,1,5,1,1,0,0,0
2054267466587742706,"Tue, May 12, 2026","🔍 Hoy, la Superintendente del Subsidio Familiar, Sandra Viviana Cadena Martínez, visitó en Bogotá la sede central de la Caja de Compensación Familiar Campesina – COMCAJA, para verificar el cumplimiento normativo, administrativo y financiero de la entidad en los cuatro https://t.co/mv0cxZ25vk",https://x.com/Supersubsidio/status/2054267466587742706,444,7,46,0,0,0,2,4,1,5,0,0,0
2053998025874255918,"Tue, May 12, 2026","Llegamos a Sucre para empoderar a más de 80 personas con discapacidad sobre sus derechos. No solo llevamos información, entregamos herramientas reales: kits en Braille, Lengua de Señas y material didáctico. 3 días, 8 jornadas y una misión clara: ser una entidad más humana y https://t.co/Nw6btH2laR",https://x.com/Supersubsidio/status/2053998025874255918,96,3,8,0,0,0,1,3,0,1,0,0,0
2053982277625901341,"Mon, May 11, 2026","🔍 Supersubsidio en Arauca | Visita Ordinaria de Inspección, Vigilancia y Control a COMFIAR. En cumplimiento de nuestras funciones legales, iniciamos la verificación integral de la Caja de Compensación Familiar de Arauca, mediante la Resolución 0329 de 2026. Porque la https://t.co/kfE4irOjEg",https://x.com/Supersubsidio/status/2053982277625901341,101,3,9,0,0,0,0,0,0,0,0,0,0
2053955114935689467,"Mon, May 11, 2026","📍 ¡Estamos en el territorio! Supersubsidio llega al Atlántico ​Del 11 al 15 de mayo, nuestro equipo se encuentra en el departamento del Atlántico realizando una visita de seguimiento integral a Comfamiliar Atlántico. 🔎✨ ​¿El objetivo? Asegurarnos de que cada peso del https://t.co/qy8SMpyfrJ",https://x.com/Supersubsidio/status/2053955114935689467,812,15,41,0,0,1,1,3,1,2,0,0,0
2053470768256708883,"Sun, May 10, 2026","El corazón de una familia late con la fuerza de mamá. ❤️ Hoy desde la Supersubsidio celebramos a esas mujeres que hacen magia con amor y esfuerzo. En especial, a todas las mamás que forman parte del Sistema del Subsidio Familiar; su entrega diaria es la que le da sentido a https://t.co/gb6kWND15k",https://x.com/Supersubsidio/status/2053470768256708883,592,12,23,0,0,0,1,7,1,2,0,0,0
2053149632243327088,"Sat, May 9, 2026","📍 Llegamos al sector rural de Santander con un propósito claro: que la información llegue donde más se necesita. 📝 Seguimos recorriendo el territorio nacional para que todos los trabajadores colombianos conozcan y aprovechen sus derechos. Gracias, Santander, por abrirnos las https://t.co/LQHEmkXAGB",https://x.com/Supersubsidio/status/2053149632243327088,110,2,8,0,0,0,2,0,0,4,0,0,0
2052861560062882196,"Fri, May 8, 2026","🧱 Innovar es construir juntos. La Supersubsidio lideró la primera asistencia técnica regional presencial con las nueve Cajas de Compensación Familiar de la Región Centro. Usamos metodologías como LEGO Serious Play para construir soluciones eficientes, sostenibles y centradas en https://t.co/eDm01dRmkF",https://x.com/Supersubsidio/status/2052861560062882196,112,2,19,0,0,0,2,0,0,0,0,0,0
2052553852168163600,"Fri, May 8, 2026","📝 Supersubsidio en la Junta Directiva de Fedecajas. 🇨🇴 En el Caribe colombiano, nuestra Superintendente participó junto a Mintrabajo, directivos de las Cajas y líderes del sistema en un espacio de diálogo y construcción colectiva. En la agenda: el Proyecto de Ley, #ENAFED2026, https://t.co/GSL8QX7KrG",https://x.com/Supersubsidio/status/2052553852168163600,147,4,36,0,0,0,3,0,0,3,0,0,0
2052533882944196832,"Thu, May 7, 2026","🎙️ Palabras de nuestra superintendente, Sandra Viviana Cadena Martínez, en el marco de la Junta Directiva ordinaria de Fedecajas, sobre la importancia de la actualización normativa del Sistema del Subsidio Familiar. 🇨🇴 Seguimos trabajando por un sistema más eficiente que https://t.co/79V1xss1Fd",https://x.com/Supersubsidio/status/2052533882944196832,1163,11,20,1,1,0,3,4,2,0,0,0,0
2052218683372511743,"Thu, May 7, 2026","🇨🇴 En nuestra visita ordinaria a Comfachoco, instalamos una jornada de trabajo técnica para verificar la gestión corporativa, brindar acompañamiento especializado y evaluar directamente sus procesos internos. Porque la supervisión efectiva no se hace desde el escritorio — se https://t.co/r5LELuG5qh",https://x.com/Supersubsidio/status/2052218683372511743,517,8,21,0,0,0,1,4,1,1,0,0,0
2051722957848822057,"Tue, May 5, 2026","🏠 Si quieres acceder al subsidio familiar para construcción o mejoramiento de vivienda que otorgan las cajas de compensación, presta mucha atención a todo lo que necesitas saber. 📝 Para más información sobre el proceso de aplicación a este subsidio, consulta con tu caja de https://t.co/BpsRtAtosj",https://x.com/Supersubsidio/status/2051722957848822057,42132,565,1254,360,413,89,10,199,142,212,0,27,0
2051412742091780182,"Mon, May 4, 2026","¡Estamos en Casanare! 🌿🤝 Damos inicio a la visita ordinaria de inspección, vigilancia y control a la Caja de Compensación Familiar de Casanare – COMFACASANARE, en cumplimiento de la Resolución No. 315 de 2026. 🔎 Supervisamos para proteger. Controlamos para garantizar. https://t.co/VRlLuf6p8q",https://x.com/Supersubsidio/status/2051412742091780182,309,5,19,0,0,0,1,0,1,1,0,0,0
2051326212841091309,"Mon, May 4, 2026","@FurcasMastema @MinSaludCol 3/3 Para ampliar esta información o recibir atención personalizada, te invitamos a consultar nuestros canales de atención: https://t.co/bLnm9QgBJU",https://x.com/Supersubsidio/status/2051326212841091309,8,0,0,0,0,0,0,0,0,0,0,0,0
2051324544795705361,"Mon, May 4, 2026",@FurcasMastema @MinSaludCol 2/3 La información será suministrada de acuerdo con los términos legales establecidos para la respuesta a solicitudes de información.,https://x.com/Supersubsidio/status/2051324544795705361,7,0,0,0,0,0,0,0,0,0,0,0,0
2051324437526434088,"Mon, May 4, 2026","@FurcasMastema @MinSaludCol 1/ 3 Buen día. Agradecemos tu comunicación con la Supersubsidio. Para la verificación del historial de afiliación a Cajas de Compensación Familiar, es necesario realizar la solicitud formal enviando copia de la cédula de ciudadanía al correo ssf@ssf.gov.co.",https://x.com/Supersubsidio/status/2051324437526434088,17,0,0,0,0,0,0,0,0,0,0,0,0
2051323898902335983,"Mon, May 4, 2026","@Coordinatedfire 4/4 Para ampliar esta información o recibir atención personalizada, te invitamos a consultar nuestros canales de atención: https://t.co/bLnm9QgBJU",https://x.com/Supersubsidio/status/2051323898902335983,8,0,0,0,0,0,0,0,0,0,0,0,0
2051323592915263569,"Mon, May 4, 2026","@Coordinatedfire 3/4 Te recomendamos consultar directamente con tu Caja de Compensación para conocer la fecha en la que se verá reflejado el ajuste en tu caso. Si deseas que desde la Supersubsidio revisemos tu situación en particular, puedes remitirnos el detalle de tu caso al correo",https://x.com/Supersubsidio/status/2051323592915263569,11,0,0,0,0,0,0,0,0,0,0,0,0
2051323504046248312,"Mon, May 4, 2026","@Coordinatedfire 2/4 Una vez finalizado este proceso, la Superintendencia del Subsidio Familiar notificó a las Cajas de Compensación Familiar, en el mes de marzo, sobre la aplicación del nuevo valor y el pago del retroactivo correspondiente, conforme al cronograma que establezca cada Caja.",https://x.com/Supersubsidio/status/2051323504046248312,18,0,0,0,0,0,0,0,0,0,0,0,0
2051323408281997362,"Mon, May 4, 2026","@Coordinatedfire 1/4 Buen día. Agradecemos tu comunicación con la Supersubsidio. El valor de la cuota monetaria para 2026 fue definido mediante la Resolución 0091 del 30 de enero de 2026; sin embargo, su aplicación no fue inmediata debido a que el acto administrativo estuvo sujeto a recursos",https://x.com/Supersubsidio/status/2051323408281997362,16,0,0,0,0,0,0,0,0,0,0,0,0
2050267888418697507,"Fri, May 1, 2026","🇨🇴 Antes se recortaban derechos. Hoy se garantizan. Pasamos de salarios que no alcanzaban para vivir y una alta informalidad, a más ingresos y mayor protección laboral. El trabajo volvió a ser digno y lo logrado no se negocia, se defiende. #NiUnDerechoAtrás https://t.co/IVueXAAh2S",https://x.com/Supersubsidio/status/2050267888418697507,671,16,40,0,0,0,4,14,0,2,0,0,0
2050202961163190750,"Fri, May 1, 2026","Detrás de cada servicio que no se detiene y de cada meta alcanzada, hay un trabajador entregando lo mejor de sí. Hoy celebramos a quienes madrugan, a quienes no paran y a quienes, con su esfuerzo diario, construyen el bienestar de todo un país. En la SuperSubsidio, nuestra labor https://t.co/L7JiAjTXxe",https://x.com/Supersubsidio/status/2050202961163190750,448,12,21,0,0,0,1,5,2,1,0,0,0
2049964664423887188,"Thu, Apr 30, 2026","#NiUnDerechoAtrás| Nos vemos en las plazas del país. Marchamos por el derecho a la vida, por una vejez tranquila y por un salario digno. Medellín nos convoca. 12:30 p. m. – Av. San Juan, a la altura de La Alpujarra. #1MALasPlazas https://t.co/uBaSfDeOBR",https://x.com/Supersubsidio/status/2049964664423887188,167,2,6,0,2,0,1,1,0,1,0,0,0
2049930785034023288,"Thu, Apr 30, 2026","🇨🇴 Palabras de nuestra superintendente, Sandra Viviana Cadena Martínez, en el marco de la implementación de la reforma laboral en la caja de compensación familiar Comfaca: 🎙️ ""Hoy no estamos aquí para cumplir un simple trámite administrativo. Estamos aquí en representación de https://t.co/RknDRU2LoB",https://x.com/Supersubsidio/status/2049930785034023288,650,10,29,0,0,0,2,5,0,2,0,0,0
2049687378755764734,"Thu, Apr 30, 2026","¡Y así nos fue en Caquetá! 📍🌿 Cumplimos una jornada de vigilancia en Comfaca, verificando de primera mano que los servicios y recursos para los trabajadores se estén ejecutando correctamente. ¡Presencia total en el territorio para asegurar que las cosas pasen! 💪 https://t.co/9vzgcrdcGi",https://x.com/Supersubsidio/status/2049687378755764734,114,4,7,0,0,0,2,0,0,1,0,0,0
2049655452003082386,"Thu, Apr 30, 2026",Vinimos a verificar que los recursos de los trabajadores se administren con transparencia y lleguen a donde más se necesitan. ✊✅ #Supersubsidio #SupervisarEsCuidar #SubsidioFamiliar #Caquetá https://t.co/ngEla5yOWB,https://x.com/Supersubsidio/status/2049655452003082386,107,1,6,0,0,0,1,0,0,0,0,0,0
2049655408961241342,"Thu, Apr 30, 2026","¡Hoy estuvimos en el Caquetá! 🌿 Cumplimos una agenda intensa de supervisión en Comfaca, recorriendo cada espacio donde el subsidio familiar se convierte en realidad. Desde la educación y la recreación, hasta el hito de justicia laboral con la formalización de 22 trabajadores. https://t.co/ZabMzkVXwW",https://x.com/Supersubsidio/status/2049655408961241342,569,8,22,0,0,0,2,5,0,2,0,0,0
2049545532918452333,"Wed, Apr 29, 2026","🌿 Caquetá: Donde la vida se transforma y el bienestar florece. En el corazón del sur de Colombia, allí donde la selva respira por todos nosotros, la Superintendente del Subsidio Familiar, Sandra Viviana Cadena Martínez, recorre hoy la ""Puerta de Oro de la Amazonía"". 🚪✨ Este https://t.co/NVchOaOXKV",https://x.com/Supersubsidio/status/2049545532918452333,1148,9,72,0,3,1,2,6,0,15,0,0,0
2049480528240296427,"Wed, Apr 29, 2026","🇨🇴 #ConDignidadCumplimos| El contrato indefinido se fortalece en Colombia. Los contratos por obra o a término fijo siguen vigentes, pero con prestaciones y vacaciones garantizadas, y un tope máximo de 4 años. Si el trabajo continúa, la estabilidad también: pasa a indefinido. El https://t.co/Ctt5mrkQIr",https://x.com/Supersubsidio/status/2049480528240296427,156,2,7,0,0,0,2,1,0,2,0,0,0
2049462972276244551,"Wed, Apr 29, 2026","🇨🇴 La estabilidad vuelve a ser regla y no excepción en el Gobierno del Presidente @petrogustavo. Con la Reforma Laboral, el contrato a término indefinido se convierte en prioridad. Más seguridad para las familias, menos precarización para quienes trabajan todos los días por el https://t.co/dQicfH3efH",https://x.com/Supersubsidio/status/2049462972276244551,93,2,8,0,0,0,2,1,2,1,0,0,0
2049200539540365514,"Tue, Apr 28, 2026","📝 La Superintendencia del Subsidio Familiar continúa fortaleciendo su labor de inspección, vigilancia y control en todo el país. 🔎 En esta oportunidad, realizamos visita a Comfaoriente con el objetivo de evaluar el impacto financiero, jurídico y social de sus programas y https://t.co/5SOe71g9hj",https://x.com/Supersubsidio/status/2049200539540365514,153,3,26,0,0,0,2,1,0,10,0,0,0
2048872073452212527,"Mon, Apr 27, 2026","📍 ¡Presencia en el territorio! Hoy desde el Amazonas. ​En la Superintendencia del Subsidio Familiar trabajamos sin descanso para garantizar que los recursos de los trabajadores lleguen a donde deben: a su bienestar y al de sus familias. 🌳✨ ​Hoy, 27 de abril, nuestro equipo https://t.co/SmjqeCmTJk",https://x.com/Supersubsidio/status/2048872073452212527,152,3,16,0,0,0,2,0,0,8,0,0,0
2048029501070688388,"Sat, Apr 25, 2026","🇨🇴💙 Hoy los celebramos a ellos, el motor del futuro de Colombia! Más de 3,6 millones de niños y niñas hacen parte del Sistema de Subsidio Familiar en 2025. Cada uno con talentos únicos, sueños enormes y un futuro por construir — y nosotros estamos aquí para acompañarlos. 💪 ✨ https://t.co/rqHnayfk52",https://x.com/Supersubsidio/status/2048029501070688388,771,11,24,0,0,0,3,7,1,1,0,0,0
2047733887514587378,"Fri, Apr 24, 2026","🛡️ ¡Fortalecemos el control para proteger el bienestar de los trabajadores! Se llevó a cabo la sesión No. 19 del Comité Técnico de Autocontrol y Gestión del Riesgo. Bajo el liderazgo del Superintendente Delegado para la Gestión, reafirmamos nuestro compromiso con la https://t.co/ARc1lRnJdW",https://x.com/Supersubsidio/status/2047733887514587378,126,3,27,0,0,0,2,1,1,5,0,0,0
2047523305846968682,"Fri, Apr 24, 2026","¡Cumpliéndole a las regiones! 📍🎥 Desde el corazón de Santander, la superintendente del subsidio familiar resalta la importancia de proyectos que impulsan el turismo social y la economía local. Los Trinitarios es el reflejo de una gestión que pone al trabajador en el centro de https://t.co/VXtwGX43J1",https://x.com/Supersubsidio/status/2047523305846968682,1021,20,37,0,1,0,1,10,3,3,0,0,0
2047010147256373534,"Wed, Apr 22, 2026","@TataPineda_ @Colsubsidio_Ofi 4/4 Si deseas más información sobre el Sistema del Subsidio Familiar, puedes comunicarte a las líneas (601) 3487777 – (601) 3487800 o a la línea gratuita nacional 018000910110, o presentar tu PQRSF en la sede electrónica https://t.co/DFn7UQ4Ugo.",https://x.com/Supersubsidio/status/2047010147256373534,34,0,3,0,0,0,0,0,0,3,0,0,0
2047010085935731157,"Wed, Apr 22, 2026","@TataPineda_ @Colsubsidio_Ofi 3/4 Así mismo, te solicitamos enviar los documentos que consideres de respaldo, junto con tus datos de identificación y contacto, al correo ssf@ssf.gov.co, con el fin de brindarte una respuesta conforme a los términos de ley.",https://x.com/Supersubsidio/status/2047010085935731157,34,0,1,0,0,0,1,0,0,0,0,0,0
2047010001626013981,"Wed, Apr 22, 2026","@TataPineda_ @Colsubsidio_Ofi 2/4 Dado que tu caso requiere analizar la situación presentada con la Caja de Compensación @Colsubsidio_Ofi, agradecemos redactes los hechos presentados de manera clara y cronológica, indicando lo ocurrido de forma detallada.",https://x.com/Supersubsidio/status/2047010001626013981,53,0,5,0,0,0,1,0,0,4,0,0,0
2047009931862180129,"Wed, Apr 22, 2026",@TataPineda_ @Colsubsidio_Ofi 1/4 Buen día. Agradecemos tu comunicación con la Supersubsidio.,https://x.com/Supersubsidio/status/2047009931862180129,29,0,4,0,0,0,1,0,0,3,0,0,0
2046813152587768080,"Wed, Apr 22, 2026",@JuanFabioPalac2 6/6 Si deseas más información te puedes comunicar a través de nuestra línea telefónica en Bogotá (601) 3487777 - (601) 3487800 o línea gratuita nacional 018000910110 o presentar tu PQRSF a través de la sede electrónica https://t.co/DFn7UQ4Ugo,https://x.com/Supersubsidio/status/2046813152587768080,19,0,0,0,0,0,0,0,0,0,0,0,0
2046813013382988172,"Wed, Apr 22, 2026",@JuanFabioPalac2 5/6 Te informamos que la Entidad competente para verificar estas situaciones es el Ministerio del Trabajo @MintrabajoCol.,https://x.com/Supersubsidio/status/2046813013382988172,9,0,2,0,0,0,0,0,2,0,0,0,0
2046812886505279820,"Wed, Apr 22, 2026","@JuanFabioPalac2 4/6 Sin embargo, con relación a tu comentario las Cajas de Compensación Familiar son personas jurídicas de derecho privado, sin ánimo de lucro, y se rigen en materia laboral por el Código Sustantivo del Trabajo, por lo tanto, es viable indicar que la Superintendencia del Subsidio",https://x.com/Supersubsidio/status/2046812886505279820,26,0,0,0,0,0,0,0,0,0,0,0,0
2046812809376219457,"Wed, Apr 22, 2026","@JuanFabioPalac2 3/6 También se ejerce un control administrativo, financiero y contable en lo que corresponde a la prestación social del Subsidio Familiar.",https://x.com/Supersubsidio/status/2046812809376219457,14,0,0,0,0,0,0,0,0,0,0,0,0
2046812729424458145,"Wed, Apr 22, 2026",@JuanFabioPalac2 2/6 Te informamos que por parte de la Supersubsidio se realizan visitas ordinarias y especiales a las Cajas de Compensación Familiar con el propósito de verificar el adecuado funcionamiento de las entidades vigiladas.,https://x.com/Supersubsidio/status/2046812729424458145,23,0,1,0,0,0,0,0,1,0,0,0,0
2046812622897500605,"Wed, Apr 22, 2026",@JuanFabioPalac2 1/6 Buen día. Agradecemos tu comunicación con la Supersubsidio.,https://x.com/Supersubsidio/status/2046812622897500605,16,0,0,0,0,0,0,0,0,0,0,0,0
2046787829728985210,"Wed, Apr 22, 2026","@alays1076 @comfandi 4/4 Si deseas más información sobre el Sistema del Subsidio Familiar, puedes comunicarte a las líneas (601) 3487777 – (601) 3487800 o a la línea gratuita nacional 018000910110, o presentar tu PQRSF en la sede electrónica https://t.co/DFn7UQ4Ugo.",https://x.com/Supersubsidio/status/2046787829728985210,34,0,6,0,0,0,0,0,1,5,0,0,0
2046787724758204568,"Wed, Apr 22, 2026","@alays1076 @comfandi 3/4 Así mismo, te solicitamos enviar los documentos que consideres de respaldo, junto con tus datos de identificación y contacto, al correo ssf@ssf.gov.co, con el fin de brindarte una respuesta conforme a los términos de ley.",https://x.com/Supersubsidio/status/2046787724758204568,28,0,6,0,0,0,0,0,0,6,0,0,0
2046787619476955620,"Wed, Apr 22, 2026","@alays1076 @comfandi 2/4 Para analizar la situación presentada con la Caja de Compensación @comfandi, agradecemos redactes los hechos presentados de manera clara y cronológica, indicando lo ocurrido de forma detallada.",https://x.com/Supersubsidio/status/2046787619476955620,19,0,5,0,0,0,0,0,0,5,0,0,0
2046787542662480146,"Wed, Apr 22, 2026",@alays1076 @comfandi 1/4 Buen día. Agradecemos tu comunicación con la Supersubsidio.,https://x.com/Supersubsidio/status/2046787542662480146,22,0,2,0,0,0,0,0,0,2,0,0,0
2046621265876632036,"Tue, Apr 21, 2026","🏠 Si quieres acceder al subsidio de vivienda que otorgan las Cajas de Compensación familiar, presta mucha atención a los requisitos que debes cumplir. 📝 Si cumples con los requisitos mencionados, acércate a tu caja de compensación familiar para solicitar información sobre el https://t.co/LPcPX2Lw8Q",https://x.com/Supersubsidio/status/2046621265876632036,1094,15,51,4,5,1,4,5,5,21,0,0,0
2044504347468243379,"Wed, Apr 15, 2026","📝 Estas son las personas a cargo por las que puedes recibir el subsidio familiar en dinero este 2026. 💻 Para más información, acércate a tu Caja de Compensación Familiar y consulta sobre el proceso y los requisitos para acceder a este derecho. #SubsidioFamiliar #Subsidios https://t.co/pMKdSkVde7",https://x.com/Supersubsidio/status/2044504347468243379,634,17,28,1,0,0,2,8,1,0,0,0,0
2043818072885096486,"Mon, Apr 13, 2026","📝 Desde la Superintendencia del Subsidio Familiar, realizamos una visita de inspección en Compensar con el objetivo de verificar el cumplimiento de los ordenamientos legales, administrativos, financieros y contables. 💡 Durante esta jornada, nuestro equipo técnico supervisa el https://t.co/scAVi66SFQ",https://x.com/Supersubsidio/status/2043818072885096486,211,4,34,0,1,0,4,2,0,5,0,0,0
2043787525261549630,"Mon, Apr 13, 2026","@000aaaaabbb 4/4 Si deseas ampliar esta información o recibir atención personalizada, te invitamos a consultar nuestros canales de atención: https://t.co/bLnm9QgBJU",https://x.com/Supersubsidio/status/2043787525261549630,20,0,0,0,0,0,0,0,0,0,0,0,0
2043787456391131166,"Mon, Apr 13, 2026","@000aaaaabbb 3/4 Una vez esto ocurra, todas las Cajas de Compensación del país deberán realizar el ajuste correspondiente, incluyendo el pago retroactivo de la cuota monetaria según lo establecido para 2026.",https://x.com/Supersubsidio/status/2043787456391131166,17,0,1,0,0,0,1,0,0,0,0,0,0
2043787334630416669,"Mon, Apr 13, 2026","@000aaaaabbb 2/4 Por esta razón, es probable que la Caja de Compensación Familiar no haya aplicado los valores correspondientes al año 2026, ya que debe esperar a que la resolución quede en firme para proceder con su implementación.",https://x.com/Supersubsidio/status/2043787334630416669,10,0,3,0,0,0,1,0,0,2,0,0,0
2043787237834535126,"Mon, Apr 13, 2026","@000aaaaabbb 1/4 Buen día. Agradecemos tu comunicación con la Supersubsidio. Te informamos que, aunque la Resolución 0091 del 30 de enero de 2026 ya fue emitida, actualmente no tiene efectos legales, ya que se encuentra en curso el proceso de resolución de los recursos de reposición",https://x.com/Supersubsidio/status/2043787237834535126,10,0,4,0,0,0,1,0,0,3,0,0,0
2043786325992653053,"Mon, Apr 13, 2026","@JOSEJGUEVARAC @CafamOficial 4/4 Si deseas más información sobre el Sistema del Subsidio Familiar, puedes comunicarte a las líneas (601) 3487777 – (601) 3487800 o a la línea gratuita nacional 018000910110, o presentar tu PQRSF en la sede electrónica https://t.co/DFn7UQ4Ugo.",https://x.com/Supersubsidio/status/2043786325992653053,11,0,0,0,0,0,0,0,0,0,0,0,0
2043786262159478820,"Mon, Apr 13, 2026","@JOSEJGUEVARAC @CafamOficial 3/4 Así mismo, te solicitamos enviar los documentos que consideres de respaldo, junto con tus datos de identificación y contacto, al correo ssf@ssf.gov.co, con el fin de brindarte una respuesta conforme a los términos de ley.",https://x.com/Supersubsidio/status/2043786262159478820,9,0,1,0,0,0,1,0,0,0,0,0,0
2043786122514313567,"Mon, Apr 13, 2026","@JOSEJGUEVARAC @CafamOficial 2/4 Para analizar la situación presentada con la Caja de Compensación @CafamOficial, agradecemos redactes los hechos presentados de manera clara y cronológica, indicando lo ocurrido de forma detallada.",https://x.com/Supersubsidio/status/2043786122514313567,27,0,3,0,0,0,1,0,0,2,0,0,0
2043786016138367206,"Mon, Apr 13, 2026",@JOSEJGUEVARAC @CafamOficial 1/4 Buen día. Agradecemos tu comunicación con la Supersubsidio.,https://x.com/Supersubsidio/status/2043786016138367206,34,0,3,0,0,0,1,0,0,2,0,0,0
2043784115124605316,"Mon, Apr 13, 2026","@ErikaPolo6 @Compensar_info @Bogota 4/4 Si deseas más información sobre el Sistema del Subsidio Familiar, puedes comunicarte a las líneas (601) 3487777 – (601) 3487800 o a la línea gratuita nacional 018000910110, o presentar tu PQRSF en la sede electrónica https://t.co/DFn7UQ4Ugo.",https://x.com/Supersubsidio/status/2043784115124605316,14,0,0,0,0,0,0,0,0,0,0,0,0
2043784057415176572,"Mon, Apr 13, 2026","@ErikaPolo6 @Compensar_info @Bogota 3/4 Así mismo, te solicitamos enviar los documentos que consideres de respaldo, junto con tus datos de identificación y contacto, al correo ssf@ssf.gov.co, con el fin de brindarte una respuesta conforme a los términos de ley.",https://x.com/Supersubsidio/status/2043784057415176572,16,0,2,0,0,0,1,0,0,1,0,0,0
2043783976683245782,"Mon, Apr 13, 2026","@ErikaPolo6 @Compensar_info @Bogota 2/4 Para analizar la situación presentada con la Caja de Compensación @Compensar_info , agradecemos redactes los hechos presentados de manera clara y cronológica, indicando lo ocurrido de forma detallada.",https://x.com/Supersubsidio/status/2043783976683245782,52,0,4,0,0,0,1,0,0,3,0,0,0
2043783892885262339,"Mon, Apr 13, 2026",@ErikaPolo6 @Compensar_info @Bogota 1/4 Buen día. Agradecemos tu comunicación con la Supersubsidio.,https://x.com/Supersubsidio/status/2043783892885262339,49,0,3,0,0,0,1,0,0,2,0,0,0
2043769641802109151,"Mon, Apr 13, 2026","@ErikaPolo6 @Compensar_info @Bogota 4/4 Si deseas más información sobre el Sistema del Subsidio Familiar, puedes comunicarte a las líneas (601) 3487777 – (601) 3487800 o a la línea gratuita nacional 018000910110, o presentar tu PQRSF en la sede electrónica https://t.co/DFn7UQ4Ugo.",https://x.com/Supersubsidio/status/2043769641802109151,12,0,0,0,0,0,0,0,0,0,0,0,0
2043769561288167913,"Mon, Apr 13, 2026","@ErikaPolo6 @Compensar_info @Bogota 3/4 Así mismo, te solicitamos enviar los documentos que consideres de respaldo, junto con tus datos de identificación y contacto, al correo ssf@ssf.gov.co, con el fin de brindarte una respuesta conforme a los términos de ley.",https://x.com/Supersubsidio/status/2043769561288167913,10,0,1,0,0,0,1,0,0,0,0,0,0
2043769470561276284,"Mon, Apr 13, 2026","@ErikaPolo6 @Compensar_info @Bogota 2/4 Para analizar la situación presentada con la Caja de Compensación @Compensar_info , agradecemos redactes los hechos presentados de manera clara y cronológica, indicando lo ocurrido de forma detallada.",https://x.com/Supersubsidio/status/2043769470561276284,31,0,3,0,0,0,1,0,0,2,0,0,0
2043769325882953930,"Mon, Apr 13, 2026",@ErikaPolo6 @Compensar_info @Bogota 1/4 Buen día. Agradecemos tu comunicación con la Supersubsidio.,https://x.com/Supersubsidio/status/2043769325882953930,34,0,3,0,0,0,1,0,0,2,0,0,0
2043768522514346012,"Mon, Apr 13, 2026","@JOSEJGUEVARAC @CafamOficial @Cafam 4/4 Si deseas más información sobre el Sistema del Subsidio Familiar, puedes comunicarte a las líneas (601) 3487777 – (601) 3487800 o a la línea gratuita nacional 018000910110, o presentar tu PQRSF en la sede electrónica https://t.co/DFn7UQ4Ugo.",https://x.com/Supersubsidio/status/2043768522514346012,9,0,0,0,0,0,0,0,0,0,0,0,0
2043768467128476010,"Mon, Apr 13, 2026","@JOSEJGUEVARAC @CafamOficial @Cafam 3/4 Así mismo, te solicitamos enviar los documentos que consideres de respaldo, junto con tus datos de identificación y contacto, al correo ssf@ssf.gov.co, con el fin de brindarte una respuesta conforme a los términos de ley.",https://x.com/Supersubsidio/status/2043768467128476010,10,0,3,0,0,0,1,0,0,2,0,0,0
2043768394533453863,"Mon, Apr 13, 2026","@JOSEJGUEVARAC @CafamOficial @Cafam 2/4 Para analizar la situación presentada con la Caja de Compensación @CafamOficial, agradecemos redactes los hechos presentados de manera clara y cronológica, indicando lo ocurrido de forma detallada.",https://x.com/Supersubsidio/status/2043768394533453863,22,0,3,0,0,0,1,0,0,2,0,0,0
2043768235028283677,"Mon, Apr 13, 2026",@JOSEJGUEVARAC @CafamOficial @Cafam 1/4 Buen día. Agradecemos tu comunicación con la Supersubsidio.,https://x.com/Supersubsidio/status/2043768235028283677,24,0,3,0,0,0,1,0,0,2,0,0,0
2043767572449886679,"Mon, Apr 13, 2026","@marisinria @comfandi 4/4 Si deseas más información sobre el Sistema del Subsidio Familiar, puedes comunicarte a las líneas (601) 3487777 – (601) 3487800 o a la línea gratuita nacional 018000910110, o presentar tu PQRSF en la sede electrónica https://t.co/DFn7UQ4Ugo.",https://x.com/Supersubsidio/status/2043767572449886679,24,0,0,0,0,0,0,0,0,0,0,0,0
2043767496365265279,"Mon, Apr 13, 2026","@marisinria @comfandi 3/4 Así mismo, te solicitamos enviar los documentos que consideres de respaldo, junto con tus datos de identificación y contacto, al correo ssf@ssf.gov.co, con el fin de brindarte una respuesta conforme a los términos de ley.",https://x.com/Supersubsidio/status/2043767496365265279,18,0,3,0,0,0,1,0,0,2,0,0,0
2043767408029061133,"Mon, Apr 13, 2026","@marisinria @comfandi 2/4 Para analizar la situación presentada con la Caja de Compensación @Comfandi , agradecemos redactes los hechos presentados de manera clara y cronológica, indicando lo ocurrido de forma detallada.",https://x.com/Supersubsidio/status/2043767408029061133,18,0,4,0,0,0,1,0,0,3,0,0,0
2043767318098870547,"Mon, Apr 13, 2026",@marisinria @comfandi 1/4 Buen día. Agradecemos tu comunicación con la Supersubsidio.,https://x.com/Supersubsidio/status/2043767318098870547,17,0,3,0,0,0,1,0,0,2,0,0,0
2043766811104063540,"Mon, Apr 13, 2026","@marisinria @comfandi 4/4 Si deseas más información sobre el Sistema del Subsidio Familiar, puedes comunicarte a las líneas (601) 3487777 – (601) 3487800 o a la línea gratuita nacional 018000910110, o presentar tu PQRSF en la sede electrónica https://t.co/DFn7UQ4Ugo.",https://x.com/Supersubsidio/status/2043766811104063540,12,0,0,0,0,0,0,0,0,0,0,0,0
2043766750089474387,"Mon, Apr 13, 2026","@marisinria @comfandi 3/4 Así mismo, te solicitamos enviar los documentos que consideres de respaldo, junto con tus datos de identificación y contacto, al correo ssf@ssf.gov.co, con el fin de brindarte una respuesta conforme a los términos de ley.",https://x.com/Supersubsidio/status/2043766750089474387,15,0,1,0,0,0,1,0,0,0,0,0,0
2043766668367675776,"Mon, Apr 13, 2026","@marisinria @comfandi 2/4 Para analizar la situación presentada con la Caja de Compensación @Comfandi , agradecemos redactes los hechos presentados de manera clara y cronológica, indicando lo ocurrido de forma detallada.",https://x.com/Supersubsidio/status/2043766668367675776,35,0,5,0,0,0,1,0,1,3,0,0,0
2043766597978845674,"Mon, Apr 13, 2026",@marisinria @comfandi 1/4 Buen día. Agradecemos tu comunicación con la Supersubsidio.,https://x.com/Supersubsidio/status/2043766597978845674,40,0,10,0,0,0,1,0,0,9,0,0,0
2043116603018006591,"Sat, Apr 11, 2026","🌿 En el corazón de la Amazonía, donde los Andes se convierten en selva y los ríos guardan siglos de historia, el bienestar llegó con nombre propio. 💙 La Superintendente Sandra Viviana Cadena Martínez recorrió el Putumayo para ver de cerca lo que significa cumplir: niños en el https://t.co/gxwYenGezX",https://x.com/Supersubsidio/status/2043116603018006591,575,6,16,0,1,0,2,5,0,3,0,0,0
2042931401352208527,"Sat, Apr 11, 2026","Nuestro compromiso es asegurar que cada recurso se transforme en una herramienta efectiva de cambio social. Porque cuando caminamos el territorio, reafirmamos que el subsidio es un derecho que construye país. 💙🇨🇴 #Supersubsidio #SupervisarEsCuidar #Putumayo #SubsidioFamiliar",https://x.com/Supersubsidio/status/2042931401352208527,107,0,2,0,0,0,1,1,0,0,0,0,0
2042931397401223582,"Sat, Apr 11, 2026","Supervisar no es un ejercicio de escritorio; es estar donde están los retos. Es verificar cómo una sala de lectura, un club de natación o un centro recreacional se convierten en oportunidades para los afiliados que encuentran en el sistema un respaldo para vivir con bienestar. https://t.co/foVnftzMmw",https://x.com/Supersubsidio/status/2042931397401223582,91,3,8,0,0,0,2,0,0,0,0,0,0
2042931384033915358,"Sat, Apr 11, 2026","De la mano de nuestra Superintendente, Sandra Viviana Cadena Martínez, recorrimos las instalaciones de Comfamiliar Putumayo para entender no solo los logros, sino los desafíos únicos que enfrenta este territorio. https://t.co/GqrhHF799X",https://x.com/Supersubsidio/status/2042931384033915358,58,1,7,0,0,0,1,0,0,0,0,0,0
2042931368720564661,"Sat, Apr 11, 2026",Llegamos al 📍Putumayo con un objetivo claro: conocer de primera mano cómo funciona e impacta el subsidio familiar en el corazón de la Amazonía colombiana. https://t.co/gb5vl3A9fJ,https://x.com/Supersubsidio/status/2042931368720564661,1215,13,50,1,0,1,4,7,2,6,0,0,0
2042364876975214852,"Thu, Apr 9, 2026","@Amichiquis3708 @CafamOficial 4/4 Si deseas más información sobre el Sistema del Subsidio Familiar, puedes comunicarte a las líneas (601) 3487777 – (601) 3487800 o a la línea gratuita nacional 018000910110, o presentar tu PQRSF en la sede electrónica https://t.co/DFn7UQ4Ugo.",https://x.com/Supersubsidio/status/2042364876975214852,15,1,2,0,0,0,0,0,1,0,0,0,0
2042364739007746408,"Thu, Apr 9, 2026","@Amichiquis3708 @CafamOficial 3/4 Así mismo, te solicitamos enviar los documentos que consideres de respaldo, junto con tus datos de identificación y contacto, al correo ssf@ssf.gov.co, con el fin de brindarte una respuesta conforme a los términos de ley.",https://x.com/Supersubsidio/status/2042364739007746408,11,1,3,0,0,0,1,0,0,1,0,0,0
2042364648922448298,"Thu, Apr 9, 2026","@Amichiquis3708 @CafamOficial 2/4 Dado que tu caso requiere analizar la situación presentada con la Caja de Compensación @CafamOficial, agradecemos redactes los hechos presentados de manera clara y cronológica, indicando lo ocurrido de forma detallada.",https://x.com/Supersubsidio/status/2042364648922448298,43,1,4,0,0,0,1,0,0,2,0,0,0
2042364537790169466,"Thu, Apr 9, 2026",@Amichiquis3708 @CafamOficial 1/4 Buen día. Agradecemos tu comunicación con la Supersubsidio.,https://x.com/Supersubsidio/status/2042364537790169466,45,1,4,0,0,0,1,0,0,2,0,0,0
2042337738385494417,"Thu, Apr 9, 2026","@ElkinBulaM @kerguelenhugo @monterialcaldia @PlaneacionMtr @ComfacorOficial 4/4 Si deseas obtener más información, puedes comunicarte a través de nuestros canales de atención disponibles en el siguiente enlace: https://t.co/bLnm9QgBJU",https://x.com/Supersubsidio/status/2042337738385494417,13,0,1,0,0,0,0,0,0,1,0,0,0
2042337619376292097,"Thu, Apr 9, 2026","@ElkinBulaM @kerguelenhugo @monterialcaldia @PlaneacionMtr @ComfacorOficial 3/4 Por lo anterior, te sugerimos respetuosamente verificar tu caso directamente con la entidad correspondiente, a través de sus canales oficiales de atención, donde podrán brindarte una respuesta de fondo y gestionar tu solicitud.",https://x.com/Supersubsidio/status/2042337619376292097,11,0,0,0,0,0,0,0,0,0,0,0,0
2042337523892912241,"Thu, Apr 9, 2026","@ElkinBulaM @kerguelenhugo @monterialcaldia @PlaneacionMtr @ComfacorOficial 2/4 Nuestra función se limita a ejercer inspección, vigilancia y control sobre las Cajas de Compensación Familiar, así como a impartir instrucciones para el adecuado cumplimiento de las normas que regulan el Sistema del Subsidio Familiar.",https://x.com/Supersubsidio/status/2042337523892912241,18,0,0,0,0,0,0,0,0,0,0,0,0
2042336724949639241,"Thu, Apr 9, 2026","@ElkinBulaM @kerguelenhugo @monterialcaldia @PlaneacionMtr @ComfacorOficial 1/4 Buen día. Agradecemos tu comunicación con la Supersubsidio. En ese sentido, la Superintendencia del Subsidio Familiar no tiene competencia para pronunciarse sobre la situación expuesta, en la medida en que corresponde a trámites y actuaciones propias de la entidad",https://x.com/Supersubsidio/status/2042336724949639241,22,0,0,0,0,0,0,0,0,0,0,0,0
2042247618894471501,"Thu, Apr 9, 2026",https://t.co/zW5gmlDvk8,https://x.com/Supersubsidio/status/2042247618894471501,46,1,2,0,0,0,0,0,0,0,0,0,0
2042247598111596657,"Thu, Apr 9, 2026",https://t.co/yYAX76tEuK,https://x.com/Supersubsidio/status/2042247598111596657,52,1,2,0,0,0,1,0,0,0,0,0,0
2042247573721715068,"Thu, Apr 9, 2026",https://t.co/C7PaQ9GXTI,https://x.com/Supersubsidio/status/2042247573721715068,4,0,1,0,0,0,1,0,0,0,0,0,0
2042247552758653377,"Thu, Apr 9, 2026",https://t.co/sVbB8Sgi4L,https://x.com/Supersubsidio/status/2042247552758653377,5,0,1,0,0,0,1,0,0,0,0,0,0
2042247534345593115,"Thu, Apr 9, 2026",https://t.co/uswQab8bVc,https://x.com/Supersubsidio/status/2042247534345593115,35,0,1,0,0,0,1,0,0,0,0,0,0
2042247516364677262,"Thu, Apr 9, 2026",https://t.co/dOmCVfp9s6,https://x.com/Supersubsidio/status/2042247516364677262,75,0,6,0,0,0,1,0,0,5,0,0,0
2042247496278102339,"Thu, Apr 9, 2026","Hoy, 9 de abril, nos unimos bajo un solo lema: “Memoria que sana, voces que transforman”. En la Superintendencia del Subsidio Familiar, honramos la dignidad de quienes han sido afectados por el conflicto y trabajamos por su inclusión en el Sistema. 🕊️🇨🇴 https://t.co/r1JxKcutzz",https://x.com/Supersubsidio/status/2042247496278102339,178,2,9,0,0,0,3,0,1,2,0,0,0
2041563995065246049,"Tue, Apr 7, 2026",📝 Estas son algunas cosas que debes saber acerca del subsidio de vivienda que otorgan las cajas de compensación familiar. 💻 Recuerda consultar con tu caja de compensación familiar para más información sobre los requisitos y el proceso de aplicación al subsidio. https://t.co/OAXbtIruEh,https://x.com/Supersubsidio/status/2041563995065246049,555,9,39,0,1,0,1,3,2,3,0,0,0
2041334797302190427,"Tue, Apr 7, 2026","Desde la Superintendencia del Subsidio Familiar, avanzamos en nuestro compromiso con la transparencia del sistema. 📑 Realizamos una visita ordinaria a la Caja de Compensación Familiar Comfamiliar Risaralda, con el fin de ejercer nuestras funciones de inspección y vigilancia. https://t.co/yIhwF8f8Ix",https://x.com/Supersubsidio/status/2041334797302190427,160,3,63,0,2,0,2,0,2,31,0,0,0
2041311659403194444,"Tue, Apr 7, 2026","Desde la Superintendencia del Subsidio Familiar, continuamos recorriendo el país para asegurar que los recursos de los trabajadores colombianos se administren con total transparencia y eficiencia. ​Esta semana, nuestro equipo de inspectores adelanta una Visita Ordinaria a la https://t.co/WwIko9ssgJ",https://x.com/Supersubsidio/status/2041311659403194444,104,4,15,0,0,0,2,0,0,5,0,0,0
2041166360927977687,"Mon, Apr 6, 2026","@CarolinaMo2498 @CafamOficial 4/4 Si deseas más información sobre el Sistema del Subsidio Familiar, puedes comunicarte a las líneas (601) 3487777 – (601) 3487800 o a la línea gratuita nacional 018000910110, o presentar tu PQRSF en la sede electrónica https://t.co/DFn7UQ4Ugo.",https://x.com/Supersubsidio/status/2041166360927977687,11,0,0,0,0,0,0,0,0,0,0,0,0
2041166296826425472,"Mon, Apr 6, 2026","@CarolinaMo2498 @CafamOficial 3/4 Así mismo, te solicitamos enviar los documentos que consideres de respaldo, junto con tus datos de identificación y contacto, al correo ssf@ssf.gov.co, con el fin de brindarte una respuesta conforme a los términos de ley.",https://x.com/Supersubsidio/status/2041166296826425472,8,0,0,0,0,0,0,0,0,0,0,0,0
2041165549959340038,"Mon, Apr 6, 2026","@CarolinaMo2498 @CafamOficial 2/4 Dado que tu caso requiere analizar la situación presentada con la Caja de Compensación @CafamOficial, agradecemos redactes los hechos presentados de manera clara y cronológica, indicando lo ocurrido de forma detallada.",https://x.com/Supersubsidio/status/2041165549959340038,5,0,0,0,0,0,0,0,0,0,0,0,0
2041165455939747987,"Mon, Apr 6, 2026","@CarolinaMo2498 @CafamOficial 1/4 Buen día. Agradecemos tu comunicación con la Supersubsidio, te informamos que somos la Entidad que ejerce inspección, vigilancia y control a las Cajas de Compensación Familiar, adicionalmente, les proporcionamos instrucción sobre el cumplimiento adecuado de las normas legales",https://x.com/Supersubsidio/status/2041165455939747987,20,0,0,0,0,0,0,0,0,0,0,0,0
2039479712003535186,"Wed, Apr 1, 2026","Nuestra Oficina de Protección al Usuario llegó a Casanare para liderar la sesión del Comité Técnico de Atención e Interacción con el Ciudadano (COMTAC). Durante el 26 y 27 de marzo, trabajamos en: ​✅ Evaluar la satisfacción de nuestros afiliados. ​✅ Elevar los estándares de https://t.co/SetureVPcs",https://x.com/Supersubsidio/status/2039479712003535186,167,3,17,0,0,0,2,0,1,5,0,0,0
2039353776818008209,"Wed, Apr 1, 2026","@UnDenunciante28 @Compensar_info 4/4 Si deseas más información sobre el Sistema del Subsidio Familiar, puedes comunicarte a las líneas (601) 3487777 – (601) 3487800 o a la línea gratuita nacional 018000910110, o presentar tu PQRSF en la sede electrónica https://t.co/DFn7UQ4Ugo.",https://x.com/Supersubsidio/status/2039353776818008209,19,0,8,0,0,0,0,0,0,4,4,0,0
2039353542184480924,"Wed, Apr 1, 2026","@UnDenunciante28 @Compensar_info 3/4 Así mismo, te solicitamos enviar los documentos que consideres de respaldo, junto con tus datos de identificación y contacto, al correo ssf@ssf.gov.co, con el fin de brindarte una respuesta conforme a los términos de ley.",https://x.com/Supersubsidio/status/2039353542184480924,21,0,0,0,0,0,0,0,0,0,0,0,0
2039353333803069464,"Wed, Apr 1, 2026","@UnDenunciante28 @Compensar_info 2/4 Dado que tu caso requiere analizar la situación presentada con la Caja de Compensación @Compensar_info, agradecemos redactes los hechos presentados de manera clara y cronológica, indicando lo ocurrido de forma detallada.",https://x.com/Supersubsidio/status/2039353333803069464,11,0,0,0,0,0,0,0,0,0,0,0,0
2039352991560433925,"Wed, Apr 1, 2026","@UnDenunciante28 @Compensar_info 1/4 Buen día. Agradecemos tu comunicación con la Supersubsidio, te informamos que somos la Entidad que ejerce inspección, vigilancia y control a las Cajas de Compensación Familiar, adicionalmente, les proporcionamos instrucción sobre el cumplimiento adecuado de las normas legales",https://x.com/Supersubsidio/status/2039352991560433925,16,0,0,0,0,0,0,0,0,0,0,0,0
2039349514113364025,"Wed, Apr 1, 2026","@UnDenunciante28 @Compensar_info 4/4 Si deseas más información sobre el Sistema del Subsidio Familiar, puedes comunicarte a las líneas (601) 3487777 – (601) 3487800 o a la línea gratuita nacional 018000910110, o presentar tu PQRSF en la sede electrónica https://t.co/DFn7UQ4Ugo.",https://x.com/Supersubsidio/status/2039349514113364025,10,0,0,0,0,0,0,0,0,0,0,0,0
2039349135342493712,"Wed, Apr 1, 2026","@UnDenunciante28 @Compensar_info 3/4 Así mismo, te solicitamos enviar los documentos que consideres de respaldo, junto con tus datos de identificación y contacto, al correo ssf@ssf.gov.co, con el fin de brindarte una respuesta conforme a los términos de ley.",https://x.com/Supersubsidio/status/2039349135342493712,12,0,0,0,0,0,0,0,0,0,0,0,0
2039349057747853355,"Wed, Apr 1, 2026","@UnDenunciante28 @Compensar_info 2/4 Dado que tu caso requiere analizar la situación presentada con la Caja de Compensación @Compensar_info, agradecemos redactes los hechos presentados de manera clara y cronológica, indicando lo ocurrido de forma detallada.",https://x.com/Supersubsidio/status/2039349057747853355,5,0,0,0,0,0,0,0,0,0,0,0,0
2039347708696076626,"Wed, Apr 1, 2026","@UnDenunciante28 @Compensar_info 1/4 Buen día. Agradecemos tu comunicación con la Supersubsidio, te informamos que somos la Entidad que ejerce inspección, vigilancia y control a las Cajas de Compensación Familiar, adicionalmente, les proporcionamos instrucción sobre el cumplimiento adecuado de las normas legales",https://x.com/Supersubsidio/status/2039347708696076626,13,0,2,0,0,0,0,0,0,2,0,0,0
2039169893736608195,"Wed, Apr 1, 2026","@Catik_Castro @CafamOficial @sicsuper 4/4 Si deseas más información te puedes comunicar a través de nuestra línea telefónica en Bogotá (601) 3487777 - (601) 3487800 o línea gratuita nacional 018000910110, o presentar tu PQRSF a través de la sede electrónica https://t.co/DFn7UQ4Ugo",https://x.com/Supersubsidio/status/2039169893736608195,36,0,1,0,0,0,0,0,0,0,1,0,0
2039169818490773646,"Wed, Apr 1, 2026","@Catik_Castro @CafamOficial @sicsuper 3/4 Si cuentas con información concreta sobre alguna posible irregularidad, te agradecemos remitir los hechos y los documentos de soporte al correo ssf@ssf.gov.co. De esta manera, podremos revisar la situación de forma puntual y adelantar las acciones a que haya lugar.",https://x.com/Supersubsidio/status/2039169818490773646,27,0,0,0,0,0,0,0,0,0,0,0,0
2039169741340672377,"Wed, Apr 1, 2026","@Catik_Castro @CafamOficial @sicsuper 2/4 Las Cajas de Compensación Familiar son corporaciones sin ánimo de lucro, que tienen como finalidad mejorar la calidad de vida de los trabajadores y sus familias, a través de la administración y distribución de subsidios y servicios sociales.",https://x.com/Supersubsidio/status/2039169741340672377,36,0,1,0,0,0,0,0,0,1,0,0,0
2039169650953462089,"Wed, Apr 1, 2026","@Catik_Castro @CafamOficial @sicsuper 1/4 Buen día. Agradecemos tu comunicación con la Supersubsidio, te informamos que somos la Entidad que ejerce inspección, vigilancia y control a las Cajas de Compensación Familiar.",https://x.com/Supersubsidio/status/2039169650953462089,21,1,2,0,0,0,0,0,1,0,0,0,0
2039085516759711903,"Tue, Mar 31, 2026","📚 ¿Sabías que ahora puedes consultar los conceptos jurídicos de la Superintendencia del Subsidio Familiar desde donde estés? El Sistema de Relatoría de Supersubsidio es una herramienta gratuita y accesible para toda la ciudadanía, que te permite: 🔍 Buscar conceptos jurídicos https://t.co/NacLShxA6v",https://x.com/Supersubsidio/status/2039085516759711903,130,7,21,0,1,0,1,1,5,4,3,0,0
2037920946363719936,"Sat, Mar 28, 2026","🦋 Hoy vamos a contarles una historia, la historia de Lorena. Lorena representa el propósito del Pacto Nacional por la Lectura que firmamos en Aracataca el pasado 26 de marzo. ""Pienso, Leo y Conecto"" no es solo una frase bonita, es la promesa de que ahora la lectura llegará a https://t.co/GQDqBGVReX",https://x.com/Supersubsidio/status/2037920946363719936,2244,9,14,0,1,0,2,3,0,0,0,0,0
2037665323810169282,"Fri, Mar 27, 2026","¿De qué sirve la tecnología si no sirve para soñar? 🦋💻 En Aracataca nació la magia de las mariposas amarillas, y hoy nace una alianza que lleva esa misma magia a todo el país. El Pacto ""Pienso, Leo y Conecto"" es simple: unimos fuerzas (Gobierno y Cajas de Compensación) para https://t.co/cKdifp2Pgx",https://x.com/Supersubsidio/status/2037665323810169282,667,6,12,0,1,0,2,1,0,3,0,0,0
2037569763820306465,"Fri, Mar 27, 2026","@ledoleon @comfaboy 4/4 Si deseas más información sobre el Sistema del Subsidio Familiar, puedes comunicarte a las líneas (601) 3487777 – (601) 3487800 o a la línea gratuita nacional 018000910110, o presentar tu PQRSF en la sede electrónica https://t.co/DFn7UQ4Ugo.",https://x.com/Supersubsidio/status/2037569763820306465,5,0,0,0,0,0,0,0,0,0,0,0,0
2037569690495500517,"Fri, Mar 27, 2026","@ledoleon @comfaboy 3/4 Así mismo, te solicitamos enviar los documentos que consideres de respaldo, junto con tus datos de identificación y contacto, al correo ssf@ssf.gov.co, con el fin de brindarte una respuesta conforme a los términos de ley.",https://x.com/Supersubsidio/status/2037569690495500517,24,0,2,0,0,0,1,0,0,1,0,0,0
2037569612888395989,"Fri, Mar 27, 2026","@ledoleon @comfaboy 2/4 Dado que tu caso requiere analizar la situación presentada con la Caja de Compensación @comfaboy, agradecemos redactes los hechos presentados de manera clara y cronológica, indicando lo ocurrido de forma detallada.",https://x.com/Supersubsidio/status/2037569612888395989,31,0,4,0,0,0,1,0,0,3,0,0,0
2037569475990474959,"Fri, Mar 27, 2026","@ledoleon @comfaboy 1/4 Buen día. Agradecemos tu comunicación con la Supersubsidio, te informamos que somos la Entidad que ejerce inspección, vigilancia y control a las Cajas de Compensación Familiar, adicionalmente, les proporcionamos instrucción sobre el cumplimiento adecuado de las normas legales",https://x.com/Supersubsidio/status/2037569475990474959,43,0,5,0,0,0,2,0,0,3,0,0,0
2037360631322755241,"Fri, Mar 27, 2026","¡La lectura y la tecnología se unen para transformar a Colombia! 🇨🇴✨ Hoy celebramos un hito histórico: la firma del Pacto Nacional “Leo, Pienso y Conecto”. Esta gran alianza entre el Gobierno Nacional y las Cajas de Compensación Familiar busca fomentar el hábito de la lectura https://t.co/ThmVKMpKdW",https://x.com/Supersubsidio/status/2037360631322755241,547,8,38,0,1,0,1,2,2,0,0,0,0
2037177698980684217,"Thu, Mar 26, 2026","🇨🇴 ¡Llegó el día! Hoy se firmará el Pacto Nacional por la Lectura, un compromiso entre el Gobierno Nacional y las Cajas de Compensación Familiar para llevar la lectura a donde antes no llegaba. #PactoPorLaLectura #PiensoLeoConecto #Lectura #Leer https://t.co/GSkMpfTmKy",https://x.com/Supersubsidio/status/2037177698980684217,540,15,31,0,0,1,1,6,1,3,0,0,0
2036902175348085006,"Wed, Mar 25, 2026","🎵 Pienso, Leo y Conecto.... 🎵 Pienso, Leo y Conecto... Este 26 de marzo, Colombia bailará al ritmo del Pacto Nacional por la Lectura. 🇨🇴📖 #PactoPorLaLectura #PiensoLeoConecto #Lectura https://t.co/G3JBPWALmM",https://x.com/Supersubsidio/status/2036902175348085006,567,10,19,0,0,0,2,3,0,4,0,0,0
2036869641675428107,"Wed, Mar 25, 2026","@themanoleteg12 @Colsubsidio_Ofi 4/4 Si deseas más información sobre el Sistema del Subsidio Familiar, puedes comunicarte a las líneas (601) 3487777 – (601) 3487800 o a la línea gratuita nacional 018000910110, o presentar tu PQRSF en la sede electrónica https://t.co/DFn7UQ4Ugo.",https://x.com/Supersubsidio/status/2036869641675428107,31,0,1,0,0,0,0,0,0,1,0,0,0
2036869535693725804,"Wed, Mar 25, 2026","@themanoleteg12 @Colsubsidio_Ofi 3/4 Así mismo, te solicitamos enviar los documentos que consideres de respaldo, junto con tus datos de identificación y contacto, al correo ssf@ssf.gov.co, con el fin de brindarte una respuesta conforme a los términos de ley.",https://x.com/Supersubsidio/status/2036869535693725804,33,0,0,0,0,0,0,0,0,0,0,0,0
2036869363894997056,"Wed, Mar 25, 2026","@themanoleteg12 @Colsubsidio_Ofi 2/4 Para analizar la situación presentada con la Caja de Compensación @Colsubsidio_Ofi, agradecemos redactes los hechos presentados de manera clara y cronológica, indicando lo ocurrido de forma detallada.",https://x.com/Supersubsidio/status/2036869363894997056,18,0,1,0,0,0,0,0,0,1,0,0,0
2036869184714412420,"Wed, Mar 25, 2026",@themanoleteg12 @Colsubsidio_Ofi 1/4 Buen día. Agradecemos tu comunicación con la Supersubsidio.,https://x.com/Supersubsidio/status/2036869184714412420,11,0,0,0,0,0,0,0,0,0,0,0,0
2036823456226975924,"Wed, Mar 25, 2026",💻 La lectura es el puente que conecta nuestra mente con nuevos mundos. Este 26 de marzo Colombia conocerá una iniciativa que busca fomentar la lectura a través de herramientas tecnológicas entre las cajas de compensación familiar. #PactoPorLaLectura #PiensoLeoConecto #Lectura https://t.co/mlET3nAtxJ,https://x.com/Supersubsidio/status/2036823456226975924,88,2,4,0,0,0,0,0,1,1,0,0,0
2036561640255037825,"Tue, Mar 24, 2026",🤔 ¿El subsidio de vivienda que otorgan las cajas de compensación familiar puede ser aplicado en cualquier municipio del país? #SubsidioDeVivienda #SubsidioFamiliar #Supersubsidio #Subsidios https://t.co/iCkPYGBgY5,https://x.com/Supersubsidio/status/2036561640255037825,520,10,23,0,2,0,1,3,3,3,0,2,0
2036105837312110712,"Mon, Mar 23, 2026",💻 Este 26 de marzo en Colombia se firmará un Pacto Nacional con un propósito muy importante: llevar la lectura a donde antes no llegaba. Espera pronto más información. #PactoPorLaLectura #PiensoLeoConecto #Lectura #Leer https://t.co/MbD7gffPSa,https://x.com/Supersubsidio/status/2036105837312110712,886,12,38,0,0,0,2,7,1,6,0,2,0
2035118283196616863,"Fri, Mar 20, 2026","💻 Prepárate, porque este 26 de marzo llega una revolución digital que llevará la lectura a donde antes no llegaba. Pacto Nacional por la Lectura: Pienso, Leo y Conecto. #PactoPorLaLectura #PiensoLeoConecto #Lectura #Leer https://t.co/Td99gPbJTO",https://x.com/Supersubsidio/status/2035118283196616863,694,13,22,0,0,0,2,4,0,3,0,0,0
2035076183528771821,"Fri, Mar 20, 2026",La protección al usuario no se detiene. Seguimos recorriendo el país para asegurar que los beneficios lleguen a quien más los necesita. #Supersubsidio #SupervisarEsCuidar #SubsidioFamiliar,https://x.com/Supersubsidio/status/2035076183528771821,58,2,3,0,0,0,1,0,0,0,0,0,0
2035076180211073154,"Fri, Mar 20, 2026",¿Qué logramos en esta visita? ✅ Cercanía directa con nuestras familias rurales. ✅ Diálogo abierto con empresas del sector. ✅ Escucha activa para seguir construyendo un sistema más sólido.,https://x.com/Supersubsidio/status/2035076180211073154,81,2,3,0,0,0,1,0,0,0,0,0,0
2035076177874874729,"Fri, Mar 20, 2026","¡Fortaleciendo el Sistema del Subsidio Familiar en el Magdalena! 💼📊 Cerramos con éxito nuestra jornada de Educación Informal en la región. Durante 4 días intensos (16 al 19 de marzo), nos enfocamos en empoderar a trabajadores y empleadores sobre sus derechos y deberes. https://t.co/P8IQq80gos",https://x.com/Supersubsidio/status/2035076177874874729,495,5,14,0,0,0,3,2,3,1,0,0,0
2034459082870923494,"Thu, Mar 19, 2026","Porque el bienestar no tiene fronteras. Donde hay una familia trabajadora, ¡allí estamos! 🇨🇴 #Supersubsidio #SupervisarEsCuidar #SubsidioFamiliar #Guajira",https://x.com/Supersubsidio/status/2034459082870923494,63,1,1,0,0,0,0,0,0,0,0,0,0
2034459078865342483,"Thu, Mar 19, 2026","✨ Dos hitos que transforman realidades: -Ma-Ziruma: Un Glamping innovador inspirado en el pueblo Arhuaco para un turismo con alma social. -Hatonuevo: El Centro Recreativo Talatsü Mai, un espacio donde la recreación se vive como un derecho fundamental.",https://x.com/Supersubsidio/status/2034459078865342483,126,2,3,0,0,0,1,0,0,0,0,0,0
2034459076130734465,"Thu, Mar 19, 2026","Nuestra Superintendente, Sandra Viviana Cadena Martínez, recorrió este territorio con un propósito firme: asegurar que el Subsidio Familiar llegue con transparencia y justicia social a quienes más lo necesitan.",https://x.com/Supersubsidio/status/2034459076130734465,69,0,1,0,0,0,1,0,0,0,0,0,0
2034459074452922584,"Thu, Mar 19, 2026","Donde el desierto abraza el Caribe, nace la esperanza. 🌵🌊 La Guajira no es solo un paisaje; es la fuerza de sus tejidos, la sabiduría de su gente y el corazón de una Colombia resiliente. Hoy, esa fuerza se traduce en realidades tangibles. https://t.co/cXF7ZBwBmf",https://x.com/Supersubsidio/status/2034459074452922584,591,5,11,0,1,0,4,2,0,0,0,0,0
2034441614127407561,"Thu, Mar 19, 2026",Seguimos llegando a cada rincón del país para garantizar que los recursos del subsidio familiar se traduzcan en realidades que cambian vidas. 🤝 #Supersubsidio #SupervisarEsCuidar #SubsidioFamiliar #Guajira https://t.co/alADSIQvqP,https://x.com/Supersubsidio/status/2034441614127407561,87,1,6,0,1,0,1,1,1,0,0,0,0
2034441593319535086,"Thu, Mar 19, 2026","🇨🇴 Hoy vivimos una jornada histórica en La Guajira. Junto a Comfaguajira, recorrimos Riohacha y Hatonuevo para entregar obras que significan progreso y calidad de vida para miles de familias. https://t.co/20xjNy0uH2",https://x.com/Supersubsidio/status/2034441593319535086,562,5,14,0,0,0,3,2,1,0,0,0,0
2034372978058662196,"Wed, Mar 18, 2026","@luisafervega @Colsubsidio_Ofi @Supersalud @sicsuper 4/4 Si deseas más información sobre el Sistema del Subsidio Familiar, puedes comunicarte a las líneas (601) 3487777 – (601) 3487800 o a la línea gratuita nacional 018000910110, o presentar tu PQRSF en la sede electrónica https://t.co/DFn7UQ4Ugo.",https://x.com/Supersubsidio/status/2034372978058662196,28,0,4,0,0,0,0,0,0,2,2,0,0
2034372634788483146,"Wed, Mar 18, 2026","@luisafervega @Colsubsidio_Ofi @Supersalud @sicsuper 3/4 Así mismo, te solicitamos enviar los documentos que consideres de respaldo, junto con tus datos de identificación y contacto, al correo ssf@ssf.gov.co, con el fin de brindarte una respuesta conforme a los términos de ley.",https://x.com/Supersubsidio/status/2034372634788483146,17,0,0,0,0,0,0,0,0,0,0,0,0
2034372547819503739,"Wed, Mar 18, 2026","@luisafervega @Colsubsidio_Ofi @Supersalud @sicsuper 2/4 Dado que tu caso requiere analizar la situación presentada con la Caja de Compensación @Colsubsidio_Ofi, agradecemos redactes los hechos presentados de manera clara y cronológica, indicando lo ocurrido de forma detallada.",https://x.com/Supersubsidio/status/2034372547819503739,13,0,0,0,0,0,0,0,0,0,0,0,0
2034372451191210439,"Wed, Mar 18, 2026",@luisafervega @Colsubsidio_Ofi @Supersalud @sicsuper 1/4 Buen día. Agradecemos tu comunicación con la Supersubsidio.,https://x.com/Supersubsidio/status/2034372451191210439,11,0,0,0,0,0,0,0,0,0,0,0,0
2034371741653320004,"Wed, Mar 18, 2026","@GuzmanReyesJuan @Comfatlantico 4/4 Para obtener más información, puedes comunicarte a través de nuestros canales de atención disponibles en el siguiente enlace: https://t.co/bLnm9QgBJU",https://x.com/Supersubsidio/status/2034371741653320004,8,0,1,0,0,0,1,0,0,0,0,0,0
2034371660879372630,"Wed, Mar 18, 2026","@GuzmanReyesJuan @Comfatlantico 3/4 Si deseas recibir la respuesta por correo electrónico, te invitamos a remitir tu dirección electrónica a través de este medio o enviarla al correo ssf@ssf.gov.co, indicando el número de radicado correspondiente para facilitar la identificación de tu trámite.",https://x.com/Supersubsidio/status/2034371660879372630,14,0,0,0,0,0,0,0,0,0,0,0,0
2034371603451068616,"Wed, Mar 18, 2026","@GuzmanReyesJuan @Comfatlantico 2/4 Te informamos que tu petición fue radicada ante la Superintendencia del Subsidio Familiar con N° 1-2026-007170, actualmente se encuentra en trámite y se proporcionará respuesta en los términos de Ley.",https://x.com/Supersubsidio/status/2034371603451068616,12,0,0,0,0,0,0,0,0,0,0,0,0
2034371545292783998,"Wed, Mar 18, 2026",@GuzmanReyesJuan @Comfatlantico 1/4 Buen día. Agradecemos tu comunicación con la Supersubsidio.,https://x.com/Supersubsidio/status/2034371545292783998,8,0,0,0,0,0,0,0,0,0,0,0,0
2034121512165282272,"Wed, Mar 18, 2026",https://t.co/95LC4Zh60B,https://x.com/Supersubsidio/status/2034121512165282272,59,0,3,0,0,0,1,0,0,0,0,0,0
2034121462613758382,"Wed, Mar 18, 2026","🇨🇴 Continuamos recorriendo los territorios. Hoy llegamos a Montería, Córdoba, para vigilar que los recursos del sistema del subsidio familiar se inviertan en bienestar y oportunidades para las familias trabajadoras. #SubsidioFamiliar #Supersubsidio #SupervisarEsCuidar https://t.co/VRpRE5WwA3",https://x.com/Supersubsidio/status/2034121462613758382,702,10,22,0,0,0,2,3,2,2,0,0,0
2033946790001574294,"Tue, Mar 17, 2026","@DelTerril @comfamiliarctg @supergiros 3/3 Si deseas obtener más información, puedes comunicarte a través de nuestros canales de atención disponibles en el siguiente enlace: https://t.co/bLnm9QgBJU",https://x.com/Supersubsidio/status/2033946790001574294,8,0,4,0,0,0,0,0,0,0,4,0,0
2033946713296142527,"Tue, Mar 17, 2026","@DelTerril @comfamiliarctg @supergiros 2/3 Así mismo, te solicitamos enviar los documentos que consideres de respaldo, junto con tus datos de identificación y contacto, a través de mensaje directo o al correo ssf@ssf.gov.co, con el fin de brindarte una respuesta conforme a los términos de ley.",https://x.com/Supersubsidio/status/2033946713296142527,15,0,2,0,0,1,0,0,1,0,0,0,0
2033946645352612294,"Tue, Mar 17, 2026","@DelTerril @comfamiliarctg @supergiros 1/3 Buen día. Agradecemos tu comunicación con la Supersubsidio. Con el fin de analizar tu caso, te invitamos a contarnos en detalle la situación presentada con la Caja de Compensación Familiar @comfamiliarctg",https://x.com/Supersubsidio/status/2033946645352612294,8,0,0,0,0,0,0,0,0,0,0,0,0
2033639581631893523,"Mon, Mar 16, 2026",Nuestra meta es que la vigilancia (IVC) vaya más allá del papel y logre capturar el verdadero impacto social en los territorios. 🇨🇴 Porque una infancia bien atendida es el motor de un cambio real. ¡Seguimos trabajando en equipo por el futuro de Colombia! 💛💙❤️,https://x.com/Supersubsidio/status/2033639581631893523,70,0,0,0,0,0,0,0,0,0,0,0,0
2033639579815727606,"Mon, Mar 16, 2026","Desde la SuperSubsidio nos unimos al @MintrabajoCol, @Mineducacion y @ICBFColombia para fortalecer la atención de FONIÑEZ. Estamos rediseñando la forma en que evaluamos la Jornada Escolar Complementaria y la Primera Infancia. #PrimeraInfancia #SupervisarEsCuidar #SuperSubsidio https://t.co/vZPMbWLJZr",https://x.com/Supersubsidio/status/2033639579815727606,1196,15,26,0,0,1,3,3,2,1,0,1,0
2033577111009513604,"Mon, Mar 16, 2026","¡Unimos esfuerzos por la niñez! 🧒👧 Junto a @MintrabajoCol, @Mineducacion e @ICBFColombia, revisamos lineamientos de FONIÑEZ. Buscamos armonizar criterios de IVC para medir el impacto social real de la jornada escolar complementaria y la atención integral. https://t.co/Yy5d0BS949",https://x.com/Supersubsidio/status/2033577111009513604,585,11,41,0,0,0,2,4,3,4,0,0,0
2032626240180363447,"Sat, Mar 14, 2026","En la Superintendencia del Subsidio Familiar no solo vigilamos números, vigilamos sueños. Porque en la tierra del mejor cacao del mundo, el bienestar es una canción que todos debemos cantar. 📍 ¡Sigamos transformando el territorio! #Supersubsidio #SubsidioFamiliar",https://x.com/Supersubsidio/status/2032626240180363447,61,1,2,0,0,0,1,0,0,0,0,0,0
2032626235260490019,"Sat, Mar 14, 2026","💻 33 años de servicio: Reconocemos la labor de COMFIAR, el puente entre el trabajo y el bienestar en el departamento.",https://x.com/Supersubsidio/status/2032626235260490019,68,1,3,0,0,0,2,0,0,0,0,0,0
2032626230441218300,"Sat, Mar 14, 2026",Recorrimos lugares que transforman vidas: ☀️ Centro Recreacional Los Araguatos: 15 hectáreas dedicadas al derecho al descanso y la alegría de los trabajadores. 👩‍🏫 Colegio COMFIAR: 30 años formando a 472 estudiantes en aulas modernas impulsadas por energía solar.,https://x.com/Supersubsidio/status/2032626230441218300,93,0,2,0,0,0,1,0,1,0,0,0,0
2032626227257704914,"Sat, Mar 14, 2026","Arauca no es solo geografía; es alma, es historia y es el corazón de familias que merecen protección. Hoy, nuestra Superintendente, Sandra Viviana Cadena Martínez, llegó a esta tierra para asegurar que el Sistema del Subsidio Familiar cumpla su misión con transparencia y equidad. https://t.co/JS64JlEc4N",https://x.com/Supersubsidio/status/2032626227257704914,697,6,15,0,0,0,3,3,1,2,0,0,0
2032624882597470680,"Sat, Mar 14, 2026","Desde la Supersubsidio, reafirmamos nuestro compromiso de garantizar que los espacios de recreación y educación en las regiones cumplan con los más altos estándares para el bienestar de todos los trabajadores. 🇨🇴",https://x.com/Supersubsidio/status/2032624882597470680,38,0,0,0,0,0,0,0,0,0,0,0,0
2032624875769069903,"Sat, Mar 14, 2026","El recorrido continúa por las sedes educativas y administrativas para verificar las mejoras en senderos de movilidad, cubiertas y áreas de atención al usuario. https://t.co/aPtNzj0jaB",https://x.com/Supersubsidio/status/2032624875769069903,506,1,18,0,0,0,2,1,0,0,0,0,0
2032624841564492106,"Sat, Mar 14, 2026","La jornada inició en el Centro Recreacional Los Araguatos, donde recorrió las 15 hectáreas del complejo, inspeccionó el avance de nuevas obras perimetrales y compartió con los estudiantes del Colegio Comfiar en su actividad especial ""Día Blanco"". https://t.co/p6tGhIUjpj",https://x.com/Supersubsidio/status/2032624841564492106,43,0,1,0,0,0,1,0,0,0,0,0,0
2032624811370017177,"Sat, Mar 14, 2026",Agenda en territorio 📍 La Superintendente Sandra Viviana Cadena Martínez visita hoy Comfiar Arauca para supervisar de primera mano la infraestructura y servicios de la Caja. #Supersubsidio https://t.co/lTLLX4MwSV,https://x.com/Supersubsidio/status/2032624811370017177,736,4,31,0,0,0,3,2,0,2,0,0,0
2032193149620080669,"Thu, Mar 12, 2026",🤔 ¿Cómo puede el trabajador acceder a la cuota monetaria o subsidio familiar en dinero por su cónyuge que se dedica al cuidado de una persona a cargo con discapacidad? #SubsidioFamiliar #CuotaMonetaria #Supersubsidio #Subsidios #SupervisarEsCuidar https://t.co/N0AZx3exKz,https://x.com/Supersubsidio/status/2032193149620080669,727,12,20,1,0,0,1,5,1,0,0,1,0
2031126374816022955,"Mon, Mar 9, 2026","@JRodrigoPerez65 @comfasucre1 3/3 Si deseas obtener más información, puedes comunicarte a través de nuestros canales de atención disponibles en el siguiente enlace: https://t.co/bLnm9QgBJU",https://x.com/Supersubsidio/status/2031126374816022955,34,0,1,0,0,0,0,0,0,0,1,0,0
2031126311003910224,"Mon, Mar 9, 2026","@JRodrigoPerez65 @comfasucre1 2/3 Así mismo, te solicitamos enviar los documentos que consideres de respaldo, junto con tus datos de identificación y contacto, a través de mensaje directo o al correo ssf@ssf.gov.co, con el fin de brindarte una respuesta conforme a los términos de ley.",https://x.com/Supersubsidio/status/2031126311003910224,27,0,0,0,0,0,0,0,0,0,0,0,0
2031126241688854796,"Mon, Mar 9, 2026","@JRodrigoPerez65 @comfasucre1 1/3 Buen día. Agradecemos tu comunicación con la Supersubsidio. Con el fin de analizar tu caso, te invitamos a contarnos en detalle la situación presentada con la Caja de Compensación Familiar @comfasucre1.",https://x.com/Supersubsidio/status/2031126241688854796,14,0,0,0,0,0,0,0,0,0,0,0,0
2030768171318153690,"Sun, Mar 8, 2026","🇨🇴 En este día de la mujer, analizamos el impacto real del Sistema del Subsidio Familiar en las mujeres colombianas. Más que cifras, son historias de transformación y empoderamiento. #DíaInternacionalDeLaMujer #DíaDeLaMujer #8M #8MNiUnDerechoAtrás #8Marzo https://t.co/Tln2zMdHaW",https://x.com/Supersubsidio/status/2030768171318153690,272,2,5,0,0,0,1,0,0,1,0,1,0
2030623754104311993,"Sun, Mar 8, 2026","Nuestra misión es vigilar y asegurar que el Sistema de Subsidio Familiar sea un motor de oportunidades y un respaldo sólido ante las brechas sociales. ¡Por más espacios de liderazgo, bienestar y justicia social para todas! 💜 #DíaInternacionalDeLaMujer #DíaDeLaMujer #8M #8Marzo",https://x.com/Supersubsidio/status/2030623754104311993,120,1,5,0,0,0,1,0,1,0,0,2,0
2030623751881031805,"Sun, Mar 8, 2026","✊ En el Día Internacional de los Derechos de las Mujeres, reafirmamos nuestro compromiso desde la Superintendencia del Subsidio Familiar. Entendemos que la verdadera transformación social ocurre cuando las mujeres tienen garantías reales para ellas y sus familias. https://t.co/iaQj1U3ueJ",https://x.com/Supersubsidio/status/2030623751881031805,508,10,22,0,0,0,3,3,4,2,0,0,0
2030621858521842097,"Sun, Mar 8, 2026","Nuestra misión es vigilar y asegurar que el Sistema de Subsidio Familiar sea un motor de oportunidades y un respaldo sólido ante las brechas sociales. ¡Por más espacios de liderazgo, bienestar y justicia social para todas! 💜 #DíaInternacionalDeLaMujer #DíaDeLaMujer #8M #8Marzo",https://x.com/Supersubsidio/status/2030621858521842097,70,1,2,0,0,0,1,0,0,0,0,0,0
2029949391880986925,"Fri, Mar 6, 2026","Desde la ciencia y la cultura hasta el cuidado ancestral del territorio, estas Mujeres Llenas de Vida representan lo mejor de sus departamentos a través de 146 iniciativas que hoy ocupan el centro de la conversación nacional. #PremioMujerCafam #MujeresLíderes #Supersubsidio https://t.co/wd4pn7QP5O",https://x.com/Supersubsidio/status/2029949391880986925,60,0,3,0,0,0,1,0,0,0,0,0,0
2029949378484392295,"Fri, Mar 6, 2026","Ayer vivimos una jornada inolvidable en el Teatro Cafam. La edición N°37 del Premio Cafam a la Mujer nos recordó que el liderazgo femenino no solo soluciona problemas del presente, sino que siembra las bases de un futuro sostenible. 🌿 https://t.co/HohceoDel8",https://x.com/Supersubsidio/status/2029949378484392295,91,0,4,0,0,0,2,0,0,0,0,0,0
2029949367789002818,"Fri, Mar 6, 2026","30 mujeres, 30 historias y un solo propósito: transformar a Colombia desde el corazón de sus comunidades. 🇨🇴✨ https://t.co/ZOXpXe6US4",https://x.com/Supersubsidio/status/2029949367789002818,562,8,23,0,0,0,3,5,0,1,0,0,0
2029936111829631004,"Fri, Mar 6, 2026","Entregamos 1.344 apoyos de emergencia a mujeres en riesgo de feminicidio, formamos 14.000 personas cuidadoras en sus derechos, fortalecimos 19 Casas para Dignidad de las Mujeres y destinamos más de 37.000 millones de pesos para impulsar economías populares de mujeres en el país. https://t.co/hAQpNiodjH",https://x.com/Supersubsidio/status/2029936111829631004,58,0,0,0,0,0,0,0,0,0,0,0,0
2029936085820662097,"Fri, Mar 6, 2026",🇨🇴 Hemos trabajado para construir caminos de igualdad en todo el país. #8MNiUnDerechoAtrás ✊💜 https://t.co/vvrc6M99IE,https://x.com/Supersubsidio/status/2029936085820662097,153,1,5,0,0,0,2,1,0,0,0,0,0
2029661761452777698,"Thu, Mar 5, 2026","Como destaca el Director Administrativo de Cafam, Luis Gonzalo Giraldo Marín, el impacto directo en las comunidades es la clave del progreso. ¡Seguimos apoyando el liderazgo social que construye país! #Mujeres #Supersubsidio #SupervisarEsCuidar",https://x.com/Supersubsidio/status/2029661761452777698,72,0,1,0,0,0,1,0,0,0,0,0,0
2029661755694354750,"Thu, Mar 5, 2026","En esta edición: • 📍 Más de 146 iniciativas de todas las regiones del país. • 🌿 Proyectos que integran ciencia, territorio y autonomía. • 💪 Un homenaje a quienes transforman realidades con acciones sostenibles. https://t.co/SmAnFJM1ZI",https://x.com/Supersubsidio/status/2029661755694354750,96,1,8,0,0,0,2,0,1,1,0,0,0
2029661732101116364,"Thu, Mar 5, 2026","¡El cambio tiene voz de mujer! ✨ La Supersubsidio, en cabeza de la Superintendente Sandra Viviana Cadena Martínez, se une a la celebración del 37° Premio Cafam a la Mujer. https://t.co/zIen1Mu6pP",https://x.com/Supersubsidio/status/2029661732101116364,953,10,43,0,0,0,3,5,2,4,0,0,0
2029330287168008305,"Wed, Mar 4, 2026",¡Seguimos trabajando por un subsidio familiar con enfoque de género! 💙 #EquidadDeGénero #Supersubsidio,https://x.com/Supersubsidio/status/2029330287168008305,72,0,0,0,0,0,0,0,0,0,0,0,0
2029330277445538001,"Wed, Mar 4, 2026","Liderado por nuestra Superintendente, Sandra Viviana Cadena Martínez, y la representante de ONU Mujeres, María Inés Salamanca, este compromiso de cooperación de buena fe busca alcanzar objetivos comunes que transformen realidades.",https://x.com/Supersubsidio/status/2029330277445538001,125,1,4,0,0,0,2,0,0,1,0,0,0
2029330273695932627,"Wed, Mar 4, 2026",Se llevó a cabo la primera mesa técnica en el marco del Memorando de Entendimiento entre la Supersubsidio y ONU Mujeres. Este encuentro marca el inicio del cronograma de actividades para promover la igualdad de género y el empoderamiento de las mujeres en nuestro país.🤝 https://t.co/JtITHqd8I5,https://x.com/Supersubsidio/status/2029330273695932627,1100,14,98,0,0,0,4,8,5,6,0,0,0
2029036543793353044,"Wed, Mar 4, 2026","@SusaOMasha 4/4 Si deseas más información sobre el Sistema del Subsidio Familiar, puedes comunicarte a las líneas (601) 3487777 – (601) 3487800 o a la línea gratuita nacional 018000910110, o presentar tu PQRSF en la sede electrónica https://t.co/DFn7UQ4Ugo.",https://x.com/Supersubsidio/status/2029036543793353044,14,0,0,0,0,0,0,0,0,0,0,0,0
2029036473882673337,"Wed, Mar 4, 2026","@SusaOMasha 3/4 Así mismo, te solicitamos enviar los documentos que consideres de respaldo, junto con tus datos de identificación y contacto, al correo ssf@ssf.gov.co, con el fin de brindarte una respuesta conforme a los términos de ley.",https://x.com/Supersubsidio/status/2029036473882673337,12,0,0,0,0,0,0,0,0,0,0,0,0
2029036340596076948,"Wed, Mar 4, 2026","@SusaOMasha 2/4 Dado que tu caso requiere analizar la situación presentada con la Caja de Compensación @CafamOficial, agradecemos redactes los hechos presentados de manera clara y cronológica, indicando lo ocurrido de forma detallada.",https://x.com/Supersubsidio/status/2029036340596076948,11,0,0,0,0,0,0,0,0,0,0,0,0
2029036289316532301,"Wed, Mar 4, 2026",@SusaOMasha 1/4 Buen día. Agradecemos tu comunicación con la Supersubsidio.,https://x.com/Supersubsidio/status/2029036289316532301,12,0,0,0,0,0,0,0,0,0,0,0,0
2029033009798668639,"Wed, Mar 4, 2026","@camilafranco11 @Compensar_info 5/5 Si deseas más información te puedes comunicar a través de nuestra línea telefónica en Bogotá (601) 3487777 - (601) 3487800, también a nuestra línea gratuita nacional 018000910110 o presentar tu PQRSF a través de la sede electrónica https://t.co/DFn7UQ4Ugo",https://x.com/Supersubsidio/status/2029033009798668639,17,0,0,0,0,0,0,0,0,0,0,0,0
2029032925816111291,"Wed, Mar 4, 2026","@camilafranco11 @Compensar_info 4/5 Una vez la resolución tenga efectos legales, las Cajas de Compensación Familiar del país deberán realizar el pago retroactivo de la cuota monetaria correspondiente a la diferencia generada conforme a los establecido en la resolución para el año 2026.",https://x.com/Supersubsidio/status/2029032925816111291,15,0,0,0,0,0,0,0,0,0,0,0,0
2029032843993657795,"Wed, Mar 4, 2026","@camilafranco11 @Compensar_info 3/5 No obstante, dicha resolución aun no tiene efectos legales, ya que se encuentra pendiente resolver los recursos de reposición presentados.",https://x.com/Supersubsidio/status/2029032843993657795,4,0,0,0,0,0,0,0,0,0,0,0,0
2029032766751301883,"Wed, Mar 4, 2026","@camilafranco11 @Compensar_info 2/5 Para el año 2026, la Supersubsidio, en ejercicio de sus funciones expidió la Resolución Número 0091 del 30 de enero de 2026, mediante la cual se establecen los nuevos valores de la cuota monetaria que deben reconocer las Cajas de Compensación Familiar por departamento.",https://x.com/Supersubsidio/status/2029032766751301883,23,0,0,0,0,0,0,0,0,0,0,0,0
2029032640976719933,"Wed, Mar 4, 2026",@camilafranco11 @Compensar_info 1/5 Buen día. Agradecemos tu comunicación con la Supersubsidio.,https://x.com/Supersubsidio/status/2029032640976719933,7,0,0,0,0,0,0,0,0,0,0,0,0
2028996075344834742,"Wed, Mar 4, 2026","@holmaan @Compensar_info 4/4 Si deseas más información sobre el Sistema del Subsidio Familiar, puedes comunicarte a las líneas (601) 3487777 – (601) 3487800 o a la línea gratuita nacional 018000910110, o presentar tu PQRSF en la sede electrónica https://t.co/DFn7UQ4Ugo.",https://x.com/Supersubsidio/status/2028996075344834742,13,0,0,0,0,0,0,0,0,0,0,0,0
2028996014384849147,"Wed, Mar 4, 2026","@holmaan @Compensar_info 3/4 Puedes adjuntar los documentos que consideres pertinentes como soporte a través de mensaje directo, o enviar tu solicitud directamente al correo electrónico: ssf@ssf.gov.co.",https://x.com/Supersubsidio/status/2028996014384849147,9,0,0,0,0,0,0,0,0,0,0,0,0
2028995886030684668,"Wed, Mar 4, 2026","@holmaan @Compensar_info 2/4 Con el fin de investigar la situación presentada con la Caja de Compensación Familiar @Compensar_info, agradecemos nos envíes tus datos (nombre, cédula y correo electrónico) para realizar la radicación y trámite de tu queja.",https://x.com/Supersubsidio/status/2028995886030684668,8,0,0,0,0,0,0,0,0,0,0,0,0
2028995828275114164,"Wed, Mar 4, 2026","@holmaan @Compensar_info 1/4 Agradecemos tu comunicación con la Supersubsidio, te informamos que somos la Entidad que ejerce inspección, vigilancia y control a las Cajas de Compensación Familiar, adicionalmente, les proporcionamos instrucción sobre el cumplimiento adecuado de las normas legales vigentes.",https://x.com/Supersubsidio/status/2028995828275114164,16,0,0,0,0,0,0,0,0,0,0,0,0
2028995513102565743,"Wed, Mar 4, 2026","@linacamelos @CafamOficial 4/4 Si deseas más información sobre el Sistema del Subsidio Familiar, puedes comunicarte a las líneas (601) 3487777 – (601) 3487800 o a la línea gratuita nacional 018000910110, o presentar tu PQRSF en la sede electrónica https://t.co/DFn7UQ4Ugo.",https://x.com/Supersubsidio/status/2028995513102565743,15,0,0,0,0,0,0,0,0,0,0,0,0
2028995439941296371,"Wed, Mar 4, 2026","@linacamelos @CafamOficial 3/4 Puedes adjuntar los documentos que consideres pertinentes como soporte a través de mensaje directo, o enviar tu solicitud directamente al correo electrónico: ssf@ssf.gov.co.",https://x.com/Supersubsidio/status/2028995439941296371,13,0,2,0,0,0,0,0,1,1,0,0,0
2028995385872592966,"Wed, Mar 4, 2026","@linacamelos @CafamOficial 2/4 Con el fin de investigar la situación presentada con la Caja de Compensación Familiar @CafamOficial, agradecemos nos envíes tus datos (nombre, cédula y correo electrónico) para realizar la radicación y trámite de tu queja.",https://x.com/Supersubsidio/status/2028995385872592966,10,0,0,0,0,0,0,0,0,0,0,0,0
2028995340209098871,"Wed, Mar 4, 2026","@linacamelos @CafamOficial 1/4 Agradecemos tu comunicación con la Supersubsidio, te informamos que somos la Entidad que ejerce inspección, vigilancia y control a las Cajas de Compensación Familiar, adicionalmente, les proporcionamos instrucción sobre el cumplimiento adecuado de las normas legales vigentes.",https://x.com/Supersubsidio/status/2028995340209098871,12,0,0,0,0,0,0,0,0,0,0,0,0
2028994987275305448,"Wed, Mar 4, 2026","@linacamelos @CafamOficial 4/4 Si deseas más información sobre el Sistema del Subsidio Familiar, puedes comunicarte a las líneas (601) 3487777 – (601) 3487800 o a la línea gratuita nacional 018000910110, o presentar tu PQRSF en la sede electrónica https://t.co/DFn7UQ4Ugo.",https://x.com/Supersubsidio/status/2028994987275305448,20,0,1,0,0,0,1,0,0,0,0,0,0
2028994912838963388,"Wed, Mar 4, 2026","@linacamelos @CafamOficial 3/4 Puedes adjuntar los documentos que consideres pertinentes como soporte a través de mensaje directo, o enviar tu solicitud directamente al correo electrónico: ssf@ssf.gov.co.",https://x.com/Supersubsidio/status/2028994912838963388,34,0,0,0,0,0,0,0,0,0,0,0,0
2028994849345507649,"Wed, Mar 4, 2026","@linacamelos @CafamOficial 2/4 Con el fin de investigar la situación presentada con la Caja de Compensación Familiar @CafamOficial, agradecemos nos envíes tus datos (nombre, cédula y correo electrónico) para realizar la radicación y trámite de tu queja.",https://x.com/Supersubsidio/status/2028994849345507649,19,0,0,0,0,0,0,0,0,0,0,0,0
2028994774556877089,"Wed, Mar 4, 2026","@linacamelos @CafamOficial 1/4 Agradecemos tu comunicación con la Supersubsidio, te informamos que somos la Entidad que ejerce inspección, vigilancia y control a las Cajas de Compensación Familiar, adicionalmente, les proporcionamos instrucción sobre el cumplimiento adecuado de las normas legales vigentes.",https://x.com/Supersubsidio/status/2028994774556877089,66,0,6,0,0,0,4,0,0,2,0,0,0
2028994278496612589,"Wed, Mar 4, 2026","@holmaan @Compensar_info 4/4 Si deseas más información sobre el Sistema del Subsidio Familiar, puedes comunicarte a las líneas (601) 3487777 – (601) 3487800 o a la línea gratuita nacional 018000910110, o presentar tu PQRSF en la sede electrónica https://t.co/DFn7UQ4Ugo.",https://x.com/Supersubsidio/status/2028994278496612589,9,0,0,0,0,0,0,0,0,0,0,0,0
2028994153187549195,"Wed, Mar 4, 2026","@holmaan @Compensar_info 3/4 Puedes adjuntar los documentos que consideres pertinentes como soporte a través de mensaje directo, o enviar tu solicitud directamente al correo electrónico: ssf@ssf.gov.co.",https://x.com/Supersubsidio/status/2028994153187549195,6,0,1,0,0,0,1,0,0,0,0,0,0
2028994086946975906,"Wed, Mar 4, 2026","@holmaan @Compensar_info 2/4 Con el fin de investigar la situación presentada con la Caja de Compensación Familiar @Compensar_info, agradecemos nos envíes tus datos (nombre, cédula y correo electrónico) para realizar la radicación y trámite de tu queja.",https://x.com/Supersubsidio/status/2028994086946975906,6,0,3,0,0,0,1,0,0,2,0,0,0
2028993935582859270,"Wed, Mar 4, 2026","@holmaan @Compensar_info 1/4 Agradecemos tu comunicación con la Supersubsidio, te informamos que somos la Entidad que ejerce inspección, vigilancia y control a las Cajas de Compensación Familiar, adicionalmente, les proporcionamos instrucción sobre el cumplimiento adecuado de las normas legales vigentes.",https://x.com/Supersubsidio/status/2028993935582859270,14,0,6,0,0,0,1,0,0,5,0,0,0
2028969274082017588,"Tue, Mar 3, 2026","💻 Una vez recibamos tu solicitud, en un plazo máximo de tres (3) días hábiles te enviaremos la confirmación de inscripción y el paso a paso para acceder a los contenidos. #SubsidioFamiliar #Supersubsidio #SupervisarEsCuidar #CursosGratis https://t.co/4TseifvcOG",https://x.com/Supersubsidio/status/2028969274082017588,55,1,2,0,0,0,0,0,0,0,0,1,0
2028969261654290755,"Tue, Mar 3, 2026",https://t.co/14w3Wf12CJ,https://x.com/Supersubsidio/status/2028969261654290755,54,2,4,0,0,0,1,0,0,0,0,0,0
2028969242452799907,"Tue, Mar 3, 2026",https://t.co/PmnlIhXF4P,https://x.com/Supersubsidio/status/2028969242452799907,15,0,1,0,0,0,1,0,0,0,0,0,0
2028969215189803034,"Tue, Mar 3, 2026",https://t.co/nppF0s0aNw,https://x.com/Supersubsidio/status/2028969215189803034,16,0,2,0,0,0,1,0,0,0,0,0,0
2028969189168320886,"Tue, Mar 3, 2026",https://t.co/P6EBr0X9zw,https://x.com/Supersubsidio/status/2028969189168320886,47,0,2,0,0,0,2,0,0,0,0,0,0
2028969171086643711,"Tue, Mar 3, 2026",https://t.co/MPZtxPHdgp,https://x.com/Supersubsidio/status/2028969171086643711,65,0,3,0,0,0,2,0,1,0,0,0,0
2028969157744836793,"Tue, Mar 3, 2026","💻 Para inscribirte en los cursos debes enviar un correo electrónico a ssf@ssf.gov.co con el asunto ‘Inscripción cursos SSF’, incluyendo tu nombre completo, número de cédula y correo electrónico. #SubsidioFamiliar #Supersubsidio #SupervisarEsCuidar #CursosGratis https://t.co/ia28PebT6O",https://x.com/Supersubsidio/status/2028969157744836793,773,9,31,0,0,1,1,5,3,2,0,1,0
2028095374427128110,"Sun, Mar 1, 2026",¡Feliz Día del Contador Público! 📊 Gracias por ser el motor de la transparencia y el crecimiento de cada proyecto. ✨ #DíaDelContadorPúblico https://t.co/LsiYbgTicZ,https://x.com/Supersubsidio/status/2028095374427128110,772,12,53,0,0,0,2,5,1,2,0,0,0
2027406727621103851,"Fri, Feb 27, 2026",En la Superintendencia del Subsidio Familiar trabajamos día a día para que las familias trabajadoras de Colombia se sientan respaldadas en cada paso que dan. 👣 ✅ Vigilancia. ✅ Transparencia. ✅ Bienestar para tu hogar. ¡Tu bienestar es nuestro compromiso! 🇨🇴 #Supersubsidio https://t.co/LKvyNvBHB7,https://x.com/Supersubsidio/status/2027406727621103851,1013,15,44,1,1,0,3,6,2,2,0,0,0
2026826559814775023,"Thu, Feb 26, 2026",🐝 ​#ICARRD20 En la Supersubsidio fortalecemos nuestra articulación con las políticas de desarrollo rural. Nuestra misión es clara: asegurar que los recursos del sistema del subsidio familiar se traduzcan en bienestar real para las familias del campo. https://t.co/wyDfxtoqS8,https://x.com/Supersubsidio/status/2026826559814775023,115,2,5,0,0,0,2,0,1,0,0,0,0
2026456367016366163,"Wed, Feb 25, 2026",🌱 Nuestra misión es clara: vigilar que cada recurso del Subsidio Familiar llegue con calidad y oportunidad a quienes más lo necesitan en las zonas rurales y dispersas. ¡Por un campo con más equidad y protección social! 🤝 #Supersubsidio #SupervisarEsCuidar https://t.co/jgafXCZZOp,https://x.com/Supersubsidio/status/2026456367016366163,75,0,7,0,0,0,1,0,0,0,0,0,0
2026456340340629522,"Wed, Feb 25, 2026","🇨🇴 #ICARRD20 Desde la Segunda Conferencia Internacional de Reforma Agraria y Desarrollo Rural, reafirmamos nuestro compromiso con la transparencia. https://t.co/x2eT4qdsj5",https://x.com/Supersubsidio/status/2026456340340629522,786,12,41,0,0,0,3,2,1,2,0,0,0
2026308262765699166,"Tue, Feb 24, 2026","#ICARRD20 🐝 | La juventud rural enfrenta la amenaza de quedarse sin oportunidades o abandonar el campo. Esta realidad será parte central del debate sobre dignidad, tierra y futuro en la @icarrdcolombia. 👩🏽‍🌾 Tierra para trabajar | 🌱 Tierra para comer | ❤️ Tierra para la vida https://t.co/01Pax8tK88",https://x.com/Supersubsidio/status/2026308262765699166,116,3,7,0,0,0,1,1,0,0,0,1,0
2026303472832831912,"Tue, Feb 24, 2026","En la @icarrdcolombia, que se realizará en Cartagena, la justicia de género será un eje central de la discusión sobre dignidad y derechos. 👩🏽‍🌾 Tierra para trabajar 🌱 Tierra para comer ❤️ #TierraParaLaVida. #ICARRD20 🐝 https://t.co/uuEKyR3TOa",https://x.com/Supersubsidio/status/2026303472832831912,95,1,4,0,0,0,1,0,1,0,0,0,0
2026115036222017714,"Tue, Feb 24, 2026",@lilianac0812gm1 @CafamOficial @julio_sabogal_ 5/5 Si deseas más información te puedes comunicar a través de nuestra línea telefónica en Bogotá (601) 3487777 - (601) 3487800 o línea gratuita nacional 018000910110 o presentar tu PQRSF a través de la sede electrónica https://t.co/DFn7UQ4Ugo,https://x.com/Supersubsidio/status/2026115036222017714,12,0,1,0,0,0,0,0,1,0,0,0,0
2026115005393863134,"Tue, Feb 24, 2026","@lilianac0812gm1 @CafamOficial @julio_sabogal_ 4/5 Puedes adjuntar los documentos que consideres pertinentes como soporte a través de mensaje directo, o enviar tu solicitud directamente al correo electrónico: ssf@ssf.gov.co.",https://x.com/Supersubsidio/status/2026115005393863134,13,0,1,0,0,0,1,0,0,0,0,0,0
2026114942064017617,"Tue, Feb 24, 2026","@lilianac0812gm1 @CafamOficial @julio_sabogal_ 3/5 Debido a que tu solicitud requiere investigar la situación con la Caja de Compensación Familiar @CafamOficial, agradecemos nos envíes tus datos (nombre, cédula y correo electrónico) para realizar la radicación y trámite de tu queja.",https://x.com/Supersubsidio/status/2026114942064017617,7,0,3,0,0,0,1,0,0,2,0,0,0
2026114874594500866,"Tue, Feb 24, 2026","@lilianac0812gm1 @CafamOficial @julio_sabogal_ 2/5 Adicionalmente, les proporcionamos instrucción sobre el cumplimiento adecuado de las normas legales vigentes, con el fin de preservar la estabilidad, seguridad y confianza del Sistema del Subsidio Familiar.",https://x.com/Supersubsidio/status/2026114874594500866,7,0,3,0,0,0,1,0,0,2,0,0,0
2026114826842353810,"Tue, Feb 24, 2026","@lilianac0812gm1 @CafamOficial @julio_sabogal_ 1/5 Buen día, @lilianac0812gm1. Agradecemos tu comunicación con la Supersubsidio, te informamos que somos la Entidad que ejerce inspección, vigilancia y control a las Cajas de Compensación Familiar.",https://x.com/Supersubsidio/status/2026114826842353810,13,0,5,0,0,0,1,0,0,4,0,0,0
2026114253783003516,"Tue, Feb 24, 2026",@corina1697 @CafamOficial @Supersalud 5/5 Si deseas más información te puedes comunicar a través de nuestra línea telefónica en Bogotá (601) 3487777 - (601) 3487800 o línea gratuita nacional 018000910110 o presentar tu PQRSF a través de la sede electrónica https://t.co/F57gutXwSW,https://x.com/Supersubsidio/status/2026114253783003516,20,0,0,0,0,0,0,0,0,0,0,0,0
2026114107078770761,"Tue, Feb 24, 2026","@corina1697 @CafamOficial @Supersalud 4/5 Puedes adjuntar los documentos que consideres pertinentes como soporte a través de mensaje directo, o enviar tu solicitud directamente al correo electrónico: ssf@ssf.gov.co.",https://x.com/Supersubsidio/status/2026114107078770761,11,0,1,0,0,0,1,0,0,0,0,0,0
2026114027038900462,"Tue, Feb 24, 2026","@corina1697 @CafamOficial @Supersalud 3/5 Debido a que tu solicitud requiere investigar la situación con la Caja de Compensación Familiar @CafamOficial, agradecemos nos envíes tus datos (nombre, cédula y correo electrónico) para realizar la radicación y trámite de tu queja.",https://x.com/Supersubsidio/status/2026114027038900462,8,0,3,0,0,0,1,0,0,2,0,0,0
2026113860453695884,"Tue, Feb 24, 2026","@corina1697 @CafamOficial @Supersalud 2/5 Adicionalmente, les proporcionamos instrucción sobre el cumplimiento adecuado de las normas legales vigentes, con el fin de preservar la estabilidad, seguridad y confianza del Sistema del Subsidio Familiar.",https://x.com/Supersubsidio/status/2026113860453695884,21,0,3,0,0,0,1,0,0,2,0,0,0
2026113801439817873,"Tue, Feb 24, 2026","@corina1697 @CafamOficial @Supersalud 1/5 Buen día, @corina1697. Agradecemos tu comunicación con la Supersubsidio, te informamos que somos la Entidad que ejerce inspección, vigilancia y control a las Cajas de Compensación Familiar.",https://x.com/Supersubsidio/status/2026113801439817873,23,0,5,0,0,0,1,0,0,4,0,0,0
2026113105923645864,"Tue, Feb 24, 2026",@Gryffindor256 @ComfenalcoCtg 5/5 Si deseas más información te puedes comunicar a través de nuestra línea telefónica en Bogotá (601) 3487777 - (601) 3487800 o línea gratuita nacional 018000910110 o presentar tu PQRSF a través de la sede electrónica https://t.co/DFn7UQ4Ugo,https://x.com/Supersubsidio/status/2026113105923645864,12,0,0,0,0,0,0,0,0,0,0,0,0
2026113071421301160,"Tue, Feb 24, 2026","@Gryffindor256 @ComfenalcoCtg 4/5 Puedes adjuntar los documentos que consideres pertinentes como soporte a través de mensaje directo, o enviar tu solicitud directamente al correo electrónico: ssf@ssf.gov.co.",https://x.com/Supersubsidio/status/2026113071421301160,11,0,1,0,0,0,1,0,0,0,0,0,0
2026112912725577883,"Tue, Feb 24, 2026","@Gryffindor256 @ComfenalcoCtg 3/5 Debido a que tu solicitud requiere investigar la situación con la Caja de Compensación Familiar @ComfenalcoCtg, agradecemos nos envíes tus datos (nombre, cédula y correo electrónico) para realizar la radicación y trámite de tu queja.",https://x.com/Supersubsidio/status/2026112912725577883,9,0,3,0,0,0,1,0,0,2,0,0,0
2026112833906233417,"Tue, Feb 24, 2026","@Gryffindor256 @ComfenalcoCtg 2/5 Adicionalmente, les proporcionamos instrucción sobre el cumplimiento adecuado de las normas legales vigentes, con el fin de preservar la estabilidad, seguridad y confianza del Sistema del Subsidio Familiar.",https://x.com/Supersubsidio/status/2026112833906233417,17,0,3,0,0,0,1,0,0,2,0,0,0
2026112726993715535,"Tue, Feb 24, 2026","@Gryffindor256 @ComfenalcoCtg 1/5 Buen día, @Gryffindor256 Agradecemos tu comunicación con la Supersubsidio, te informamos que somos la Entidad que ejerce inspección, vigilancia y control a las Cajas de Compensación Familiar.",https://x.com/Supersubsidio/status/2026112726993715535,20,0,7,0,0,0,1,0,0,6,0,0,0
2026111153407942714,"Tue, Feb 24, 2026",@ManuPvu 5/5 Si deseas más información te puedes comunicar a través de nuestra línea telefónica en Bogotá (601) 3487777 - (601) 3487800 o línea gratuita nacional 018000910110 o presentar tu PQRSF a través de la sede electrónica https://t.co/DFn7UQ4Ugo,https://x.com/Supersubsidio/status/2026111153407942714,6,0,0,0,0,0,0,0,0,0,0,0,0
2026111119161520474,"Tue, Feb 24, 2026","@ManuPvu 4/5 Si presentas alguna situación específica con una Caja de Compensación Familiar, agradecemos que envíes los hechos presentados y los documentos que consideres de respaldo para realizar la gestión pertinente, al correo ssf@ssf.gov.co.",https://x.com/Supersubsidio/status/2026111119161520474,12,0,1,0,0,0,1,0,0,0,0,0,0
2026111048256778689,"Tue, Feb 24, 2026","@ManuPvu 3/5 Te invitamos a ampliar, aclarar y/o complementar la información de tu comentario con el fin de que sea gestionado adecuadamente.",https://x.com/Supersubsidio/status/2026111048256778689,5,0,3,0,0,0,1,0,0,2,0,0,0
2026110971324879089,"Tue, Feb 24, 2026","@ManuPvu 2/5 Adicionalmente, les proporcionamos instrucción sobre el cumplimiento adecuado de las normas legales vigentes, con el fin de preservar la estabilidad, seguridad y confianza del Sistema del Subsidio Familiar.",https://x.com/Supersubsidio/status/2026110971324879089,20,0,3,0,0,0,1,0,0,2,0,0,0
2026110912155791589,"Tue, Feb 24, 2026","@ManuPvu 1/5 Buen día @ManuPvu. Agradecemos tu comunicación con la Supersubsidio, te informamos que somos la Entidad que ejerce inspección, vigilancia y control a las Cajas de Compensación Familiar.",https://x.com/Supersubsidio/status/2026110912155791589,24,0,3,0,0,0,1,0,0,2,0,0,0
2026110314509394339,"Tue, Feb 24, 2026",@julio_sabogal_ @CafamOficial 5/5 Si deseas más información te puedes comunicar a través de nuestra línea telefónica en Bogotá (601) 3487777 - (601) 3487800 o línea gratuita nacional 018000910110 o presentar tu PQRSF a través de la sede electrónica https://t.co/DFn7UQ4Ugo,https://x.com/Supersubsidio/status/2026110314509394339,4,0,0,0,0,0,0,0,0,0,0,0,0
2026110283169550652,"Tue, Feb 24, 2026","@julio_sabogal_ @CafamOficial 4/5 Puedes adjuntar los documentos que consideres pertinentes como soporte a través de mensaje directo, o enviar tu solicitud directamente al correo electrónico: ssf@ssf.gov.co.",https://x.com/Supersubsidio/status/2026110283169550652,5,0,1,0,0,0,1,0,0,0,0,0,0
2026110228144537676,"Tue, Feb 24, 2026","@julio_sabogal_ @CafamOficial 3/5 Debido a que tu solicitud requiere investigar la situación con la Caja de Compensación Familiar @CafamOficial, agradecemos nos envíes tus datos (nombre, cédula y correo electrónico) para realizar la radicación y trámite de tu queja.",https://x.com/Supersubsidio/status/2026110228144537676,5,0,3,0,0,0,1,0,0,2,0,0,0
2026110161832550804,"Tue, Feb 24, 2026","@julio_sabogal_ @CafamOficial 2/5 Adicionalmente, les proporcionamos instrucción sobre el cumplimiento adecuado de las normas legales vigentes, con el fin de preservar la estabilidad, seguridad y confianza del Sistema del Subsidio Familiar.",https://x.com/Supersubsidio/status/2026110161832550804,14,0,3,0,0,0,1,0,0,2,0,0,0
2026110097626120405,"Tue, Feb 24, 2026","@julio_sabogal_ @CafamOficial 1/5 Buen día, @julio_sabogal_. Agradecemos tu comunicación con la Supersubsidio, te informamos que somos la Entidad que ejerce inspección, vigilancia y control a las Cajas de Compensación Familiar.",https://x.com/Supersubsidio/status/2026110097626120405,19,0,4,0,0,0,1,0,0,3,0,0,0
2026108384311660901,"Tue, Feb 24, 2026",@XsaraD13 @comfandi 5/5 Si deseas más información te puedes comunicar a través de nuestra línea telefónica en Bogotá (601) 3487777 - (601) 3487800 o línea gratuita nacional 018000910110 o presentar tu PQRSF a través de la sede electrónica https://t.co/DFn7UQ4Ugo,https://x.com/Supersubsidio/status/2026108384311660901,14,1,1,0,0,0,0,0,0,0,0,0,0
2026108353026355369,"Tue, Feb 24, 2026","@XsaraD13 @comfandi 4/5 Puedes adjuntar los documentos que consideres pertinentes como soporte a través de mensaje directo, o enviar tu solicitud directamente al correo electrónico: ssf@ssf.gov.co.",https://x.com/Supersubsidio/status/2026108353026355369,9,1,2,0,0,0,1,0,0,0,0,0,0
2026108294788522182,"Tue, Feb 24, 2026","@XsaraD13 @comfandi 3/5 Debido a que tu solicitud requiere investigar la situación con la Caja de Compensación Familiar @comfandi, agradecemos nos envíes tus datos (nombre, cédula y correo electrónico) para realizar la radicación y trámite de tu queja.",https://x.com/Supersubsidio/status/2026108294788522182,6,1,4,0,0,0,1,0,0,2,0,0,0
2026108238752551079,"Tue, Feb 24, 2026","@XsaraD13 @comfandi 2/5 Adicionalmente, les proporcionamos instrucción sobre el cumplimiento adecuado de las normas legales vigentes, con el fin de preservar la estabilidad, seguridad y confianza del Sistema del Subsidio Familiar.",https://x.com/Supersubsidio/status/2026108238752551079,42,1,4,0,0,0,1,0,0,2,0,0,0
2026108194582388975,"Tue, Feb 24, 2026","@XsaraD13 @comfandi 1/5 Buen día, @XsaraD13. Agradecemos tu comunicación con la Supersubsidio, te informamos que somos la Entidad que ejerce inspección, vigilancia y control a las Cajas de Compensación Familiar.",https://x.com/Supersubsidio/status/2026108194582388975,46,0,5,0,0,0,1,0,0,4,0,0,0
2026107703181930696,"Tue, Feb 24, 2026",@omarbolivar1611 @Cementos_Argos @ASOCAJAS @comfenalco @fedecajas @davidescobara @Comfama @MintrabajoCol @eskole @PerlaToro 6/6 Si deseas más información te puedes comunicar a través de nuestra línea telefónica en Bogotá (601) 3487777 - (601) 3487800 o línea gratuita nacional 018000910110 o presentar tu PQRSF a través de la sede electrónica https://t.co/DFn7UQ4Ugo,https://x.com/Supersubsidio/status/2026107703181930696,36,0,0,0,0,0,0,0,0,0,0,0,0
2026107673565876454,"Tue, Feb 24, 2026","@omarbolivar1611 @Cementos_Argos @ASOCAJAS @comfenalco @fedecajas @davidescobara @Comfama @MintrabajoCol @eskole @PerlaToro 5/6 Sin embargo, si conoces casos de corrupción que afecten la prestación del Subsidio Familiar, agradecemos que envíes los hechos presentados y los documentos que consideres de respaldo para realizar la gestión pertinente, al correo ssf@ssf.gov.co.",https://x.com/Supersubsidio/status/2026107673565876454,55,0,1,0,0,0,1,0,0,0,0,0,0
2026107622265352689,"Tue, Feb 24, 2026",@omarbolivar1611 @Cementos_Argos @ASOCAJAS @comfenalco @fedecajas @davidescobara @Comfama @MintrabajoCol @eskole @PerlaToro 4/6 no es competente para pronunciarse sobre asuntos laborales de la corporación. Te informamos que la Entidad competente para verificar estas situaciones es el Ministerio del Trabajo @MintrabajoCol.,https://x.com/Supersubsidio/status/2026107622265352689,46,0,4,0,0,0,1,0,0,3,0,0,0
2026107528761823350,"Tue, Feb 24, 2026","@omarbolivar1611 @Cementos_Argos @ASOCAJAS @comfenalco @fedecajas @davidescobara @Comfama @MintrabajoCol @eskole @PerlaToro 3/6 Las Cajas de Compensación Familiar son personas jurídicas de derecho privado, sin ánimo de lucro, y se rigen en materia laboral por el Código Sustantivo del Trabajo, por lo tanto, es viable indicar que la Superintendencia del Subsidio Familiar...",https://x.com/Supersubsidio/status/2026107528761823350,58,0,5,0,0,0,1,0,1,3,0,0,0
2026107428316582171,"Tue, Feb 24, 2026","@omarbolivar1611 @Cementos_Argos @ASOCAJAS @comfenalco @fedecajas @davidescobara @Comfama @MintrabajoCol @eskole @PerlaToro 2/6 Adicionalmente, les proporcionamos instrucción sobre el cumplimiento adecuado de las normas legales vigentes, con el fin de preservar la estabilidad, seguridad y confianza del Sistema del Subsidio Familiar.",https://x.com/Supersubsidio/status/2026107428316582171,45,0,3,0,0,0,1,0,0,2,0,0,0
2026107351795732768,"Tue, Feb 24, 2026","@omarbolivar1611 @Cementos_Argos @ASOCAJAS @comfenalco @fedecajas @davidescobara @Comfama @MintrabajoCol @eskole @PerlaToro 1/6 Buen día @omarbolivar1611. Agradecemos tu comunicación con la Supersubsidio, te informamos que somos la Entidad que ejerce inspección, vigilancia y control a las Cajas de Compensación Familiar.",https://x.com/Supersubsidio/status/2026107351795732768,68,0,4,0,0,0,1,0,0,3,0,0,0
2026106730162065785,"Tue, Feb 24, 2026",@aingenieros1 @PGN_COL @FiscaliaCol @MintrabajoCol @sicsuper 4/4 Si deseas más información te puedes comunicar a través de nuestra línea telefónica en Bogotá (601) 3487777 - (601) 3487800 o línea gratuita nacional 018000910110.,https://x.com/Supersubsidio/status/2026106730162065785,22,0,0,0,0,0,0,0,0,0,0,0,0
2026106701208821863,"Tue, Feb 24, 2026","@aingenieros1 @PGN_COL @FiscaliaCol @MintrabajoCol @sicsuper 3/4 Para comunicarte con el Ministerio del Trabajo puedes marcar a la línea telefónica (601)- 5185830 o línea nacional gratuita 018000 112518, también puedes presentar tu petición en el Canal Virtual - https://t.co/BvFduwCIiX",https://x.com/Supersubsidio/status/2026106701208821863,26,0,2,0,0,0,1,0,0,0,1,0,0
2026106647144231377,"Tue, Feb 24, 2026","@aingenieros1 @PGN_COL @FiscaliaCol @MintrabajoCol @sicsuper 2/4 De acuerdo con tu comentario, informamos que la Entidad competente para verificar estas situaciones es el Ministerio del Trabajo @MintrabajoCol.",https://x.com/Supersubsidio/status/2026106647144231377,23,0,3,0,0,0,1,0,0,2,0,0,0
2026106601992544425,"Tue, Feb 24, 2026","@aingenieros1 @PGN_COL @FiscaliaCol @MintrabajoCol @sicsuper 1/4 Buen día, Agradecemos tu comunicación con la Supersubsidio te informamos que somos la Entidad que ejerce inspección, vigilancia y control a las Cajas de Compensación Familiar, así como brindarles instrucción sobre el cumplimiento adecuado de las normas legales vigentes.",https://x.com/Supersubsidio/status/2026106601992544425,27,0,4,0,0,0,1,0,0,3,0,0,0
2026105938793415003,"Tue, Feb 24, 2026",@EddOptt82420 @FiscaliaCol @PGN_COL @MintrabajoCol 4/4 Si deseas más información te puedes comunicar a través de nuestra línea telefónica en Bogotá (601) 3487777 - (601) 3487800 o línea gratuita nacional 018000910110.,https://x.com/Supersubsidio/status/2026105938793415003,15,0,0,0,0,0,0,0,0,0,0,0,0
2026105906333704641,"Tue, Feb 24, 2026","@EddOptt82420 @FiscaliaCol @PGN_COL @MintrabajoCol 3/4 Para comunicarte con el Ministerio del Trabajo puedes marcar a la línea telefónica (601)- 5185830 o línea nacional gratuita 018000 112518, también puedes presentar tu petición en el Canal Virtual - https://t.co/BvFduwCIiX",https://x.com/Supersubsidio/status/2026105906333704641,21,0,1,0,0,0,1,0,0,0,0,0,0
2026105846875279494,"Tue, Feb 24, 2026","@EddOptt82420 @FiscaliaCol @PGN_COL 2/4 De acuerdo con tu comentario, informamos que la Entidad competente para verificar estas situaciones es el Ministerio del Trabajo @MintrabajoCol.",https://x.com/Supersubsidio/status/2026105846875279494,12,0,3,0,0,0,1,0,0,2,0,0,0
2026105780512919631,"Tue, Feb 24, 2026","@EddOptt82420 @FiscaliaCol @PGN_COL 1/4 Buen día, Agradecemos tu comunicación con la Supersubsidio te informamos que somos la Entidad que ejerce inspección, vigilancia y control a las Cajas de Compensación Familiar, así como brindarles instrucción sobre el cumplimiento adecuado de las normas legales vigentes.",https://x.com/Supersubsidio/status/2026105780512919631,17,0,3,0,0,0,1,0,0,2,0,0,0
2026022976399810681,"Mon, Feb 23, 2026",@EddOptt82420 @MintrabajoCol @FiscaliaCol @PGN_COL @DefensoriaCol 4/4 Si deseas más información te puedes comunicar a través de nuestra línea telefónica en Bogotá (601) 3487777 - (601) 3487800 o línea gratuita nacional 018000910110.,https://x.com/Supersubsidio/status/2026022976399810681,9,0,0,0,0,0,0,0,0,0,0,0,0
2026022945659683112,"Mon, Feb 23, 2026","@EddOptt82420 @MintrabajoCol @FiscaliaCol @PGN_COL @DefensoriaCol 3/4 Para comunicarte con el Ministerio del Trabajo puedes marcar a la línea telefónica (601)- 5185830 o línea nacional gratuita 018000 112518, también puedes presentar tu petición en el Canal Virtual - https://t.co/BvFduwCIiX",https://x.com/Supersubsidio/status/2026022945659683112,12,0,3,0,0,0,1,0,0,2,0,0,0
2026022754785329198,"Mon, Feb 23, 2026","@EddOptt82420 @MintrabajoCol @FiscaliaCol @PGN_COL @DefensoriaCol 2/4 De acuerdo con tu comentario, informamos que la Entidad competente para verificar estas situaciones es el Ministerio del Trabajo @MintrabajoCol.",https://x.com/Supersubsidio/status/2026022754785329198,12,0,3,0,0,0,1,0,0,2,0,0,0
2026022663471202331,"Mon, Feb 23, 2026","@EddOptt82420 @MintrabajoCol @FiscaliaCol @PGN_COL @DefensoriaCol 1/4 Buen día , Agradecemos tu comunicación con la Supersubsidio te informamos que somos la Entidad que ejerce inspección, vigilancia y control a las Cajas de Compensación Familiar, así como brindarles instrucción sobre el cumplimiento adecuado de las normas legales vigentes.",https://x.com/Supersubsidio/status/2026022663471202331,14,0,2,0,0,0,1,0,0,1,0,0,0
2026021523652296866,"Mon, Feb 23, 2026",@aingenieros1 @PGN_COL @FiscaliaCol @DefensoriaCol @MintrabajoCol 4/4 Si deseas más información te puedes comunicar a través de nuestra línea telefónica en Bogotá (601) 3487777 - (601) 3487800 o línea gratuita nacional 018000910110.,https://x.com/Supersubsidio/status/2026021523652296866,7,0,0,0,0,0,0,0,0,0,0,0,0
2026021493855944950,"Mon, Feb 23, 2026","@aingenieros1 @PGN_COL @FiscaliaCol @DefensoriaCol @MintrabajoCol 3/4 Para comunicarte con el Ministerio del Trabajo puedes marcar a la línea telefónica (601)- 5185830 o línea nacional gratuita 018000 112518, también puedes presentar tu petición en el Canal Virtual - https://t.co/BvFduwCIiX",https://x.com/Supersubsidio/status/2026021493855944950,12,0,1,0,0,0,1,0,0,0,0,0,0
2026021435659972859,"Mon, Feb 23, 2026","@aingenieros1 @PGN_COL @FiscaliaCol @DefensoriaCol 2/4 De acuerdo con tu comentario, informamos que la Entidad competente para verificar estas situaciones es el Ministerio del Trabajo @MintrabajoCol.",https://x.com/Supersubsidio/status/2026021435659972859,14,0,3,0,0,0,1,0,0,2,0,0,0
2026021376318988594,"Mon, Feb 23, 2026","@aingenieros1 @PGN_COL @FiscaliaCol @DefensoriaCol 1/4 Buen día , Agradecemos tu comunicación con la Supersubsidio te informamos que somos la Entidad que ejerce inspección, vigilancia y control a las Cajas de Compensación Familiar, así como brindarles instrucción sobre el cumplimiento adecuado de las normas legales vigentes.",https://x.com/Supersubsidio/status/2026021376318988594,18,0,3,0,0,0,1,0,0,2,0,0,0
2026020681121485115,"Mon, Feb 23, 2026",@WSwit13230 5/5 Si deseas más información te puedes comunicar a través de nuestra línea telefónica en Bogotá (601) 3487777 - (601) 3487800 o línea gratuita nacional 018000910110 o presentar tu PQRSF a través de la sede electrónica https://t.co/DFn7UQ4Ugo,https://x.com/Supersubsidio/status/2026020681121485115,6,0,0,0,0,0,0,0,0,0,0,0,0
2026020651748790333,"Mon, Feb 23, 2026","@WSwit13230 4/5 Puedes adjuntar los documentos que consideres pertinentes como soporte a través de mensaje directo, o enviar tu solicitud directamente al correo electrónico: ssf@ssf.gov.co.",https://x.com/Supersubsidio/status/2026020651748790333,6,0,1,0,0,0,1,0,0,0,0,0,0
2026020599781277716,"Mon, Feb 23, 2026","@WSwit13230 3/5 Debido a que tu solicitud requiere investigar la situación con la Caja de Compensación Familiar @Comfenalco_Sder, agradecemos nos envíes tus datos (nombre, cédula y correo electrónico) para realizar la radicación y trámite de tu queja.",https://x.com/Supersubsidio/status/2026020599781277716,3,0,3,0,0,0,1,0,0,2,0,0,0
2026020524162236481,"Mon, Feb 23, 2026","@WSwit13230 2/5 Adicionalmente, les proporcionamos instrucción sobre el cumplimiento adecuado de las normas legales vigentes, con el fin de preservar la estabilidad, seguridad y confianza del Sistema del Subsidio Familiar.",https://x.com/Supersubsidio/status/2026020524162236481,3,0,3,0,0,0,1,0,0,2,0,0,0
2026020464603123844,"Mon, Feb 23, 2026","@WSwit13230 1/5 Buen día, @WSwit13230. Agradecemos tu comunicación con la Supersubsidio, te informamos que somos la Entidad que ejerce inspección, vigilancia y control a las Cajas de Compensación Familiar.",https://x.com/Supersubsidio/status/2026020464603123844,9,0,3,0,0,0,1,0,0,2,0,0,0
2026012965145596333,"Mon, Feb 23, 2026",@WSwit13230 5/5 Si deseas más información te puedes comunicar a través de nuestra línea telefónica en Bogotá (601) 3487777 - (601) 3487800 o línea gratuita nacional 018000910110 o presentar tu PQRSF a través de la sede electrónica https://t.co/DFn7UQ4Ugo,https://x.com/Supersubsidio/status/2026012965145596333,8,0,0,0,0,0,0,0,0,0,0,0,0
2026012919700345178,"Mon, Feb 23, 2026","@WSwit13230 4/5 Puedes adjuntar los documentos que consideres pertinentes como soporte a través de mensaje directo, o enviar tu solicitud directamente al correo electrónico: ssf@ssf.gov.co.",https://x.com/Supersubsidio/status/2026012919700345178,5,0,3,0,0,0,1,0,0,2,0,0,0
2026012840767729980,"Mon, Feb 23, 2026","@WSwit13230 3/5 Debido a que tu solicitud requiere investigar la situación con la Caja de Compensación Familiar @Comfenalco_Sder, agradecemos nos envíes tus datos (nombre, cédula y correo electrónico) para realizar la radicación y trámite de tu queja.",https://x.com/Supersubsidio/status/2026012840767729980,5,0,2,0,0,0,1,0,0,1,0,0,0
2026012762665537557,"Mon, Feb 23, 2026","@WSwit13230 2/5 Adicionalmente, les proporcionamos instrucción sobre el cumplimiento adecuado de las normas legales vigentes, con el fin de preservar la estabilidad, seguridad y confianza del Sistema del Subsidio Familiar.",https://x.com/Supersubsidio/status/2026012762665537557,4,0,3,0,0,0,1,0,0,2,0,0,0
2026012714003275865,"Mon, Feb 23, 2026","@WSwit13230 1/5 Buen día, @WSwit13230. Agradecemos tu comunicación con la Supersubsidio, te informamos que somos la Entidad que ejerce inspección, vigilancia y control a las Cajas de Compensación Familiar.",https://x.com/Supersubsidio/status/2026012714003275865,8,0,3,0,0,0,1,0,0,2,0,0,0
2026012150045585750,"Mon, Feb 23, 2026",@mgarinalvis @Colsubsidio_Ofi 5/5 Si deseas más información te puedes comunicar a través de nuestra línea telefónica en Bogotá (601) 3487777 - (601) 3487800 o línea gratuita nacional 018000910110 o presentar tu PQRSF a través de la sede electrónica https://t.co/DFn7UQ4Ugo,https://x.com/Supersubsidio/status/2026012150045585750,20,0,0,0,0,0,0,0,0,0,0,0,0
2026012114016514309,"Mon, Feb 23, 2026","@mgarinalvis @Colsubsidio_Ofi 4/5 Puedes adjuntar los documentos que consideres pertinentes como soporte a través de mensaje directo, o enviar tu solicitud directamente al correo electrónico: ssf@ssf.gov.co.",https://x.com/Supersubsidio/status/2026012114016514309,10,0,1,0,0,0,1,0,0,0,0,0,0
2026012064318173202,"Mon, Feb 23, 2026","@mgarinalvis @Colsubsidio_Ofi 3/5 Debido a que tu solicitud requiere investigar la situación con la Caja Colombia de Subsidio Familiar @Colsubsidio_Ofi, agradecemos nos envíes tus datos (nombre, cédula y correo electrónico) para realizar la radicación y trámite de tu queja.",https://x.com/Supersubsidio/status/2026012064318173202,7,0,3,0,0,0,1,0,0,2,0,0,0
2026011999700668783,"Mon, Feb 23, 2026","@mgarinalvis @Colsubsidio_Ofi 2/5 Adicionalmente, les proporcionamos instrucción sobre el cumplimiento adecuado de las normas legales vigentes, con el fin de preservar la estabilidad, seguridad y confianza del Sistema del Subsidio Familiar.",https://x.com/Supersubsidio/status/2026011999700668783,6,0,3,0,0,0,1,0,0,2,0,0,0
2026011950996484182,"Mon, Feb 23, 2026","@mgarinalvis @Colsubsidio_Ofi 1/5 Buen día, @mgarinalvis. Agradecemos tu comunicación con la Supersubsidio, te informamos que somos la Entidad que ejerce inspección, vigilancia y control a las Cajas de Compensación Familiar.",https://x.com/Supersubsidio/status/2026011950996484182,10,0,3,0,0,0,1,0,0,2,0,0,0
2026011393430835624,"Mon, Feb 23, 2026",@mgarinalvis @Colsubsidio_Ofi 5/5 Si deseas más información te puedes comunicar a través de nuestra línea telefónica en Bogotá (601) 3487777 - (601) 3487800 o línea gratuita nacional 018000910110 o presentar tu PQRSF a través de la sede electrónica https://t.co/DFn7UQ4Ugo,https://x.com/Supersubsidio/status/2026011393430835624,15,0,0,0,0,0,0,0,0,0,0,0,0
2026011364657901849,"Mon, Feb 23, 2026","@mgarinalvis @Colsubsidio_Ofi 4/5 Puedes adjuntar los documentos que consideres pertinentes como soporte a través de mensaje directo, o enviar tu solicitud directamente al correo electrónico: ssf@ssf.gov.co.",https://x.com/Supersubsidio/status/2026011364657901849,6,0,1,0,0,0,1,0,0,0,0,0,0
2026011314670178807,"Mon, Feb 23, 2026","@mgarinalvis @Colsubsidio_Ofi 3/5 Debido a que tu solicitud requiere investigar la situación con la Caja Colombia de Subsidio Familiar @Colsubsidio_Ofi, agradecemos nos envíes tus datos (nombre, cédula y correo electrónico) para realizar la radicación y trámite de tu queja.",https://x.com/Supersubsidio/status/2026011314670178807,6,0,3,0,0,0,1,0,0,2,0,0,0
2026011251101331845,"Mon, Feb 23, 2026","@mgarinalvis @Colsubsidio_Ofi 2/5 Adicionalmente, les proporcionamos instrucción sobre el cumplimiento adecuado de las normas legales vigentes, con el fin de preservar la estabilidad, seguridad y confianza del Sistema del Subsidio Familiar.",https://x.com/Supersubsidio/status/2026011251101331845,11,0,3,0,0,0,1,0,0,2,0,0,0
2026011194964771215,"Mon, Feb 23, 2026","@mgarinalvis @Colsubsidio_Ofi 1/5 Buen día, @mgarinalvis. Agradecemos tu comunicación con la Supersubsidio, te informamos que somos la Entidad que ejerce inspección, vigilancia y control a las Cajas de Compensación Familiar.",https://x.com/Supersubsidio/status/2026011194964771215,14,0,4,0,0,0,1,0,1,2,0,0,0
2026010670546698721,"Mon, Feb 23, 2026",@jose_david1981 @CafamOficial 5/5 Si deseas más información te puedes comunicar a través de nuestra línea telefónica en Bogotá (601) 3487777 - (601) 3487800 o línea gratuita nacional 018000910110 o presentar tu PQRSF a través de la sede electrónica https://t.co/DFn7UQ4Ugo,https://x.com/Supersubsidio/status/2026010670546698721,13,0,0,0,0,0,0,0,0,0,0,0,0
2026010634865746179,"Mon, Feb 23, 2026","@jose_david1981 @CafamOficial 4/5 Puedes adjuntar los documentos que consideres pertinentes como soporte a través de mensaje directo, o enviar tu solicitud directamente al correo electrónico: ssf@ssf.gov.co.",https://x.com/Supersubsidio/status/2026010634865746179,9,0,1,0,0,0,1,0,0,0,0,0,0
2026010540397519102,"Mon, Feb 23, 2026","@jose_david1981 @CafamOficial 3/5 Debido a que tu solicitud requiere investigar la situación con la Caja de Compensación Familiar @CafamOficial, agradecemos nos envíes tus datos (nombre, cédula y correo electrónico) para realizar la radicación y trámite de tu queja.",https://x.com/Supersubsidio/status/2026010540397519102,4,0,4,0,0,0,1,0,0,3,0,0,0
2026010486895226890,"Mon, Feb 23, 2026","@jose_david1981 @CafamOficial 2/5 Adicionalmente, les proporcionamos instrucción sobre el cumplimiento adecuado de las normas legales vigentes, con el fin de preservar la estabilidad, seguridad y confianza del Sistema del Subsidio Familiar.",https://x.com/Supersubsidio/status/2026010486895226890,8,0,3,0,0,0,1,0,0,2,0,0,0
2026010406003634189,"Mon, Feb 23, 2026","@jose_david1981 @CafamOficial 1/5 Buen día, @jose_david1981. Agradecemos tu comunicación con la Supersubsidio, te informamos que somos la Entidad que ejerce inspección, vigilancia y control a las Cajas de Compensación Familiar.",https://x.com/Supersubsidio/status/2026010406003634189,14,0,3,0,0,0,1,0,0,2,0,0,0
2026008293374644315,"Mon, Feb 23, 2026",@TOCHESI84 @sicsuper @Colsubsidio_Ofi 5/5 Si deseas más información te puedes comunicar a través de nuestra línea telefónica en Bogotá (601) 3487777 - (601) 3487800 o línea gratuita nacional 018000910110 o presentar tu PQRSF a través de la sede electrónica https://t.co/DFn7UQ4Ugo,https://x.com/Supersubsidio/status/2026008293374644315,9,0,0,0,0,0,0,0,0,0,0,0,0
2026008216656576980,"Mon, Feb 23, 2026","@TOCHESI84 @sicsuper @Colsubsidio_Ofi 4/5 Puedes adjuntar los documentos que consideres pertinentes como soporte a través de mensaje directo, o enviar tu solicitud directamente al correo electrónico: ssf@ssf.gov.co.",https://x.com/Supersubsidio/status/2026008216656576980,3,0,1,0,0,0,1,0,0,0,0,0,0
2026008142568468893,"Mon, Feb 23, 2026","@TOCHESI84 @sicsuper @Colsubsidio_Ofi 3/5 Debido a que tu solicitud requiere investigar la situación con la Caja Colombia de Subsidio Familiar @Colsubsidio_Ofi, agradecemos nos envíes tus datos (nombre, cédula y correo electrónico) para realizar la radicación y trámite de tu queja.",https://x.com/Supersubsidio/status/2026008142568468893,4,0,3,0,0,0,1,0,0,2,0,0,0
2026008076688445617,"Mon, Feb 23, 2026","@TOCHESI84 @sicsuper @Colsubsidio_Ofi 2/5 Adicionalmente, les proporcionamos instrucción sobre el cumplimiento adecuado de las normas legales vigentes, con el fin de preservar la estabilidad, seguridad y confianza del Sistema del Subsidio Familiar.",https://x.com/Supersubsidio/status/2026008076688445617,20,0,3,0,0,0,1,0,0,2,0,0,0
2026008010582061535,"Mon, Feb 23, 2026","@TOCHESI84 @sicsuper @Colsubsidio_Ofi 1/5 Buen día, @TOCHESI84. Agradecemos tu comunicación con la Supersubsidio, te informamos que somos la Entidad que ejerce inspección, vigilancia y control a las Cajas de Compensación Familiar.",https://x.com/Supersubsidio/status/2026008010582061535,26,0,3,0,0,0,1,0,0,2,0,0,0
2026005518033060117,"Mon, Feb 23, 2026",@Jairoantgon @Colsubsidio_Ofi 6/6 Si deseas más información te puedes comunicar a través de nuestra línea telefónica en Bogotá (601) 3487777 - (601) 3487800 o línea gratuita nacional 018000910110 o presentar tu PQRSF a través de la sede electrónica https://t.co/DFn7UQ4Ugo,https://x.com/Supersubsidio/status/2026005518033060117,16,0,0,0,0,0,0,0,0,0,0,0,0
2026005484310827121,"Mon, Feb 23, 2026","@Jairoantgon @Colsubsidio_Ofi 5/6 y trámite de tu queja. Puedes adjuntar los documentos que consideres pertinentes como soporte a través de mensaje directo, o enviar tu solicitud directamente al correo electrónico: ssf@ssf.gov.co.",https://x.com/Supersubsidio/status/2026005484310827121,9,0,1,0,0,0,1,0,0,0,0,0,0
2026005382498234855,"Mon, Feb 23, 2026","@Jairoantgon @Colsubsidio_Ofi 4/6 No obstante, si presentas alguna situación específica relacionada con la redención de este beneficio, te invitamos a radicar tu PQRSF al correo electrónico: ssf@ssf.gov.co agradecemos nos envíes tus datos (nombre, cédula y correo electrónico) para realizar la radicación...",https://x.com/Supersubsidio/status/2026005382498234855,10,0,3,0,0,0,1,0,0,2,0,0,0
2026005171252187278,"Mon, Feb 23, 2026",@Jairoantgon @Colsubsidio_Ofi 3/6 En el siguiente enlace podrás consultar las diferentes opciones disponibles para redimir el Bono Escolar otorgado por la Caja Colombia de Subsidio Familiar @Colsubsidio_Ofi - Subsidio Escolar Colsubsidio | Bono para útiles Escolares,https://x.com/Supersubsidio/status/2026005171252187278,23,0,4,0,0,0,1,0,1,2,0,0,0
2026005102427800035,"Mon, Feb 23, 2026","@Jairoantgon @Colsubsidio_Ofi 2/6 Adicionalmente, les proporcionamos instrucción sobre el cumplimiento adecuado de las normas legales vigentes, con el fin de preservar la estabilidad, seguridad y confianza del Sistema del Subsidio Familiar.",https://x.com/Supersubsidio/status/2026005102427800035,13,0,3,0,0,0,1,0,0,2,0,0,0
2026004980264489275,"Mon, Feb 23, 2026","@Jairoantgon @Colsubsidio_Ofi 1/6 Buen día, @Jairoantgon. Agradecemos tu comunicación con la Supersubsidio, te informamos que somos la Entidad que ejerce inspección, vigilancia y control a las Cajas de Compensación Familiar.",https://x.com/Supersubsidio/status/2026004980264489275,17,0,3,0,0,0,1,0,0,2,0,0,0
2026004099880108120,"Mon, Feb 23, 2026",@mayraj30 @CafamOficial @Cotelcolombia 5/5 Si deseas más información te puedes comunicar a través de nuestra línea telefónica en Bogotá (601) 3487777 - (601) 3487800 o línea gratuita nacional 018000910110 o presentar tu PQRSF a través de la sede electrónica https://t.co/DFn7UQ4Ugo,https://x.com/Supersubsidio/status/2026004099880108120,16,0,0,0,0,0,0,0,0,0,0,0,0
2026004067902804289,"Mon, Feb 23, 2026","@mayraj30 @CafamOficial @Cotelcolombia 4/5 Puedes adjuntar los documentos que consideres pertinentes como soporte a través de mensaje directo, o enviar tu solicitud directamente al correo electrónico: ssf@ssf.gov.co.",https://x.com/Supersubsidio/status/2026004067902804289,7,0,1,0,0,0,1,0,0,0,0,0,0
2026004012395331715,"Mon, Feb 23, 2026","@mayraj30 @CafamOficial @Cotelcolombia 3/5 Debido a que tu solicitud requiere investigar la situación con la Caja de Compensación Familiar @CafamOficial, agradecemos nos envíes tus datos (nombre, cédula y correo electrónico) para realizar la radicación y trámite de tu queja.",https://x.com/Supersubsidio/status/2026004012395331715,6,0,4,0,0,0,1,0,0,3,0,0,0
2026003943189278884,"Mon, Feb 23, 2026","@mayraj30 @CafamOficial @Cotelcolombia 2/5 Adicionalmente, les proporcionamos instrucción sobre el cumplimiento adecuado de las normas legales vigentes, con el fin de preservar la estabilidad, seguridad y confianza del Sistema del Subsidio Familiar.",https://x.com/Supersubsidio/status/2026003943189278884,11,0,3,0,0,0,1,0,0,2,0,0,0
2026003896921976834,"Mon, Feb 23, 2026","@mayraj30 @CafamOficial @Cotelcolombia 1/5 Buen día, @mayraj30. Agradecemos tu comunicación con la Supersubsidio, te informamos que somos la Entidad que ejerce inspección, vigilancia y control a las Cajas de Compensación Familiar.",https://x.com/Supersubsidio/status/2026003896921976834,15,0,4,0,0,0,1,0,0,3,0,0,0
2026001491194962361,"Mon, Feb 23, 2026","@rafistan73 @AntonioSanguino Parte 11/ Si deseas más información te puedes comunicar a través de nuestra línea telefónica en Bogotá (601) 3487777 - (601) 3487800 o línea gratuita nacional 018000910110, o presentar tu PQRSF a través de la sede electrónica https://t.co/DFn7UQ4Ugo",https://x.com/Supersubsidio/status/2026001491194962361,11,0,0,0,0,0,0,0,0,0,0,0,0
2026001426359476425,"Mon, Feb 23, 2026","@rafistan73 @AntonioSanguino Parte 10/ ya que corresponden al ámbito de la propiedad horizontal y deben ser tramitados directamente ante la administración del conjunto o, en caso de controversia, ante la autoridad competente en materia de propiedad horizontal.",https://x.com/Supersubsidio/status/2026001426359476425,2,0,1,0,0,0,1,0,0,0,0,0,0
2026001306221998363,"Mon, Feb 23, 2026","@rafistan73 @AntonioSanguino Parte 9/ En relación con su inquietud sobre las cuotas de administración de los conjuntos residenciales, le informamos que nuestra entidad no es competente para atender este tipo de asuntos,",https://x.com/Supersubsidio/status/2026001306221998363,2,0,3,0,0,0,1,0,0,2,0,0,0
2026001109949575364,"Mon, Feb 23, 2026","@rafistan73 @AntonioSanguino Parte 8/ En conjunto, estos factores hacen necesario actualizar los valores de todos los servicios, incluyendo los programas de bienestar, para asegurar su calidad, cobertura y continuidad en beneficio de los afiliados y sus familias.",https://x.com/Supersubsidio/status/2026001109949575364,5,0,3,0,0,0,1,0,0,2,0,0,0
2026001025874747448,"Mon, Feb 23, 2026","@rafistan73 @AntonioSanguino Parte 7/ •La actualización anual definida por las autoridades competentes, que busca que los valores reflejen las condiciones económicas actuales y aseguren la continuidad de los beneficios sociales. Entre otros.",https://x.com/Supersubsidio/status/2026001025874747448,4,0,4,0,0,0,1,0,1,2,0,0,0
2026000789727035432,"Mon, Feb 23, 2026","@rafistan73 @AntonioSanguino Parte 6/ •El crecimiento del número de usuarios afiliados, que exige mayor capacidad operativa y mejores instalaciones.",https://x.com/Supersubsidio/status/2026000789727035432,4,0,4,0,0,0,1,0,0,3,0,0,0
2026000683019669634,"Mon, Feb 23, 2026","@rafistan73 @AntonioSanguino Parte 5/ •El aumento general del costo de vida, que impacta insumos, mantenimiento, personal y operación. •Las variaciones en los costos de prestación de servicios en cada región del país.",https://x.com/Supersubsidio/status/2026000683019669634,5,0,3,0,0,0,1,0,0,2,0,0,0
2026000552962789831,"Mon, Feb 23, 2026","@rafistan73 @AntonioSanguino Parte 4/ Cajas de Compensación Familiar. Cada año, las cajas deben ajustar sus tarifas para garantizar la sostenibilidad de los programas que prestan. Estos ajustes responden a:",https://x.com/Supersubsidio/status/2026000552962789831,8,0,4,0,0,0,1,0,0,3,0,0,0
2026000410788380763,"Mon, Feb 23, 2026","@rafistan73 @AntonioSanguino Parte 3/ Los planes de bienestar, incluidos los servicios de gimnasios, recreación y actividades complementaria, también pueden tener un incremento del 23% porque estos programas dependen de los mismos factores económicos que afectan al resto de los servicios ofrecidos por las...",https://x.com/Supersubsidio/status/2026000410788380763,5,0,3,0,0,0,1,0,0,2,0,0,0
2026000076376592792,"Mon, Feb 23, 2026","@rafistan73 @AntonioSanguino Parte 2/ Adicionalmente, les proporcionamos instrucción sobre el cumplimiento adecuado de las normas legales vigentes, con el fin de preservar la estabilidad, seguridad y confianza del Sistema del Subsidio Familiar.",https://x.com/Supersubsidio/status/2026000076376592792,14,0,3,0,0,0,1,0,0,2,0,0,0
2025999981283557619,"Mon, Feb 23, 2026","@rafistan73 @AntonioSanguino Parte 1/ Buen día. Agradecemos tu comunicación con la Supersubsidio, te informamos que somos la Entidad que ejerce inspección, vigilancia y control a las Cajas de Compensación Familiar.",https://x.com/Supersubsidio/status/2025999981283557619,20,0,4,0,0,0,1,0,1,2,0,0,0
2025998740926959948,"Mon, Feb 23, 2026",@pilarlopex @CafamOficial 5/5 Si deseas más información te puedes comunicar a través de nuestra línea telefónica en Bogotá (601) 3487777 - (601) 3487800 o línea gratuita nacional 018000910110 o presentar tu PQRSF a través de la sede electrónica https://t.co/DFn7UQ4Ugo,https://x.com/Supersubsidio/status/2025998740926959948,11,0,1,0,0,0,0,0,0,1,0,0,0
2025998693065769400,"Mon, Feb 23, 2026","@pilarlopex @CafamOficial 4/5 Puedes adjuntar los documentos que consideres pertinentes como soporte a través de mensaje directo, o enviar tu solicitud directamente al correo electrónico: ssf@ssf.gov.co.",https://x.com/Supersubsidio/status/2025998693065769400,4,0,1,0,0,0,1,0,0,0,0,0,0
2025998638489514150,"Mon, Feb 23, 2026","@pilarlopex @CafamOficial 3/5 Debido a que tu solicitud requiere investigar la situación con la Caja de Compensación Familiar @CafamOficial, agradecemos nos envíes tus datos (nombre, cédula y correo electrónico) para realizar la radicación y trámite de tu queja.",https://x.com/Supersubsidio/status/2025998638489514150,5,0,4,0,0,0,1,0,0,3,0,0,0
2025998581551731198,"Mon, Feb 23, 2026","@pilarlopex @CafamOficial 2/5 Adicionalmente, les proporcionamos instrucción sobre el cumplimiento adecuado de las normas legales vigentes, con el fin de preservar la estabilidad, seguridad y confianza del Sistema del Subsidio Familiar.",https://x.com/Supersubsidio/status/2025998581551731198,22,0,4,0,0,0,1,0,0,3,0,0,0
2025998506381419006,"Mon, Feb 23, 2026","@pilarlopex @CafamOficial 1/5 Buen día, @pilarlopex. Agradecemos tu comunicación con la Supersubsidio, te informamos que somos la Entidad que ejerce inspección, vigilancia y control a las Cajas de Compensación Familiar.",https://x.com/Supersubsidio/status/2025998506381419006,23,0,5,0,0,0,1,0,0,4,0,0,0
2025997759472361853,"Mon, Feb 23, 2026",@gilberto_p99661 @marchenojob @LucianaPad37510 @moecolombia @wmanzur @AdrianaVeterin @AidaAvellaE @AlvaroUribeVel @BluRadioCo @CristyRinconHar @CeDemocratico @DarioEnriqueDa1 @diegopanzenu 4/4 Si deseas más información te puedes comunicar a través de nuestra línea telefónica en Bogotá (601) 3487777 - (601) 3487800 o línea gratuita nacional 018000910110 o presentar tu PQRSF a través de la sede electrónica https://t.co/DFn7UQ4Ugo,https://x.com/Supersubsidio/status/2025997759472361853,28,0,0,1,0,0,0,0,0,0,0,0,0
2025997726987559132,"Mon, Feb 23, 2026","@gilberto_p99661 @marchenojob @LucianaPad37510 @moecolombia @wmanzur @AdrianaVeterin @AidaAvellaE @AlvaroUribeVel @BluRadioCo @CristyRinconHar @CeDemocratico @DarioEnriqueDa1 @diegopanzenu 3/4 Si conoces casos de corrupción que afecten la prestación del Subsidio Familiar, agradecemos que envíes los hechos presentados y los documentos que consideres de respaldo para realizar la gestión pertinente, al correo ssf@ssf.gov.co.",https://x.com/Supersubsidio/status/2025997726987559132,31,0,1,0,0,0,1,0,0,0,0,0,0
2025997626529730890,"Mon, Feb 23, 2026","@gilberto_p99661 @marchenojob @LucianaPad37510 @moecolombia @wmanzur @AdrianaVeterin @AidaAvellaE @AlvaroUribeVel @BluRadioCo @CristyRinconHar @CeDemocratico @DarioEnriqueDa1 @diegopanzenu 2/4 Adicionalmente, les proporcionamos instrucción sobre el cumplimiento adecuado de las normas legales vigentes, con el fin de preservar la estabilidad, seguridad y confianza del Sistema del Subsidio Familiar.",https://x.com/Supersubsidio/status/2025997626529730890,24,0,3,0,0,0,1,0,0,2,0,0,0
2025997580606284276,"Mon, Feb 23, 2026","@gilberto_p99661 @marchenojob @LucianaPad37510 @moecolombia @wmanzur @AdrianaVeterin @AidaAvellaE @AlvaroUribeVel @BluRadioCo @CristyRinconHar @CeDemocratico @DarioEnriqueDa1 @diegopanzenu 1/4 Buen día, @gilberto_p99661. Agradecemos tu comunicación con la Supersubsidio, te informamos que somos la Entidad que ejerce inspección, vigilancia y control a las Cajas de Compensación Familiar.",https://x.com/Supersubsidio/status/2025997580606284276,28,0,3,0,0,0,1,0,0,2,0,0,0
2025997177122652283,"Mon, Feb 23, 2026",@marchenojob @moecolombia 4/4 Si deseas más información te puedes comunicar a través de nuestra línea telefónica en Bogotá (601) 3487777 - (601) 3487800 o línea gratuita nacional 018000910110 o presentar tu PQRSF a través de la sede electrónica https://t.co/DFn7UQ4Ugo,https://x.com/Supersubsidio/status/2025997177122652283,9,0,0,0,0,0,0,0,0,0,0,0,0
2025997144717508867,"Mon, Feb 23, 2026","@marchenojob @moecolombia 3/4 Si conoces casos de corrupción que afecten la prestación del Subsidio Familiar, agradecemos que envíes los hechos presentados y los documentos que consideres de respaldo para realizar la gestión pertinente, al correo ssf@ssf.gov.co.",https://x.com/Supersubsidio/status/2025997144717508867,4,0,1,0,0,0,1,0,0,0,0,0,0
2025997081832308811,"Mon, Feb 23, 2026","@marchenojob @moecolombia 2/4 Adicionalmente, les proporcionamos instrucción sobre el cumplimiento adecuado de las normas legales vigentes, con el fin de preservar la estabilidad, seguridad y confianza del Sistema del Subsidio Familiar.",https://x.com/Supersubsidio/status/2025997081832308811,16,0,3,0,0,0,1,0,0,2,0,0,0
2025997020821930461,"Mon, Feb 23, 2026","@marchenojob @moecolombia 1/4 Buen día, @marchenojob. Agradecemos tu comunicación con la Supersubsidio, te informamos que somos la Entidad que ejerce inspección, vigilancia y control a las Cajas de Compensación Familiar.",https://x.com/Supersubsidio/status/2025997020821930461,22,0,3,0,0,0,1,0,0,2,0,0,0
2025996431341895801,"Mon, Feb 23, 2026",@UnDenunciante28 @Compensar_info 5/5 Si deseas más información te puedes comunicar a través de nuestra línea telefónica en Bogotá (601) 3487777 - (601) 3487800 o línea gratuita nacional 018000910110 o presentar tu PQRSF a través de la sede electrónica https://t.co/DFn7UQ4Ugo,https://x.com/Supersubsidio/status/2025996431341895801,13,0,0,0,0,0,0,0,0,0,0,0,0
2025996388748734888,"Mon, Feb 23, 2026","@UnDenunciante28 @Compensar_info 4/5 Puedes adjuntar los documentos que consideres pertinentes como soporte a través de mensaje directo, o enviar tu solicitud directamente al correo electrónico: ssf@ssf.gov.co.",https://x.com/Supersubsidio/status/2025996388748734888,8,0,3,0,0,0,1,0,0,2,0,0,0
2025996335363559561,"Mon, Feb 23, 2026","@UnDenunciante28 @Compensar_info 3/5 Debido a que tu solicitud requiere investigar la situación con la Caja de Compensación Familiar @Compensar_info, agradecemos nos envíes tus datos (nombre, cédula y correo electrónico) para realizar la radicación y trámite de tu queja.",https://x.com/Supersubsidio/status/2025996335363559561,11,0,2,0,0,0,1,0,0,1,0,0,0
2025996255562752253,"Mon, Feb 23, 2026","@UnDenunciante28 @Compensar_info 2/5 Adicionalmente, les proporcionamos instrucción sobre el cumplimiento adecuado de las normas legales vigentes, con el fin de preservar la estabilidad, seguridad y confianza del Sistema del Subsidio Familiar.",https://x.com/Supersubsidio/status/2025996255562752253,14,0,3,0,0,0,1,0,0,2,0,0,0
2025996204249657598,"Mon, Feb 23, 2026","@UnDenunciante28 @Compensar_info 1/5 Buen día, @UnDenunciante28. Agradecemos tu comunicación con la Supersubsidio, te informamos que somos la Entidad que ejerce inspección, vigilancia y control a las Cajas de Compensación Familiar.",https://x.com/Supersubsidio/status/2025996204249657598,17,0,3,0,0,0,1,0,0,2,0,0,0
2025985692812079129,"Mon, Feb 23, 2026",@rayzo25 @Compensar_info 5/5 Si deseas más información te puedes comunicar a través de nuestra línea telefónica en Bogotá (601) 3487777 - (601) 3487800 o línea gratuita nacional 018000910110 o presentar tu PQRSF a través de la sede electrónica https://t.co/DFn7UQ4Ugo,https://x.com/Supersubsidio/status/2025985692812079129,15,0,0,0,0,0,0,0,0,0,0,0,0
2025985655113723985,"Mon, Feb 23, 2026","@rayzo25 @Compensar_info 4/5 Puedes adjuntar los documentos que consideres pertinentes como soporte a través de mensaje directo, o enviar tu solicitud directamente al correo electrónico: ssf@ssf.gov.co.",https://x.com/Supersubsidio/status/2025985655113723985,9,0,1,0,0,0,1,0,0,0,0,0,0
2025985587161837570,"Mon, Feb 23, 2026","@rayzo25 3/5 Debido a que tu solicitud requiere investigar la situación con la Caja de Compensación Familiar @Compensar_info, agradecemos nos envíes tus datos (nombre, cédula y correo electrónico) para realizar la radicación y trámite de tu queja.",https://x.com/Supersubsidio/status/2025985587161837570,6,0,7,0,0,0,1,0,0,6,0,0,0
2025985527472685125,"Mon, Feb 23, 2026","@rayzo25 2/5 Adicionalmente, les proporcionamos instrucción sobre el cumplimiento adecuado de las normas legales vigentes, con el fin de preservar la estabilidad, seguridad y confianza del Sistema del Subsidio Familiar.",https://x.com/Supersubsidio/status/2025985527472685125,8,0,3,0,0,0,1,0,0,2,0,0,0
2025985460212813852,"Mon, Feb 23, 2026","@rayzo25 1/5 Buen día, @rayzo25. Agradecemos tu comunicación con la Supersubsidio, te informamos que somos la Entidad que ejerce inspección, vigilancia y control a las Cajas de Compensación Familiar.",https://x.com/Supersubsidio/status/2025985460212813852,10,0,3,0,0,0,1,0,0,2,0,0,0
2025984463180533774,"Mon, Feb 23, 2026","@fesss2024 @s_kalmanovitz @CGT_ADS Parte 6/ Si deseas más información te puedes comunicar a través de nuestra línea telefónica en Bogotá (601) 3487777 - (601) 3487800, también a nuestra línea gratuita nacional 018000910110 o presentar tu PQRSF a través de la sede electrónica https://t.co/DFn7UQ4Ugo",https://x.com/Supersubsidio/status/2025984463180533774,25,0,2,0,0,0,0,0,0,0,2,0,0
2025984396893790212,"Mon, Feb 23, 2026","@fesss2024 @s_kalmanovitz @CGT_ADS Parte 5/ y sus familias. Lo invitamos a presentar su solicitud o inquietud de manera formal a través de nuestros canales oficiales, con el fin de darle el trámite correspondiente y ofrecerle una respuesta ajustada a la normatividad vigente.",https://x.com/Supersubsidio/status/2025984396893790212,16,0,1,0,0,0,1,0,0,0,0,0,0
2025984308511404224,"Mon, Feb 23, 2026","@fesss2024 @s_kalmanovitz @CGT_ADS Parte 4/ garantizar que se destinen al cumplimiento de la finalidad social del sistema. Nuestro compromiso es velar por la transparencia, la sostenibilidad y la correcta aplicación de la normatividad, de manera que los beneficios lleguen efectivamente a los trabajadores...",https://x.com/Supersubsidio/status/2025984308511404224,12,0,3,0,0,0,1,0,0,2,0,0,0
2025983981963915486,"Mon, Feb 23, 2026","@fesss2024 @s_kalmanovitz @CGT_ADS Parte 3/ Entendemos su preocupación por el futuro y los recursos de las Cajas de Compensación Familiar. Como entidad de vigilancia y control, la Superintendencia del Subsidio Familiar es competente para supervisar la adecuada administración de los recursos...",https://x.com/Supersubsidio/status/2025983981963915486,21,0,3,0,0,0,1,0,0,2,0,0,0
2025983777298698474,"Mon, Feb 23, 2026","@fesss2024 @s_kalmanovitz @CGT_ADS Parte 2/ Adicionalmente, les proporcionamos instrucción sobre el cumplimiento adecuado de las normas legales vigentes, con el fin de preservar la estabilidad, seguridad y confianza del Sistema del Subsidio Familiar.",https://x.com/Supersubsidio/status/2025983777298698474,25,0,3,0,0,0,1,0,0,2,0,0,0
2025983705202753863,"Mon, Feb 23, 2026","@fesss2024 @s_kalmanovitz @CGT_ADS Parte 1/ Buen día. Agradecemos tu comunicación con la Supersubsidio, te informamos que somos la Entidad que ejerce inspección, vigilancia y control a las Cajas de Compensación Familiar.",https://x.com/Supersubsidio/status/2025983705202753863,27,0,3,0,0,0,1,0,0,2,0,0,0
2025982639157432651,"Mon, Feb 23, 2026",@sondelasalsacol @Colsubsidio_Ofi 5/5 Si deseas más información te puedes comunicar a través de nuestra línea telefónica en Bogotá (601) 3487777 - (601) 3487800 o línea gratuita nacional 018000910110 o presentar tu PQRSF a través de la sede electrónica https://t.co/DFn7UQ4Ugo,https://x.com/Supersubsidio/status/2025982639157432651,21,0,0,0,0,0,0,0,0,0,0,0,0
2025982605749899645,"Mon, Feb 23, 2026","@sondelasalsacol @Colsubsidio_Ofi 4/5 Puedes adjuntar los documentos que consideres pertinentes como soporte a través de mensaje directo, o enviar tu solicitud directamente al correo electrónico: ssf@ssf.gov.co.",https://x.com/Supersubsidio/status/2025982605749899645,15,0,1,0,0,0,1,0,0,0,0,0,0
2025982546069115053,"Mon, Feb 23, 2026","@sondelasalsacol @Colsubsidio_Ofi 3/5 Debido a que tu solicitud requiere investigar la situación con la Caja Colombiana de Subsidio Familiar @ColsubsidioOfi, agradecemos nos envíes tus datos (nombre, cédula y correo electrónico) para realizar la radicación y trámite de tu queja.",https://x.com/Supersubsidio/status/2025982546069115053,24,0,3,0,0,0,1,0,0,2,0,0,0
2025982485788586349,"Mon, Feb 23, 2026","@sondelasalsacol @Colsubsidio_Ofi 2/5 Adicionalmente, les proporcionamos instrucción sobre el cumplimiento adecuado de las normas legales vigentes, con el fin de preservar la estabilidad, seguridad y confianza del Sistema del Subsidio Familiar.",https://x.com/Supersubsidio/status/2025982485788586349,20,0,3,0,0,0,1,0,0,2,0,0,0
2025982423947755700,"Mon, Feb 23, 2026","@sondelasalsacol @Colsubsidio_Ofi 1/5 Buen día, @sondelasalsacol. Agradecemos tu comunicación con la Supersubsidio, te informamos que somos la Entidad que ejerce inspección, vigilancia y control a las Cajas de Compensación Familiar.",https://x.com/Supersubsidio/status/2025982423947755700,23,0,4,0,0,0,1,0,0,3,0,0,0
2025977206900392281,"Mon, Feb 23, 2026",@Caracolesctga @AlcaldiaCTG @comfamiliarctg @PoliciaCtagena 4/4 Si deseas más información te puedes comunicar a través de nuestra línea telefónica en Bogotá (601) 3487777 - (601) 3487800 o línea gratuita nacional 018000910110 o presentar tu PQRSF a través de la sede electrónica Superintendencia del Subsidio Familiar - Inicio,https://x.com/Supersubsidio/status/2025977206900392281,16,0,0,0,0,0,0,0,0,0,0,0,0
2025977109751939306,"Mon, Feb 23, 2026","@Caracolesctga @AlcaldiaCTG @comfamiliarctg 3/4 De acuerdo con la situación que expones, no es competencia de la Superintendencia del Subsidio Familiar, por lo tanto, se le sugiere poner en conocimiento de la Alcaldía de Cartagena @AlcaldiaCTG y Policía Metropolitana de Cartagena @PoliciaCtagena.",https://x.com/Supersubsidio/status/2025977109751939306,21,0,1,0,0,0,1,0,0,0,0,0,0
2025977030676783283,"Mon, Feb 23, 2026","@Caracolesctga @AlcaldiaCTG @comfamiliarctg 2/4 Adicionalmente, les proporcionamos instrucción sobre el cumplimiento adecuado de las normas legales vigentes, con el fin de preservar la estabilidad, seguridad y confianza del Sistema del Subsidio Familiar.",https://x.com/Supersubsidio/status/2025977030676783283,10,0,3,0,0,0,1,0,0,2,0,0,0
2025976976767361094,"Mon, Feb 23, 2026","@Caracolesctga @AlcaldiaCTG @comfamiliarctg 1/4 Buen día @Caracolesctga. Agradecemos tu comunicación con la Supersubsidio, te informamos que somos la Entidad que ejerce inspección, vigilancia y control a las Cajas de Compensación Familiar.",https://x.com/Supersubsidio/status/2025976976767361094,12,0,5,0,0,0,1,0,0,4,0,0,0
2025327593780654454,"Sat, Feb 21, 2026","El 100% de los recursos recaudados serán transferidos a la Cruz Roja Colombiana, que ejecutará directamente en territorio las acciones de asistencia humanitaria, agua y saneamiento, salud, albergue y recuperación de medios de vida.",https://x.com/Supersubsidio/status/2025327593780654454,70,2,3,0,0,0,1,0,0,0,0,0,0
2025327591956033996,"Sat, Feb 21, 2026","Este 22 de febrero levantamos la voz, los instrumentos y el corazón por Córdoba y el Urabá.🎤🔥 Por solo $10.000 compra tu boleta y realiza tu aporte a los colombianos afectados. Si no puedes asistir también puedes donar en https://t.co/fQQdptRPFX. 🙌 #UnidosAnteLaEmergencia https://t.co/qf3cMQuRtu",https://x.com/Supersubsidio/status/2025327591956033996,162,2,7,0,0,0,2,1,1,1,0,0,0
2024942474020462896,"Fri, Feb 20, 2026","En la Supersubsidio trabajamos con el propósito de garantizar que el esfuerzo de cada trabajador se traduzca en oportunidades reales y bienestar. Porque cuando el bienestar llega a todos, la justicia social deja de ser un concepto y se convierte en realidad. 👨‍👩‍👧‍👦💙 #JusticiaSocial https://t.co/FTY8T81tu5",https://x.com/Supersubsidio/status/2024942474020462896,120,4,6,0,0,0,1,1,0,0,0,0,0
2024904960979132492,"Fri, Feb 20, 2026","Desde la Supersubsidio participamos en la mesa de trabajo del FOSFEC junto a las cajas de compensación y el Ministerio del Trabajo, fortaleciendo la ruta de empleabilidad en beneficio de la población afiliada al Sistema del Subsidio Familiar 💼✨ #Supersubsidio https://t.co/flOjSe3H2Y",https://x.com/Supersubsidio/status/2024904960979132492,476,9,20,0,0,1,1,3,4,2,0,0,0
2024686861919060139,"Fri, Feb 20, 2026","¡El bienestar del trabajador es nuestra razón de ser! 💙🇨🇴 Hoy no solo marchamos, alzamos la voz por la dignidad de millones de hogares. En la Supersubsidio, entendemos que detrás de cada aporte hay un sueño de salud, educación y vivienda. #ALasPlazasPorElSalarioVital https://t.co/HqwCGzJ7KY",https://x.com/Supersubsidio/status/2024686861919060139,138,4,12,0,0,0,2,0,1,5,0,0,0
2024643430690017575,"Fri, Feb 20, 2026","🇨🇴 Hoy salimos a las calles porque el bienestar del trabajador es el corazón de nuestra misión. Desde la Supersubsidio, entendemos que defender un salario vital es defender la estabilidad y dignidad de millones de hogares colombianos. #ALasPlazasPorElSalarioVital https://t.co/l0zywjgsKd",https://x.com/Supersubsidio/status/2024643430690017575,131,6,22,0,0,0,1,2,0,7,0,0,0
2024546118655152388,"Thu, Feb 19, 2026","🇨🇴 Desde la @supersubsidio realizamos una importante donación de ayudas humanitarias para las familias del departamento, contando con el respaldo fundamental del Comando de Apoyo de Acción Integral y Desarrollo del @COL_EJERCITO. 🤝✨ ¡Unidos por Córdoba! 🇨🇴❤️ https://t.co/ZNGbrrelf0",https://x.com/Supersubsidio/status/2024546118655152388,445,14,22,0,0,0,2,3,1,2,0,0,0
2024486379892129943,"Thu, Feb 19, 2026","🇨🇴 Junto con el Presidente @PetroGustavo, el pueblo trabajador de Colombia sale este 19 de febrero, desde las 2:00 p.m., a todas las plazas del país en defensa del Salario Vital. ¡Defendemos esta conquista histórica! #ALasPlazasPorElSalarioVital https://t.co/gtGRoy0FJK",https://x.com/Supersubsidio/status/2024486379892129943,94,2,6,0,0,0,2,1,0,0,0,0,0
2024469678672789972,"Thu, Feb 19, 2026",El Presidente @PetroGustavo convoca al pueblo trabajador #ALasPlazasPorElSalarioVital este jueves 19 de febrero desde las 2:00 p.m. Proteger el Salario Vital es fundamental porque representa una conquista histórica de las trabajadoras y trabajadores. https://t.co/YyPXjM0iFm,https://x.com/Supersubsidio/status/2024469678672789972,105,5,8,0,0,0,1,1,1,0,0,0,0
2024288698704040060,"Thu, Feb 19, 2026","Desde todas las plazas públicas del país, incluyendo la Plaza de Bolívar en Bogotá, nos uniremos para defender el Salario Vital. 🇨🇴 Convocamos a todas las trabajadoras y trabajadores de Colombia #ALasPlazasPorElSalarioVital este jueves 19 de febrero, desde las 2:00 p.m. https://t.co/vKYV1ycuc7",https://x.com/Supersubsidio/status/2024288698704040060,566,14,33,0,1,0,2,6,2,1,0,1,0
2024213928733999281,"Wed, Feb 18, 2026",Recuerda que estas plazas son de carácter Ad-Honorem. Es una inversión de aprendizaje puro en el sector público. 🏛️ Consulta todos los detalles oficiales en: 🔗 https://t.co/Lh3BX9wr0a ¡Comparte y etiqueta a ese amigo que está buscando una oportunidad para sus prácticas! 🔄,https://x.com/Supersubsidio/status/2024213928733999281,54,2,5,0,0,0,1,0,0,0,2,0,0
2024213925609279823,"Wed, Feb 18, 2026",¿Cómo y cuándo postularse? 📩 ¡Pilas con el calendario! El proceso es 100% digital. 🗓 Fechas: Únicamente del 19 al 23 de febrero de 2026. 📧 Correos: Envía todo a jmartinezf@ssf.gov.co y Luisa.acostao@ssf.gov.co. Importante: Solo puedes postularte a una (1) plaza.,https://x.com/Supersubsidio/status/2024213925609279823,51,2,4,0,0,0,2,0,0,0,0,0,0
2024213922312491141,"Wed, Feb 18, 2026","Checklist de documentos (Parte 2) ⚖️ ¿Vas para Judicatura Ad-Honorem? Además de lo anterior, debes incluir el certificado de terminación de Consultorio Jurídico. Tip de pro: asegúrate de que los PDFs sean legibles y estén bien nombrados.",https://x.com/Supersubsidio/status/2024213922312491141,12,0,1,0,0,0,1,0,0,0,0,0,0
2024213918562791549,"Wed, Feb 18, 2026",Checklist de documentos (Parte 1) 📁 Prepara tu carpeta digital: 1️⃣ Hoja de Vida (Formato Único). 2️⃣ Fotocopia de cédula y certificado de EPS. 3️⃣ Certificado de terminación de materias. 4️⃣ Carta de postulación de tu Universidad (con datos de tu monitor).,https://x.com/Supersubsidio/status/2024213918562791549,19,0,1,0,0,0,1,0,0,0,0,0,0
2024213915526160451,"Wed, Feb 18, 2026","El requisito indispensable 📋 Ojo aquí: para postularte, la práctica laboral o judicatura debe ser un requisito obligatorio para tu titulación o formar parte de tu malla curricular. Es el paso final para avanzar en tu carrera profesional. 🤝",https://x.com/Supersubsidio/status/2024213915526160451,31,0,1,0,0,0,1,0,0,0,0,0,0
2024213912468545626,"Wed, Feb 18, 2026","¿Quiénes pueden aplicar? 🎓 La convocatoria está abierta para mayores de 18 años en niveles: ✅ Técnico y Tecnólogo ✅ Profesional (Pregrado y Posgrado) ✅ Judicatura (Ad-Honorem) Nota: Si tienes entre 15 y 17 años, ¡también puedes! Solo necesitas autorización del MinTrabajo.",https://x.com/Supersubsidio/status/2024213912468545626,42,0,1,0,0,0,1,0,0,0,0,0,0
2024213909930979358,"Wed, Feb 18, 2026","🚀 ¿Buscando dónde hacer tus prácticas profesionales este 2026? ¡Esta es tu oportunidad! La @Supersubsidio abre convocatoria para que inicies tu camino profesional en una de las entidades clave del país. 🇨🇴 Abro hilo con requisitos, fechas y documentación. 👇",https://x.com/Supersubsidio/status/2024213909930979358,352,8,22,0,1,0,1,4,2,7,0,0,0
2023894972634698043,"Tue, Feb 17, 2026",¡Unimos fuerzas por la equidad de género! 🇨🇴💜 La @Supersubsidio y @ONUMujeresCol firman Memorando de Entendimiento para transformar las Cajas de Compensación con una política de género real. Con dignidad cumplimos. 🤝✨ #Supersubsidio #EquidadDeGénero https://t.co/49purnGxkP,https://x.com/Supersubsidio/status/2023894972634698043,839,15,31,0,0,0,5,4,2,5,0,0,0
2023871375749116037,"Tue, Feb 17, 2026","📍 Iniciamos una agenda conjunta para garantizar derechos, igualdad y empoderamiento real. ​¡Con dignidad cumplimos! ✊ #Supersubsidio #EquidadDeGénero",https://x.com/Supersubsidio/status/2023871375749116037,67,2,3,0,0,0,0,0,0,0,0,1,0
2023871370145493033,"Tue, Feb 17, 2026","Este acuerdo no es solo un documento, es la hoja de ruta para fortalecer la Política de Equidad de Género en las Cajas de Compensación Familiar de todo el país. Reconocemos a la mujer como el motor esencial del desarrollo sostenible y estamos listos para trabajar en territorio.",https://x.com/Supersubsidio/status/2023871370145493033,74,3,5,0,0,0,1,0,0,1,0,0,0
2023871367075295327,"Tue, Feb 17, 2026",¡Unimos esfuerzos por las mujeres colombianas! 🇨🇴✨ ​Nos enorgullece anunciar la firma del Memorando de Entendimiento entre la Superintendencia del Subsidio Familiar y @onumujerescol 🤝💜 https://t.co/tpWY7cdAcA,https://x.com/Supersubsidio/status/2023871367075295327,722,13,47,0,0,0,1,2,4,7,0,0,0
2023862811215135114,"Tue, Feb 17, 2026","El Salario Vital es un derecho adquirido por la clase trabajadora. Este 19 de febrero, vamos #ALasPlazasPorElSalarioVital desde las 2:00 p.m. en todas las plazas públicas del país, porque esta conquista histórica debe mantenerse para garantizar dignidad a todos los trabajadores. https://t.co/THO7xP06m8",https://x.com/Supersubsidio/status/2023862811215135114,83,3,7,0,0,0,0,1,1,1,0,0,0
2023859105543450978,"Tue, Feb 17, 2026","¡Atención, pueblo trabajador de Colombia! 📣 🇨🇴 El Salario Vital es una conquista histórica de la clase trabajadora; por eso, este 19 de febrero, desde 2:00 pm, en las plazas públicas del país vamos #ALasPlazasPorElSalarioVital, por su defensa y por lo que exige la Constitución. https://t.co/7tMR85luXo",https://x.com/Supersubsidio/status/2023859105543450978,98,3,9,0,0,0,2,0,1,0,0,0,0
2023191458862481614,"Mon, Feb 16, 2026","El Presidente @petrogustavo invita a los empresarios del país para dialogar y participar este lunes, en la Comisión de Concertación, y se llegue así a un Pacto por la Vida que beneficie al pueblo trabajador. #SalarioVitalSeDefiende https://t.co/ow3lP5avHP",https://x.com/Supersubsidio/status/2023191458862481614,899,18,36,0,0,0,3,9,1,5,0,0,0
2022436250674749510,"Fri, Feb 13, 2026","🇨🇴 El Salario Vital, decretado para este 2026, fue una decisión tomada con el fin de proteger el bolsillo y la dignidad de cada trabajador y trabajadora de Colombia. El #SalarioVitalSeDefiende porque representa un compromiso con la justicia social y el trabajo digno. https://t.co/DPTfTTgWyn",https://x.com/Supersubsidio/status/2022436250674749510,481,14,32,0,0,0,2,9,1,1,0,0,0
2022428607247986828,"Fri, Feb 13, 2026","🇨🇴 ¡El #SalarioVitalSeDefiende! El Ministro de @MintrabajoCol, @AntonioSanguino, aseguró que la suspensión del decreto de salario vital afecta directamente la dignidad de millones de trabajadores. #SalarioVitalSeDefiende https://t.co/4llTvsl0xe",https://x.com/Supersubsidio/status/2022428607247986828,101,3,7,0,0,0,1,1,1,0,0,1,0
2022425337184031224,"Fri, Feb 13, 2026","@MaribelSotoGue1 @Comfanorte Parte 5/ También puedes comunicarte a las líneas telefónicas en Bogotá (601) 3487777 o (601) 3487800, a la línea gratuita nacional 018000910110, o presentar tu PQRSF a través de la sede electrónica disponible en https://t.co/DFn7UQ5s5W.",https://x.com/Supersubsidio/status/2022425337184031224,23,0,0,0,0,0,0,0,0,0,0,0,0
2022425290987933833,"Fri, Feb 13, 2026","@MaribelSotoGue1 @Comfanorte Parte 4/ La atención presencial es de lunes a viernes, de 7:00 a. m. a 4:00 p. m., en la sede principal ubicada en la Carrera 69 No. 25 B-44, Edificio World Business Port, pisos 3, 4 y 7, en Bogotá, Colombia.",https://x.com/Supersubsidio/status/2022425290987933833,25,0,1,0,0,0,1,0,0,0,0,0,0
2022425191041880318,"Fri, Feb 13, 2026","@MaribelSotoGue1 @Comfanorte Parte 3/ en su página web, misma que puedes consultar en nuestro directorio https://t.co/Bi8NYDbz80 En caso de que tu solicitud no sea resuelta, puedes comunicarte con un asesor de la Supersubsidio para recibir información, orientación o resolver tus inquietudes.",https://x.com/Supersubsidio/status/2022425191041880318,10,0,3,0,0,0,1,0,0,2,0,0,0
2022425036964139044,"Fri, Feb 13, 2026","@MaribelSotoGue1 @Comfanorte Parte 2/ legales vigentes, con el fin de preservar la estabilidad, seguridad y confianza del Sistema del Subsidio Familiar. Para presentar una queja formal de tu caja de compensación, puedes comunicarte directamente con la entidad accediendo a los canales de atención plasmados...",https://x.com/Supersubsidio/status/2022425036964139044,19,0,4,0,0,0,1,0,0,3,0,0,0
2022424929518653879,"Fri, Feb 13, 2026","@MaribelSotoGue1 @Comfanorte Parte 1/ Buen día. Agradecemos tu comunicación con la Supersubsidio, te informamos que somos la Entidad que ejerce inspección, vigilancia y control a las Cajas de Compensación Familiar. Adicionalmente, les proporcionamos instrucción sobre el cumplimiento adecuado de las normas...",https://x.com/Supersubsidio/status/2022424929518653879,20,0,3,0,0,0,1,0,0,2,0,0,0
2022421976762192246,"Fri, Feb 13, 2026","@g_pescador Parte 9/ Si deseas más información te puedes comunicar a través de nuestra línea telefónica en Bogotá (601) 3487777 - (601) 3487800, también a nuestra línea gratuita nacional 018000910110 o presentar tu PQRSF a través de la sede electrónica https://t.co/DFn7UQ5s5W",https://x.com/Supersubsidio/status/2022421976762192246,26,0,0,0,0,0,0,0,0,0,0,0,0
2022421910605435187,"Fri, Feb 13, 2026","@g_pescador Parte 8/ te invitamos a contactar directamente a tu Caja de Compensación para conocer las fechas de postulación, los requisitos y la documentación necesaria para aplicar a este beneficio.",https://x.com/Supersubsidio/status/2022421910605435187,12,0,3,0,0,0,1,0,0,2,0,0,0
2022421629020836256,"Fri, Feb 13, 2026","@g_pescador Parte 7/ gravedad de juramento. Ten en cuenta que: Para acceder a estos beneficios, las Cajas de Compensación Familiar deberán revisar detalladamente la documentación presentada, con el fin de garantizar que el subsidio de vivienda se otorgue bajo la normatividad vigente; ahora,",https://x.com/Supersubsidio/status/2022421629020836256,239,0,2,0,0,0,1,0,0,1,0,0,0
2022421456488141234,"Fri, Feb 13, 2026","@g_pescador Parte 6/ crédito hipotecario o mecanismo de financiación similar para completar la compra, similar a la vivienda nueva. 6) Formulario debidamente diligenciado, sin tachaduras ni enmendaduras y firmado por todos los mayores de edad que conforman el hogar que lo hacen bajo la...",https://x.com/Supersubsidio/status/2022421456488141234,10,0,3,0,0,0,1,0,0,2,0,0,0
2022421326116589840,"Fri, Feb 13, 2026",@g_pescador Parte 5/ 4)Contar con una carta de preaprobación de crédito hipotecario o leasing habitacional. 5) La vivienda usada debe tener avalúo dentro de los límites establecidos para VIS y cumplir con criterios de elegibilidad territorial donde se ofrece la modalidad. Se debe tramitar...,https://x.com/Supersubsidio/status/2022421326116589840,18,0,3,0,0,0,1,0,0,2,0,0,0
2022421189189341219,"Fri, Feb 13, 2026","@g_pescador Parte 4/ Compensación familiar como empleado, trabajador independiente o pensionado. 2) El hogar no debe tener ingresos familiares superiores a cuatro salarios mínimos (4 SMMLV). 3) No ser propietario de una vivienda ni haber recibido subsidios de vivienda anteriormente.",https://x.com/Supersubsidio/status/2022421189189341219,11,0,3,0,0,0,1,0,0,2,0,0,0
2022421087951491554,"Fri, Feb 13, 2026",@g_pescador Parte 3/ subsidio un aporte en dinero entregado por la Caja de Compensación Familiar al trabajador y su hogar. Para acceder al Subsidio de Vivienda usada otorgado por las Cajas de Compensación Familiar debes cumplir con los siguientes requisitos: 1) Estar afiliado a una Caja...,https://x.com/Supersubsidio/status/2022421087951491554,13,0,3,0,0,0,1,0,0,2,0,0,0
2022420946771152943,"Fri, Feb 13, 2026","@g_pescador Parte 2/ legales vigentes, con el fin de preservar la estabilidad, seguridad y confianza del Sistema del Subsidio Familiar. Te informamos que el otorgamiento del subsidio de vivienda está sujeto a los recursos con los que cuente la Caja de Compensación Familiar, siendo este...",https://x.com/Supersubsidio/status/2022420946771152943,12,0,3,0,0,0,1,0,0,2,0,0,0
2022420803162366134,"Fri, Feb 13, 2026","@g_pescador Parte 1/Buen día. Agradecemos tu comunicación con la Supersubsidio, te informamos que somos la Entidad que ejerce inspección, vigilancia y control a las Cajas de Compensación Familiar. Adicionalmente, les proporcionamos instrucción sobre el cumplimiento adecuado de las normas...",https://x.com/Supersubsidio/status/2022420803162366134,11,0,3,0,0,0,1,0,0,2,0,0,0
2022416909459952093,"Fri, Feb 13, 2026","@Kathryn_Gonz Parte 10/ Si deseas más información te puedes comunicar a través de nuestra línea telefónica en Bogotá (601) 3487777 - (601) 3487800, también a nuestra línea gratuita nacional 018000910110 o presentar tu PQRSF a través de la sede electrónica https://t.co/DFn7UQ5s5W",https://x.com/Supersubsidio/status/2022416909459952093,21,0,0,0,0,0,0,0,0,0,0,0,0
2022416828283429336,"Fri, Feb 13, 2026","@Kathryn_Gonz Parte 9/ usada se otorgue bajo la normatividad vigente; ahora, te invitamos a contactar directamente a tu Caja de Compensación para conocer las fechas de postulación, los requisitos y la documentación necesaria para aplicar a este beneficio.",https://x.com/Supersubsidio/status/2022416828283429336,10,0,3,0,0,0,1,0,0,2,0,0,0
2022416589438767267,"Fri, Feb 13, 2026","@Kathryn_Gonz Parte 8/ que conforman el hogar que lo hacen bajo la gravedad de juramento. Ten en cuenta que: Para acceder a estos beneficios, las Cajas de Compensación Familiar deberán revisar detalladamente la documentación presentada, con el fin de garantizar que el subsidio de vivienda...",https://x.com/Supersubsidio/status/2022416589438767267,149,0,4,0,0,0,1,0,0,3,0,0,0
2022416268142481908,"Fri, Feb 13, 2026","@Kathryn_Gonz Parte 7/ Se debe tramitar crédito hipotecario o mecanismo de financiación similar para completar la compra, similar a la vivienda nueva. 6) Formulario debidamente diligenciado, sin tachaduras ni enmendaduras y firmado por todos los mayores de edad...",https://x.com/Supersubsidio/status/2022416268142481908,10,0,3,0,0,0,1,0,0,2,0,0,0
2022416047652094030,"Fri, Feb 13, 2026",@Kathryn_Gonz Parte 6/ 4)Contar con una carta de preaprobación de crédito hipotecario o leasing habitacional. 5) La vivienda usada debe tener avalúo dentro de los límites establecidos para VIS y cumplir con criterios de elegibilidad territorial donde se ofrece la modalidad.,https://x.com/Supersubsidio/status/2022416047652094030,14,0,4,0,0,0,1,0,0,3,0,0,0
2022415904827674861,"Fri, Feb 13, 2026",@Kathryn_Gonz Parte 5/ 2) El hogar no debe tener ingresos familiares superiores a cuatro salarios mínimos (4 SMMLV). 3) No ser propietario de una vivienda ni haber recibido subsidios de vivienda anteriormente.,https://x.com/Supersubsidio/status/2022415904827674861,9,0,4,0,0,0,1,0,0,3,0,0,0
2022415476014616618,"Fri, Feb 13, 2026","@Kathryn_Gonz Parte 4/ Para acceder al Subsidio de Vivienda usada otorgado por las Cajas de Compensación Familiar debes cumplir con los siguientes requisitos: 1) Estar afiliado a una Caja de Compensación familiar como empleado, trabajador independiente o pensionado.",https://x.com/Supersubsidio/status/2022415476014616618,19,0,4,0,0,0,1,0,0,3,0,0,0
2022415356653113612,"Fri, Feb 13, 2026","@Kathryn_Gonz Parte 3/ Te informamos que el otorgamiento del subsidio de vivienda está sujeto a los recursos con los que cuente la Caja de Compensación Familiar, siendo este subsidio un aporte en dinero entregado por la Caja de Compensación Familiar al trabajador y su hogar.",https://x.com/Supersubsidio/status/2022415356653113612,10,0,4,0,0,0,1,0,0,3,0,0,0
2022415216961819013,"Fri, Feb 13, 2026","@Kathryn_Gonz Parte 2/ Adicionalmente, les proporcionamos instrucción sobre el cumplimiento adecuado de las normas legales vigentes, con el fin de preservar la estabilidad, seguridad y confianza del Sistema del Subsidio Familiar.",https://x.com/Supersubsidio/status/2022415216961819013,7,0,4,0,0,0,1,0,0,3,0,0,0
2022415040855605651,"Fri, Feb 13, 2026","@Kathryn_Gonz Parte 1/ Buen día. Agradecemos tu comunicación con la Supersubsidio, te informamos que somos la Entidad que ejerce inspección, vigilancia y control a las Cajas de Compensación Familiar.",https://x.com/Supersubsidio/status/2022415040855605651,7,0,5,0,0,0,1,0,0,4,0,0,0
2022347993077428644,"Fri, Feb 13, 2026",El decreto del Salario Vital fue expedido por el Presidente @petrogustavo en cumplimiento de la Constitución de Colombia. Suspender un decreto que protege el salario vital significa poner en riesgo derechos adquiridos de millones de trabajadores. #SalarioVitalSeDefiende https://t.co/qQChwIT1q1,https://x.com/Supersubsidio/status/2022347993077428644,89,2,7,0,0,0,1,2,0,2,0,0,0
2022312070272668128,"Fri, Feb 13, 2026","¡Córdoba nos necesita y aquí estamos! 🇨🇴❤️ En la Supersubsidio no somos ajenos a la difícil situación que atraviesan nuestros hermanos cordobeses. Por eso, nos unimos con determinación a las jornadas de donación para brindar un alivio a quienes más lo necesitan en este momento. https://t.co/afPWKmfitA",https://x.com/Supersubsidio/status/2022312070272668128,104,3,5,0,0,0,1,1,0,0,0,0,0
2022121724016246923,"Fri, Feb 13, 2026","¡En el territorio, aseguramos que el bienestar de los trabajadores sea una realidad! 🇨🇴✨ Nuestra Superintendente, Sandra Cadena, llegó al Valle del Cauca con el objetivo de verificar la ejecución de los recursos del Subsidio Familiar y el impacto de los programas de @Comfandi https://t.co/xGoAsFD3AA",https://x.com/Supersubsidio/status/2022121724016246923,772,17,44,0,0,0,2,5,3,7,0,0,0
2022051918059909320,"Thu, Feb 12, 2026","🇨🇴 Nuestra Superintendente, Sandra Viviana Cadena Martínez, llegó a Valle del Cauca para conocer y validar los proyectos de inversión de @comfandi, los cuales estarán al servicio de sus afiliados. ¡Con dignidad cumplimos! #Supersubsidio #SupervisarEsCuidar #SubsidioFamiliar https://t.co/WohPDHy3Qx",https://x.com/Supersubsidio/status/2022051918059909320,802,9,36,1,0,0,2,4,7,13,0,1,0
2021965203651346711,"Thu, Feb 12, 2026","#DíaDeLasManosRojas | Reporta de forma anónima casos de reclutamiento de niñas, niños y adolescentes: - Línea 141 del Bienestar Familiar - Línea 123 de la Policía Nacional - Contactando entidades como Defensoría del Pueblo, personerías, comisarías y defensorías de Familia. https://t.co/kJ6MamvGSL",https://x.com/Supersubsidio/status/2021965203651346711,60,2,4,0,0,0,1,1,0,0,0,0,0
2021942954525405522,"Thu, Feb 12, 2026","Ningún niño o niña nace para la guerra.🤚🚫 En el Día de las Manos Rojas, recordamos que el uso de menores en conflictos armados es una violación atroz a sus derechos humanos. Es nuestra responsabilidad colectiva proteger su presente para asegurar su futuro. #DíaDeLasManosRojas https://t.co/enjB0i5mz3",https://x.com/Supersubsidio/status/2021942954525405522,70,2,10,0,0,0,0,1,2,2,0,2,0
2021624329856041246,"Wed, Feb 11, 2026",https://t.co/2qMBNgLsOc,https://x.com/Supersubsidio/status/2021624329856041246,44,0,0,0,0,0,0,0,0,0,0,0,0
2021624306871181659,"Wed, Feb 11, 2026",👉 La cuota monetaria es un subsidio en dinero al que tienen derecho trabajadores y trabajadoras por cada persona a cargo que cumpla los requisitos establecidos en la ley. 📝 Te informamos cuáles son las personas a cargo por las que puedes recibir este subsidio. 👇 https://t.co/RKoqNZKHkr,https://x.com/Supersubsidio/status/2021624306871181659,55,2,15,0,0,0,1,1,1,3,0,0,0
2021230524564390376,"Tue, Feb 10, 2026","🇨🇴 Gracias a la unión de los bogotanos y el sector privado, el Gobierno Nacional lleva a Córdoba más de 10 toneladas de alimentos para 5.500 animales, tras la emergencia climática por las lluvias que atraviesa el país. #UnidosAnteLaEmergencia https://t.co/fkHJPSyZ9F",https://x.com/Supersubsidio/status/2021230524564390376,399,12,26,0,0,0,1,7,1,1,0,0,0
2021220416421810428,"Tue, Feb 10, 2026",El Presidente @PetroGustavo ordenó aplicar de manera inmediata el alivio en las tarifas de las generadoras públicas de energía en las zonas afectadas por la emergencia por las lluvias. #UnidosAnteLaEmergencia https://t.co/O9OutkPTwY,https://x.com/Supersubsidio/status/2021220416421810428,113,4,10,0,0,0,1,1,0,2,0,0,0
2020971865859293567,"Mon, Feb 9, 2026",📝 Para acceder a los beneficios del Sistema del Subsidio Familiar debes estar afiliado a una Caja de Compensación Familiar. Aquí te explicamos lo que debes saber sobre el proceso de afiliación tanto para trabajadores dependientes como independientes. #Supersubsidio #Subsidios https://t.co/8FHnIaLSp0,https://x.com/Supersubsidio/status/2020971865859293567,723,8,45,1,1,1,1,5,1,7,0,0,0
2019857045323710769,"Fri, Feb 6, 2026",https://t.co/0wTDpJBOsn,https://x.com/Supersubsidio/status/2019857045323710769,63,0,2,0,0,0,1,0,0,0,0,0,0
2019856893770940922,"Fri, Feb 6, 2026",Tu consulta es importante para nosotros. 🤝 Conoce nuestros canales de atención y comunícate con la Supersubsidio cuando lo necesites. #Supersubsidio #SupervisarEsCuidar https://t.co/xkqZVPyuHl,https://x.com/Supersubsidio/status/2019856893770940922,70,0,4,0,0,0,2,0,0,0,0,0,0
2018817011800052191,"Tue, Feb 3, 2026","⚖️ Hoy, desde la Superintendencia del Subsidio Familiar, enviamos un caluroso mensaje de felicitación a todas y todos los abogados en su día. Les deseamos mucho éxito en el ejercicio de su profesión. #DíaInternacionalDelAbogado #Abogados #Supersubsidio https://t.co/BMvo9PF5JH",https://x.com/Supersubsidio/status/2018817011800052191,74,0,5,0,0,0,1,0,0,3,0,0,0
2018746514013921509,"Tue, Feb 3, 2026",🇨🇴 Colombia unida expresa su apoyo al presidente @gustavopetrourrego en defensa de la soberanía nacional y del salario vital. #3FALasPlazas https://t.co/E1x4k47okR,https://x.com/Supersubsidio/status/2018746514013921509,1231,22,40,0,0,0,1,11,2,4,0,0,0
2018701897201258629,"Tue, Feb 3, 2026","🇨🇴 Desde la Superintendencia del Subsidio Familiar nos sumamos a la cadena de afectos que rodea al Presidente de la República, @PetroGustavo, en defensa de la soberanía nacional y del salario vital. #3FALasPlazas https://t.co/GH6HI2roiF",https://x.com/Supersubsidio/status/2018701897201258629,622,14,42,0,0,0,1,5,3,9,0,0,0
2018681007419891923,"Tue, Feb 3, 2026","Desde @Supersubsidio acompañamos la agenda que desarrolla el Presidente @PetroGustavo en su visita como Jefe de Estado a Washington. Unidos como nación, promovemos diálogos de alto nivel que protegen la soberanía y reafirman la dignidad y grandeza de Colombia. #AgendaDeEstado https://t.co/GAAfhOZhQ1",https://x.com/Supersubsidio/status/2018681007419891923,952,27,52,0,1,1,4,7,6,3,0,1,0
2018513155228418194,"Tue, Feb 3, 2026",Mañana nos encontramos para abrazar la esperanza. Nos unimos en defensa de los derechos que nos pertenecen: el salario de los trabajadores y la autonomía de nuestra nación. Acompañemos al presidente @PetroGustavo en esta jornada de unidad nacional. 🤝 #3FALasPlazas https://t.co/hG4IJ8VpjA,https://x.com/Supersubsidio/status/2018513155228418194,443,6,16,0,1,0,1,5,1,2,0,0,0
2018403076424503742,"Mon, Feb 2, 2026","Este martes 3 de febrero, el pueblo colombiano se moviliza en las plazas del país para realizar una cadena de afectos que rodea al Presidente de la República, @PetroGustavo, en defensa de la soberanía nacional y del salario vital. #3FALasPlazas https://t.co/02ZsAYsCSv",https://x.com/Supersubsidio/status/2018403076424503742,231,2,18,1,1,0,1,1,0,8,0,0,0
2018038901282140290,"Sun, Feb 1, 2026",Parte 2: https://t.co/PpGTBaNXID,https://x.com/Supersubsidio/status/2018038901282140290,168,2,9,0,1,1,0,1,1,4,0,0,0
2018037103385330170,"Sun, Feb 1, 2026",📢 ¡Atención trabajadores y trabajadoras de Colombia! Ya están definidas las nuevas cuotas monetarias del subsidio familiar para 2026. 👉 Acércate a tu Caja de Compensación Familiar para conocer cómo acceder a este beneficio. Parte 1: https://t.co/R245AdoQuL,https://x.com/Supersubsidio/status/2018037103385330170,2224,35,77,3,3,1,5,16,6,13,0,0,0
2017680728251678915,"Sat, Jan 31, 2026",Acércate a tu Caja de Compensación Familiar y entérate de cómo acceder a este beneficio. 💙 https://t.co/7HSTYmsFaS,https://x.com/Supersubsidio/status/2017680728251678915,97,1,3,0,0,0,0,0,0,0,0,0,0
2017680718155907223,"Sat, Jan 31, 2026",https://t.co/gZenN8Mipm,https://x.com/Supersubsidio/status/2017680718155907223,118,1,11,0,0,0,1,0,1,0,0,0,0
2017680709616345198,"Sat, Jan 31, 2026",https://t.co/ta6zwMo85Y,https://x.com/Supersubsidio/status/2017680709616345198,50,0,3,0,0,0,1,0,0,0,0,0,0
2017680702121087264,"Sat, Jan 31, 2026",https://t.co/uKZbJ8rTrW,https://x.com/Supersubsidio/status/2017680702121087264,61,0,2,0,0,0,1,0,0,0,0,0,0
2017680695041093724,"Sat, Jan 31, 2026",https://t.co/e6EIVk5NEj,https://x.com/Supersubsidio/status/2017680695041093724,68,0,14,0,0,0,1,0,1,0,0,0,0
2017680687277449452,"Sat, Jan 31, 2026",https://t.co/bgIyebuhMG,https://x.com/Supersubsidio/status/2017680687277449452,89,1,17,0,1,1,2,0,0,0,0,0,0
2017680679333449886,"Sat, Jan 31, 2026",https://t.co/Ef4P24MFqr,https://x.com/Supersubsidio/status/2017680679333449886,92,1,9,0,0,0,2,0,0,0,0,0,0
2017680673796927844,"Sat, Jan 31, 2026","En 2026, el subsidio familiar continúa acompañando a las familias de todo el país. 🇨🇴 🧵 Abrimos hilo con las cuotas establecidas para cada región. 💵 #SubsidioFamiliar #CuotaMonetaria #Supersubsidio https://t.co/W7zpweDfWR",https://x.com/Supersubsidio/status/2017680673796927844,1512,9,71,1,0,0,3,6,5,23,0,3,0
2017674880414617922,"Sat, Jan 31, 2026","📝 La Superintendencia del Subsidio Familiar expidió la Resolución 0091 del 30 de enero de 2026, mediante la cual se establecen las cuotas monetarias que aplicarán las Cajas de Compensación Familiar durante esta vigencia. #SubsidioFamiliar #CuotaMonetaria #Supersubsidio https://t.co/q9nFGXRKcq",https://x.com/Supersubsidio/status/2017674880414617922,1537,24,206,1,1,8,3,13,11,34,0,1,0
2016529182243569896,"Wed, Jan 28, 2026","📝 La Supersubsidio convocó al Comité Técnico Contable del Sistema de Subsidio Familiar, con participación de 12 cajas de compensación, para trabajar de manera articulada en la unificación de criterios contables y fortalecimiento de la transparencia y supervisión institucional. https://t.co/mYGYVtwhzP",https://x.com/Supersubsidio/status/2016529182243569896,707,12,51,0,0,0,2,4,2,8,0,0,0
2016152487049273447,"Tue, Jan 27, 2026","Si evidencias abusos en precios y prácticas comerciales asociados al aumento del salario mínimo vital, ten en cuenta que la @sicsuper reforzará los controles y acciones de vigilancia para proteger tus derechos como consumidor. #SalarioVitalDigno https://t.co/W0J4fjmRw5",https://x.com/Supersubsidio/status/2016152487049273447,922,17,38,0,0,0,3,8,1,8,0,1,0
2016132478159712535,"Tue, Jan 27, 2026",🇨🇴 Con el #SalarioVitalDigno le estamos devolviendo la dignidad a millones de colombianos que diariamente contribuyen a la construcción de una Colombia que avanza hacia la justicia social. https://t.co/sH81ANOqju,https://x.com/Supersubsidio/status/2016132478159712535,751,20,38,0,0,0,3,10,2,3,0,0,0
2016124056655847496,"Tue, Jan 27, 2026","El trabajo es fuente de riqueza y desarrollo para Colombia. 🇨🇴 Reconocer el #SalarioVitalDigno significa avanzar en el reconocimiento del trabajo de millones de mujeres trabajadoras, y representa un paso fundamental hacia la justicia social, la equidad y el bienestar. https://t.co/8hubXjvp1R",https://x.com/Supersubsidio/status/2016124056655847496,782,15,30,0,0,0,2,8,0,0,0,1,0
2015813284352377079,"Mon, Jan 26, 2026","🇨🇴 La cuota monetaria o subsidio familiar es un derecho que respalda tu bienestar y el de tu familia con apoyos en dinero, especie y servicios. 📝 Desde la Superintendencia del Subsidio Familiar estamos trabajando en la actualización de este importante derecho para el 2026. https://t.co/myTf8Wr8Zh",https://x.com/Supersubsidio/status/2015813284352377079,491,6,31,0,0,1,2,5,3,6,0,0,0
2014836562324787309,"Fri, Jan 23, 2026",🚨 Cualquier trámite ante la Superintendencia del Subsidio Familiar es 100% gratuito. Si alguien te pide dinero para ayudarte ¡Ten cuidado! Confirma la información solo en nuestros canales oficiales. 💙 Tu bienestar es nuestro compromiso. #Supersubsidio #SupervisarEsCuidar https://t.co/IQF9xIWMUW,https://x.com/Supersubsidio/status/2014836562324787309,504,4,23,1,0,0,1,3,3,3,0,0,0
2014441548046364866,"Thu, Jan 22, 2026",🚨 Desde la Supersubsidio reiteramos nuestro compromiso con la transparencia y la protección de tus derechos. Recuerda que la prevención y la información oportuna son tus mejores defensas contra el fraude. #Supersubsidio #SupervisarEsCuidar #SubsidioFamiliar https://t.co/za5NCaN2VS,https://x.com/Supersubsidio/status/2014441548046364866,511,5,13,0,0,0,0,4,1,0,0,1,0
2014434287756497373,"Thu, Jan 22, 2026",🚨 La Superintendencia del Subsidio Familiar advierte sobre mensajes fraudulentos y enlaces sospechosos que circulan ofreciendo falsos bonos y subsidios. La prevención es nuestra mejor herramienta contra el fraude. #Supersubsidio #SupervisarEsCuidar #SubsidioFamiliar https://t.co/wA9IJ2hUEo,https://x.com/Supersubsidio/status/2014434287756497373,542,7,29,0,1,0,1,7,1,7,0,0,0
2014372670863798308,"Thu, Jan 22, 2026",🇨🇴 Estamos trabajando en la actualización de la Cuota Monetaria para este 2026. Síguenos en las redes de la Superintendencia del Subsidio Familiar para mantenerte informado y aprovechar todos los beneficios del Sistema del Subsidio Familiar. #SubsidioFamiliar #Supersubsidio https://t.co/5gYettx1xy,https://x.com/Supersubsidio/status/2014372670863798308,477,7,22,0,0,0,2,4,1,1,0,0,0
2013236161129418783,"Mon, Jan 19, 2026","🔴 #Hoy | Esta noche, a las 7:00 p.m., el Presidente @petrogustavo liderará un nuevo Consejo de Ministros. Conéctate y conoce las razones y el impacto del Decreto de Emergencia Económica. Te esperamos en las redes sociales de @infopresidencia y canales públicos. https://t.co/4AUnuIdwAM",https://x.com/Supersubsidio/status/2013236161129418783,662,18,34,0,1,0,4,6,2,0,0,0,0
2011904311438295302,"Thu, Jan 15, 2026","La SIC anunció el fortalecimiento de sus labores de inspección, vigilancia y control para evitar prácticas abusivas y proteger los derechos de los consumidores, en el marco del ajuste al salario mínimo vital. https://t.co/nMKHyxuYrX #SalarioVitalEsDignidad https://t.co/XAChf1P6nB",https://x.com/Supersubsidio/status/2011904311438295302,1033,22,44,0,1,0,4,9,0,4,1,0,0
2011192047386960056,"Tue, Jan 13, 2026","Detrás de cada gran gestión, hay un equipo humano que sueña, aprende y crece. 💙 En el Comité de Capacitación, Bienestar e Incentivos, trabajamos con un propósito claro: cuidar a quienes cuidan de las familias colombianas. 🇨🇴 #Supersubsidio https://t.co/f7VoojQhTH",https://x.com/Supersubsidio/status/2011192047386960056,915,12,19,1,0,0,4,3,0,0,0,0,0
2011186326784090588,"Tue, Jan 13, 2026","📝 Hoy en la Superintendencia del Subsidio Familiar realizamos el comité de capacitación, bienestar e incentivos, revisando y aprobando los planes de capacitación y el programa de bienestar de nuestra entidad. #Supersubsidio #SupervisarEsCuidar https://t.co/llJTxZN5Ji",https://x.com/Supersubsidio/status/2011186326784090588,151,3,24,0,0,0,3,0,1,2,0,0,0
2010836198621577588,"Mon, Jan 12, 2026",¿Sabes qué hace la Superintendencia del Subsidio Familiar? 🤔 Nos aseguramos de que las Cajas de Compensación administren correctamente los recursos para el bienestar de los trabajadores y sus familias 🏡👨‍👩‍👧‍👦 ¡Trabajamos para que el subsidio familiar cumpla su propósito! ✅ https://t.co/AzNrNvq3DR,https://x.com/Supersubsidio/status/2010836198621577588,1225,10,48,1,0,1,4,8,4,4,0,0,0
2009041116813832339,"Wed, Jan 7, 2026","🇨🇴 Así vive Colombia libre y soberana: con dignidad, participación y compromiso colectivo. Desde la Superintendencia del Subsidio Familiar trabajamos cada día con dignidad por las familias colombianas. #ColombiaSoberana https://t.co/W1TF6OMV7j",https://x.com/Supersubsidio/status/2009041116813832339,777,16,66,0,0,0,2,7,6,8,0,0,0
2009029427766624658,"Wed, Jan 7, 2026",La Superintendencia del Subsidio Familiar hace presencia en la Plaza de Bolívar manifestando su apoyo por la democracia y la soberanía de Colombia 🇨🇴✊ #ColombiaSoberana https://t.co/o7i469shof,https://x.com/Supersubsidio/status/2009029427766624658,797,19,43,0,2,1,5,8,1,9,0,0,0
2009026371532804336,"Wed, Jan 7, 2026","🇨🇴 Hoy hacemos presencia desde la Plaza de Bolívar, convencidos de que una Colombia soberana se construye con la voz de la gente, el respeto por lo público y el compromiso con las familias. #ColombiaSoberana https://t.co/N08sLKwApH",https://x.com/Supersubsidio/status/2009026371532804336,882,16,83,0,0,0,3,3,2,6,0,0,0
2009014421918748683,"Wed, Jan 7, 2026","🇨🇴 Desde la Superintendencia del Subsidio Familiar acompañamos las expresiones ciudadanas que promueven el diálogo, la participación democrática y la defensa de una Colombia soberana, con justicia social y bienestar para las familias. #ColombiaSoberana https://t.co/MEbaR0jRG5",https://x.com/Supersubsidio/status/2009014421918748683,944,36,98,0,0,0,3,13,2,14,0,1,0
2008887435724546525,"Wed, Jan 7, 2026","Una sola bandera y miles de voces se sentirán este miércoles por un mismo propósito: Colombia. 🇨🇴 A todas las plazas del país vamos a salir juntos, con respeto y convicción, porque el pueblo defiende la soberanía. ¡Alza tu bandera! Te esperamos a las 4 p.m. #ColombiaSoberana https://t.co/0ZFJ7o06zl",https://x.com/Supersubsidio/status/2008887435724546525,582,10,23,0,0,0,2,5,0,5,0,0,0
2008635578112163898,"Tue, Jan 6, 2026","Este miércoles el pueblo sale a las calles por Colombia. Marchamos porque la soberanía se defiende, porque la democracia se cuida y por la libertad de nuestra nación. Cuando el pueblo se une, ninguna voz puede ser ignorada. 🇨🇴 #ColombiaSoberana https://t.co/jfP4GWhpeo",https://x.com/Supersubsidio/status/2008635578112163898,2802,46,96,0,0,1,2,17,3,10,0,1,0
2008557255873232988,"Tue, Jan 6, 2026","El pueblo colombiano se une y se moviliza para defender la soberanía nacional y la democracia del país. 🇨🇴 Este miércoles, a las 4:00 p. m., nos unimos en las plazas de toda Colombia por la dignidad de nuestro país. ¡Te esperamos! #ColombiaSoberana https://t.co/ob1owLP3uc",https://x.com/Supersubsidio/status/2008557255873232988,146,4,12,1,0,0,2,2,1,3,0,0,0
2008536093353013396,"Tue, Jan 6, 2026","Este miércoles a las 4:00 p. m., el pueblo colombiano se encuentra en las plazas de todo el país. Trae tu bandera tricolor y camina por la dignidad de Colombia. 🇨🇴 La soberanía no se negocia, la democracia se cuida y Colombia se defiende en las calles. #ColombiaSoberana https://t.co/IA9j21PNlC",https://x.com/Supersubsidio/status/2008536093353013396,151,4,15,0,0,0,1,2,1,3,0,0,0
2008296241818443894,"Mon, Jan 5, 2026","Seguimos trabajando por una Superintendencia más humana, eficiente y cercana. El Subsidio Familiar es una conquista social y estamos aquí para garantizarla. 🇨🇴✊ #ConDignidadCumplimos",https://x.com/Supersubsidio/status/2008296241818443894,80,3,5,0,0,0,1,1,0,0,0,0,0
2008296240077746524,"Mon, Jan 5, 2026","7️⃣Una Super más moderna. La tecnología es nuestra aliada. 🤖Presentamos a ""Lupita"", nuestra asistente con IA para atenderte mejor. 📊Implementamos tableros de control en tiempo real para vigilar cada peso de inversión. ¡Transparencia total a un clic!",https://x.com/Supersubsidio/status/2008296240077746524,145,2,3,0,0,0,1,0,0,0,0,0,0
2008296238282571992,"Mon, Jan 5, 2026","6️⃣Cuidamos los recursos sagrados. Actuamos con firmeza para proteger tu patrimonio. Mantenemos medidas de intervención y vigilancia especial en Cajas que presentan riesgos, porque la transparencia no es negociable. Nuestro objetivo es sanear y fortalecer el sistema. 🛡️⚠️",https://x.com/Supersubsidio/status/2008296238282571992,31,0,1,0,0,0,1,0,0,0,0,0,0
2008296236575551514,"Mon, Jan 5, 2026","5️⃣Oportunidades reales. 💼A través de nuestras agencias de empleo, logramos la colocación de 482.000 personas en nuevos puestos de trabajo. 💜Dato clave: Las mujeres lideran la recepción de subsidios ($747MM), demostrando que la formalización laboral femenina es una prioridad.",https://x.com/Supersubsidio/status/2008296236575551514,34,0,2,0,0,0,1,0,0,1,0,0,0
2008296234843287846,"Mon, Jan 5, 2026",4️⃣Vivienda digna para el campo y la ciudad. 🏠Entregamos +34.000 subsidios para vivienda nueva urbana. 🚜Hito rural: Redistribuimos $51.000 millones de remanentes para que nuestros campesinos en regiones como La Guajira y Sucre cumplan el sueño de tener casa propia.,https://x.com/Supersubsidio/status/2008296234843287846,25,0,1,0,0,0,1,0,0,0,0,0,0
2008296233106841733,"Mon, Jan 5, 2026","3️⃣Alivio directo al bolsillo. Sabemos que la economía familiar es sagrada. Por eso, este año el sistema ha pagado más de $2.8 BILLONES en cuota monetaria, beneficiando a más de 5 millones de personas cada mes. 💸👨‍👩‍👧‍👦",https://x.com/Supersubsidio/status/2008296233106841733,47,1,6,1,0,0,1,1,0,3,0,0,0
2008296231315869892,"Mon, Jan 5, 2026",2️⃣¡La familia crece! El Sistema del Subsidio Familiar se fortalece. Alcanzamos cifras históricas: 👥10.9 MILLONES de trabajadores afiliados. 🏢+843.000 empresas aportantes. Somos la red de protección social más grande del país. 📈,https://x.com/Supersubsidio/status/2008296231315869892,29,0,1,0,0,0,1,0,0,0,0,0,0
2008296229483004379,"Mon, Jan 5, 2026","1️⃣Del escritorio al territorio. Transformamos nuestra visión. Dejamos de ser una entidad lejana para estar donde nos necesitan. ✅Recorrimos +20 departamentos ✅Priorizamos zonas rurales y comunidades indígenas No solo vigilamos, acompañamos y educamos para garantizar derechos.",https://x.com/Supersubsidio/status/2008296229483004379,29,0,1,0,0,0,1,0,0,0,0,0,0
2008296227406839989,"Mon, Jan 5, 2026","¡#ConDignidadCumplimos a Colombia! 🇨🇴 En el 2025 demostramos que supervisar también es cuidar. Gestionamos billones de pesos para el bienestar de las familias, llegamos a la ruralidad y protegimos los recursos de los trabajadores. Abrimos hilo con hitos de nuestra gestión 🧵👇",https://x.com/Supersubsidio/status/2008296227406839989,846,14,25,0,1,1,2,4,0,4,0,0,0
2008214746189717630,"Mon, Jan 5, 2026","🇨🇴 Seguimos trabajando por un sistema del subsidio familiar más humano, transparente y eficiente. Nuestra función no se mide en el número de sanciones impuestas, sino en la cantidad de trabajadores y empresas que recuperan la confianza en el sistema. #Supersubsidio https://t.co/70h9aF6iFQ",https://x.com/Supersubsidio/status/2008214746189717630,988,10,26,0,0,0,0,5,3,0,0,1,0
2007569584597901625,"Sat, Jan 3, 2026","En este video hablamos del Mecanismo de Protección al Cesante, un derecho de los trabajadores y trabajadoras colombianos que garantiza apoyo cuando enfrentan la pérdida de su empleo y les permite mantener su bienestar y el de sus familias 👇 https://t.co/1SiVJOaTSl",https://x.com/Supersubsidio/status/2007569584597901625,227,8,24,0,0,0,0,4,0,8,4,0,0
2007115034258702514,"Fri, Jan 2, 2026","🇨🇴 El salario mínimo para 2026 en colombia ha sido decretado por el presidente de la república en $1.750.905 pesos, y en este video te explicamos cómo quedaron actualizados los montos máximos para subsidio de vivienda. #SubsidioDeVivienda #Subsidio #SalarioMínimo #Supersubsidio https://t.co/AMz1FPLSkb",https://x.com/Supersubsidio/status/2007115034258702514,4741,50,169,6,11,16,8,26,19,43,0,7,0
2006852584347414721,"Thu, Jan 1, 2026",📝Desde la Superintendencia del Subsidio Familiar seguiremos trabajando en este nuevo año con transparencia y diligencia para garantizar que los recursos del sistema del subsidio familiar lleguen de forma eficiente a través de las Cajas de Compensación a las familias colombianas. https://t.co/ChzNfJDbgs,https://x.com/Supersubsidio/status/2006852584347414721,961,25,54,0,1,1,3,11,4,9,0,0,0
2006830556185825385,"Thu, Jan 1, 2026","🇨🇴 En este 2026 seguiremos trabajando de forma articulada con enfoque técnico, transparencia y vocación de servicio, en beneficio de las familias colombianas. #Supersubsidio #SupervisarEsCuidar #FelizAño #2026 https://t.co/MhRfhC5Jyv",https://x.com/Supersubsidio/status/2006830556185825385,120,5,11,0,0,0,0,3,1,2,0,0,0
2006531068766060790,"Thu, Jan 1, 2026","🇨🇴 Sandra Viviana Cadena Martínez, Superintendente del Subsidio Familiar, envía este sentido mensaje deseando un feliz y próspero año nuevo a las familias colombianas. Que este nuevo año traiga paz, unión y felicidad a sus hogares. #Supersubsidio #SupervisarEsCuidar #AñoNuevo https://t.co/pJKKAPkty5",https://x.com/Supersubsidio/status/2006531068766060790,2490,52,79,0,0,0,1,17,2,6,0,1,0