ID del post,Fecha,Texto del post,Postear enlace,Impresiones,Me gusta,Interacciones,Guardados,Compartidos,Nuevos seguidores,Respuestas,Reposts,Visitas del perfil,Ampliaciones de detalles,Clics en URL,Clics en hashtags,Clics en enlaces permanentes
2092276900777345095,"Tue, Aug 25, 2026","🛡️ Protegemos los recursos del Sistema del Subsidio Familiar. Desde la Superintendencia del Subsidio Familiar reafirmamos nuestro compromiso con la transparencia, la vigilancia y la protección de los recursos destinados al bienestar de las y los trabajadores antioqueños y sus https://t.co/KmNgsYopBH",https://x.com/Supersubsidio/status/2092276900777345095,1507,33,67,1,0,4,5,7,8,8,0,1,0
2090958562579091845,"Sat, Aug 22, 2026","📢 La Supersubsidio designó al Dr. Fabián Vicente Mayor Olaya como agente especial de intervención de Comfenalco Antioquia, quien liderará el levantamiento ordenado de la medida cautelar (Res. 0563/2026). Fabián Mayor es abogado con más de 20 años de experiencia, comprometido https://t.co/LaZe6kLMsH",https://x.com/Supersubsidio/status/2090958562579091845,589,0,45,0,4,0,3,0,6,2,0,0,0
2090486074946547941,"Thu, Aug 20, 2026",¡Una nueva etapa comienza en la Supersubsidio! 🤝✨ Recibimos con alegría a Natalia Eugenia López Fuentes como Superintendente del Subsidio Familiar (E). Le damos una cálida bienvenida y nuestros mejores deseos en esta labor al servicio de las familias colombianas. 🇨🇴 https://t.co/3EbyWQKed7,https://x.com/Supersubsidio/status/2090486074946547941,879,11,67,1,1,3,3,6,8,5,0,0,0
2090160025104777359,"Wed, Aug 19, 2026","No son solo números, son hogares respaldados. 👨‍👩‍👧‍👦🇨🇴 Gracias a la Operación Estadística de Supersubsidio, ratificamos que el Subsidio Familiar es un motor clave de equidad: más de 10.7 millones de afiliados y más de 10 millones de beneficiarios acompañados en todo el territorio https://t.co/fi5VoZmhme",https://x.com/Supersubsidio/status/2090160025104777359,396,0,5,0,0,0,2,0,3,0,0,0,0
2088623760974688690,"Sat, Aug 15, 2026",¡Todos unidos por Colombia! 🇨🇴 https://t.co/efKSbXCqVS,https://x.com/Supersubsidio/status/2088623760974688690,318,1,4,0,0,0,2,0,0,1,0,0,0
2087974447026225195,"Thu, Aug 13, 2026","👀 Muy pronto: una nueva versión del Observatorio del Subsidio Familiar. Navegación más clara, nuevos contenidos, control de envíos y nuevas herramientas para consultar la información del Sistema de Subsidio Familiar. Pronto anunciaremos la fecha oficial. ¡Mantente atento a https://t.co/twpAzgyKHU",https://x.com/Supersubsidio/status/2087974447026225195,368,1,4,0,0,0,2,0,1,0,0,0,0
2087626695155327033,"Wed, Aug 12, 2026","🚨 Desde la Superintendencia del Subsidio Familiar rechazamos categóricamente el ataque perpetrado contra Javier Gómez Gutiérrez, subdirector administrativo y financiero de Comfanorte. Expresamos nuestra solidaridad con él, su familia y toda la comunidad de Comfanorte, y hacemos https://t.co/Fdy7OQhbEc",https://x.com/Supersubsidio/status/2087626695155327033,695,4,22,0,0,0,3,2,5,0,0,0,0
2087341501437137193,"Wed, Aug 12, 2026","📍 La Superintendencia del Subsidio Familiar adelantó su visita de inspección, vigilancia y control a COMFENALCO Cartagena, evaluando la gestión integral, la ejecución de programas y servicios sociales, y la adecuada administración de los recursos del Sistema del Subsidio https://t.co/LB9ntSclMi",https://x.com/Supersubsidio/status/2087341501437137193,473,3,43,0,0,0,3,0,4,1,0,0,0
2087248924331352263,"Tue, Aug 11, 2026","📊 Detrás de cada cifra hay una familia. Con la Operación Estadística, en Supersubsidio recopilamos, procesamos y analizamos información clave del Sistema del Subsidio Familiar. Así identificamos tendencias, fortalecemos la vigilancia y apoyamos decisiones basadas en evidencia, https://t.co/gYoqv31nQn",https://x.com/Supersubsidio/status/2087248924331352263,395,1,5,0,1,0,2,0,1,1,0,0,0
2086870912704385036,"Mon, Aug 10, 2026",🇨🇴 Toda nuestra solidaridad con Colombia. https://t.co/Qp6xgtcAoq,https://x.com/Supersubsidio/status/2086870912704385036,309,2,8,0,0,0,1,0,1,0,0,0,0
2086166671111430167,"Sat, Aug 8, 2026","🇨🇴 Desde la Superintendencia del Subsidio Familiar le damos la bienvenida al presidente Abelardo de la Espriella y a la ministra del Trabajo, Natalia López Fuentes, al frente del nuevo Gobierno Nacional. Reafirmamos nuestro compromiso con la misión de inspección, vigilancia y https://t.co/8GZK83YcoV",https://x.com/Supersubsidio/status/2086166671111430167,4171,304,695,2,2,91,6,69,143,8,0,0,0
2085444892558549452,"Thu, Aug 6, 2026","En la Supersubsidio, nuestro compromiso va más allá de la vigilancia. Trabajamos por la gente: 📊 165.522 atenciones a colombianos. 👷 35.164 trabajadores capacitados. 🤝 Alianza con ONU Mujeres para prevenir el acoso y la violencia de género. 🗣️ Carta de Trato Digno https://t.co/zgEncEmHle",https://x.com/Supersubsidio/status/2085444892558549452,372,4,11,0,1,0,2,0,2,3,0,0,0
2085374899208507581,"Thu, Aug 6, 2026","En estos 4️⃣ años, el Gobierno del Presidente @petrogustavo dignificó la labor de quienes cuidan a la niñez y protegen la vida. Con empleo público, salario digno y prestaciones sociales garantizadas, 2.300 madres comunitarias en todo el país hoy cuentan con mejores condiciones https://t.co/pfqiMjO4rg",https://x.com/Supersubsidio/status/2085374899208507581,309,3,11,0,0,0,2,0,2,1,0,0,0
2084645724512215334,"Tue, Aug 4, 2026",En estos 4 años recuperamos +$50.000 millones en subsidios de vivienda del FOVIS y unificamos las reglas contables de todas las Cajas de Compensación con la Resolución 0451 de 2025. 🏠✅ Así protegemos el Subsidio Familiar: con transparencia y orden para las familias https://t.co/BbqsBo6TjY,https://x.com/Supersubsidio/status/2084645724512215334,512,0,6,0,0,0,4,0,1,1,0,0,0
2084322213738533046,"Mon, Aug 3, 2026",@EspeFlorianCh @AntonioSanguino @ASOCAJAS @fedecajas Buen día. Agradecemos tu comunicación con la Supersubsidio. La Superintendencia del Subsidio Familiar tiene competencia sobre la vigilancia de las Cajas de Compensación Familiar y los temas relacionados con el subsidio familiar. En relación con consultas sobre contratación,https://x.com/Supersubsidio/status/2084322213738533046,279,0,1,0,0,0,0,0,0,1,0,0,0
2084282630028030151,"Mon, Aug 3, 2026","📢 Aviso importante para nuestros usuarios. Hoy, de 4:00 p.m. a 7:00 p.m., nuestra Sede Electrónica estará en mantenimiento programado. Esta pausa temporal nos permite realizar actualizaciones técnicas en la plataforma Liferay para seguir ofreciéndote un mejor servicio. 🛠️💻 https://t.co/BURC6vcyWI",https://x.com/Supersubsidio/status/2084282630028030151,406,0,5,0,0,0,2,0,1,0,0,0,0
2083574975374455294,"Sat, Aug 1, 2026","En el Cesar, la información también transforma vidas. 💙 Junto a Comfacesar recorrimos empresas de Valledupar para que más trabajadores conocieran los beneficios que ya tienen por estar afiliados a una Caja de Compensación: subsidio monetario, vivienda, educación, crédito social https://t.co/Ch24wHRuzn",https://x.com/Supersubsidio/status/2083574975374455294,255,2,12,1,0,0,8,0,1,1,0,0,0
2083334402776367376,"Fri, Jul 31, 2026","🔍 Esta semana visitamos CAJASAN en Santander para evaluar el impacto financiero, jurídico y social de sus programas y verificar la correcta destinación de los recursos del subsidio familiar. Así garantizamos que cada peso se traduzca en bienestar real para los trabajadores y https://t.co/rWPX6AWiIo",https://x.com/Supersubsidio/status/2083334402776367376,226,1,13,0,0,0,1,1,0,1,0,0,0
2083315294034936096,"Fri, Jul 31, 2026",¡La diversidad fortalece el bienestar! 🌈 Nuestra Oficina de Protección al Usuario llevó al Valle del Cauca jornadas de inclusión para que la población LGBTIQ+ conozca y reclame sus derechos en el Sistema del Subsidio Familiar. 💜 Todas las familias cuentan. 🇨🇴 #Supersubsidio https://t.co/8VKq1HK7UG,https://x.com/Supersubsidio/status/2083315294034936096,239,1,9,0,0,0,1,1,0,2,0,0,0
2083233487226634368,"Fri, Jul 31, 2026","🇨🇴 La Superintendencia del Subsidio Familiar participó en la VI Sesión Ministerial y de Alto Nivel de la Comisión Intersectorial Nacional de Reparaciones Históricas, un espacio de articulación entre entidades del Estado para avanzar en la reparación histórica, la restauración de https://t.co/ODRW3qMio6",https://x.com/Supersubsidio/status/2083233487226634368,161,0,3,0,0,0,1,0,0,1,0,0,0
2083207547406671903,"Fri, Jul 31, 2026","🏡 Esto no son solo cifras, es dignidad y futuro. 1.413 mujeres rurales en Colombia ya tienen un subsidio familiar de vivienda propia. 1.295 desembolsados en 238 municipios, con una inversión de $65.980 millones de pesos. Detrás de cada dato hay una familia que hoy tiene techo, https://t.co/Kl2vrYSEEv",https://x.com/Supersubsidio/status/2083207547406671903,207,1,3,0,0,0,2,0,0,0,0,0,0
2082883987597677016,"Thu, Jul 30, 2026","No venimos a repetir promesas vacías, venimos a demostrar con hechos que el cambio se construye trabajando con y para el pueblo. Así le rendimos cuentas al pueblo colombiano: con transparencia, con compromiso social y con la convicción de que los derechos no se mendigan, se https://t.co/klZ69wtniw",https://x.com/Supersubsidio/status/2082883987597677016,243,1,16,0,1,0,1,0,1,2,0,0,0
2082832635932422465,"Thu, Jul 30, 2026",🇨🇴 ¡Llegó el día! Hoy presentaremos el balance de los principales logros del Sector Trabajo y responderemos con transparencia a la ciudadanía sobre los avances alcanzados. Conéctate desde el canal de YouTube Mintrabajo: 👉 https://t.co/YikiHoevik #NiUnDerechoAtrás https://t.co/NzvPhTdGji,https://x.com/Supersubsidio/status/2082832635932422465,184,3,7,0,0,0,1,2,0,0,0,0,0
2082655430065455480,"Thu, Jul 30, 2026",🇨🇴 Falta un día. Mañana presentaremos el balance de los principales logros del Sector Trabajo y responderemos con transparencia a la ciudadanía sobre los avances alcanzados. ¡Te esperamos! #NiUnDerechoAtrás https://t.co/y9A5tEuMSC,https://x.com/Supersubsidio/status/2082655430065455480,211,2,5,0,0,0,1,0,0,1,0,0,0
2082640830238536071,"Thu, Jul 30, 2026","🇨🇴 Cada cifra representa una historia de vida. Mañana conocerás cómo el Sector Trabajo convirtió las políticas públicas en empleo, derechos y protección social para millones de colombianos. No te pierdas nuestra Rendición de Cuentas. #NiUnDerechoAtrás https://t.co/ZEBOZeWyZX",https://x.com/Supersubsidio/status/2082640830238536071,141,2,3,0,0,0,1,0,0,0,0,0,0
2082625348311618032,"Thu, Jul 30, 2026","🇨🇴 Los resultados también se cuentan. Este miércoles conoceremos cómo el Sector Trabajo avanzó en empleo, derechos laborales, formación para el trabajo y protección social para millones de colombianos. Acompáñanos en nuestra Rendición de Cuentas. #NiUnDerechoAtrás https://t.co/9mJkVl0A4N",https://x.com/Supersubsidio/status/2082625348311618032,163,0,3,0,0,0,1,0,0,0,0,0,0
2082592570870550619,"Wed, Jul 29, 2026",🏳️‍🌈 La diversidad también se protege desde el bienestar. En el Valle del Cauca seguimos trabajando para que cada afiliado/a/e acceda a sus beneficios en igualdad de condiciones. #FamiliasDiversas #Supersubsidio #SubsidioFamiliar https://t.co/gtXUUgUQ0B,https://x.com/Supersubsidio/status/2082592570870550619,143,2,6,0,0,0,2,0,0,0,0,0,0
2082542068350812505,"Wed, Jul 29, 2026","Trabajo decente y digno: un logro histórico para Colombia. Te invitamos a la Rendición de Cuentas 2026 del Ministerio del Trabajo, un espacio para conocer los avances que han fortalecido los derechos laborales, el empleo digno y la protección social en el país. 📅 Jueves 30 de https://t.co/4EaZXwm8r6",https://x.com/Supersubsidio/status/2082542068350812505,250,1,4,0,0,0,1,0,0,0,1,0,0
2081806547164770668,"Mon, Jul 27, 2026","Trabajo decente y digno: un logro histórico para Colombia. Te invitamos a la Rendición de Cuentas 2026 del Ministerio del Trabajo, un espacio para conocer los avances que han fortalecido los derechos laborales, el empleo digno y la protección social en el país. 📅 Jueves 30 de https://t.co/BAjuqSYc2h",https://x.com/Supersubsidio/status/2081806547164770668,317,1,9,0,0,0,2,0,2,2,1,0,0
2080785335575835116,"Fri, Jul 24, 2026","🛡️ En el Congreso de Auditores y Revisores Fiscales, realizado en Comcaja, fuimos enfáticos: el control interno en las Cajas de Compensación no puede quedarse en un cumplimiento documental ni existir solo en el organigrama. Como ente de vigilancia, nuestra expectativa es clara: https://t.co/fbdFBjmhe9",https://x.com/Supersubsidio/status/2080785335575835116,294,1,17,0,2,0,3,0,1,1,0,0,0
2080701372962345019,"Fri, Jul 24, 2026",¿Te has preguntado por qué millones de familias pueden confiar plenamente en el Sistema del Subsidio Familiar? 🤔👨‍👩‍👧‍👦 🔍 En la SuperSubsidio operamos como los guardianes del patrimonio social de los colombianos: ✅ Supervisamos al detalle el comportamiento y las operaciones de https://t.co/FcuCn3ytzW,https://x.com/Supersubsidio/status/2080701372962345019,229,3,8,0,0,0,2,0,0,3,0,0,0
2080318427944644680,"Thu, Jul 23, 2026","⚙️🇨🇴 En el Sistema del Subsidio Familiar nada se deja al azar. Para garantizar que el apoyo llegue con fuerza a quienes más lo necesitan, en la SuperSubsidio lideramos la red de protección social más grande del país a través de un trabajo técnico y riguroso. Nuestra operación https://t.co/QA7vJwFd6z",https://x.com/Supersubsidio/status/2080318427944644680,291,3,17,0,1,1,1,0,3,5,3,1,0
2080053484393529609,"Wed, Jul 22, 2026","🔎 ¡Seguimos vigilando en territorio! Nuestra Delegada para Estudios Especiales y Evaluación de Proyectos visitó la Caja de Compensación Comfenalco Santander para auditar proyectos de inversión en servicios recreativos, vivienda y turismo por cerca de $450.000 millones. Así https://t.co/MCQYn2va2D",https://x.com/Supersubsidio/status/2080053484393529609,310,2,23,0,1,0,2,2,3,2,0,0,0
2080023957474824291,"Wed, Jul 22, 2026","🔍 Visita integral en territorio a COMFACESAR. Del 21 al 24 de julio, nuestro equipo verifica en terreno la gestión administrativa, financiera, jurídica y técnica de la Caja, así como la correcta destinación de los recursos del Sistema de Compensación Familiar. Nuestra labor de https://t.co/gxgBAfMTRR",https://x.com/Supersubsidio/status/2080023957474824291,395,3,22,0,2,1,1,0,0,3,0,0,0
2079741053897179481,"Wed, Jul 22, 2026","Seguimos trabajando por un Sistema de Subsidio Familiar más transparente, eficiente y al servicio de los trabajadores y sus familias. 🇨🇴 #Supersubsidio #SubsidioFamiliar https://t.co/GYSCwNAuR4",https://x.com/Supersubsidio/status/2079741053897179481,58,0,10,0,1,0,0,0,0,0,0,0,0
2079740998222004233,"Wed, Jul 22, 2026","📋 La Supersubsidio participó en la Junta Directiva de Fedecajas, presidida por el Ministro del Trabajo y Superintendente (e), Antonio Sanguino. https://t.co/bTMjVgmgzY",https://x.com/Supersubsidio/status/2079740998222004233,253,1,18,0,0,0,2,0,2,1,0,0,0
2079251656693223504,"Mon, Jul 20, 2026","El 20 de julio de 1810 inició la independencia de Colombia, pero este no es un hecho enterrado en el pasado, sino un compromiso colectivo que se construye día a día. Hoy, honrar ese primer grito de libertad significa escuchar y responder a las demandas de dignidad, territorio y https://t.co/8kVIYSm5jX",https://x.com/Supersubsidio/status/2079251656693223504,205,0,3,0,0,0,3,0,0,0,0,0,0
2078874191827288504,"Sun, Jul 19, 2026","🇨🇴 En el Día de la Independencia, Colombia se reunirá en sus plazas para conmemorar la libertad, defender las reformas sociales y acompañar al Presidente @PetroGustavo en su último discurso público como jefe de Estado. En Bogotá, el encuentro será en Ciudad Bolívar, donde el https://t.co/Ve59G7qMF1",https://x.com/Supersubsidio/status/2078874191827288504,223,1,6,0,1,0,3,0,0,2,0,0,0
2078518830025089411,"Sat, Jul 18, 2026","🇨🇴 Este 20 de julio, el Presidente @PetroGustavo dará su último discurso público como jefe de Estado desde Ciudad Bolívar, en Bogotá, junto al pueblo colombiano. Tras el desfile de nuestras Fuerzas Militares y de Policía, el Presidente se despedirá de las colombianas y los https://t.co/G8lxmK5Ncs",https://x.com/Supersubsidio/status/2078518830025089411,361,0,10,0,2,0,3,0,1,1,0,0,0
2077520993984119231,"Wed, Jul 15, 2026","📍 Visita ordinaria a Comfandi en Cali. Supervisamos que los recursos parafiscales lleguen con transparencia y eficiencia a más de 658 mil trabajadores afiliados: vivienda, protección al desempleo, educación y empleabilidad. Supervisión que se traduce en bienestar real. 🇨🇴 https://t.co/UWveaYA0P0",https://x.com/Supersubsidio/status/2077520993984119231,270,1,22,0,0,0,2,0,1,4,0,0,0
2077142581532647708,"Tue, Jul 14, 2026",https://t.co/FF3tGk3MK6,https://x.com/Supersubsidio/status/2077142581532647708,65,0,3,0,0,0,2,0,0,0,0,0,0
2075955139345592325,"Sat, Jul 11, 2026","🇨🇴 Del 6 al 9 de julio de 2026, nuestra Oficina de Protección al Usuario (OPU) llegó hasta Córdoba para recorrer 10 empresas del departamento. Fueron cuatro días inolvidables donde conversamos con los trabajadores afiliados y derribamos mitos a través de nuestra estrategia de https://t.co/y0zfMibRFi",https://x.com/Supersubsidio/status/2075955139345592325,217,0,4,0,0,0,4,0,0,0,0,0,0
2075952863419716064,"Sat, Jul 11, 2026","🇨🇴 Del 6 al 9 de julio de 2026, nuestra Oficina de Protección al Usuario (OPU) llegó hasta Córdoba para recorrer 10 empresas del departamento. Fueron cuatro días inolvidables donde conversamos con los trabajadores afiliados y derribamos mitos a través de nuestra estrategia de https://t.co/EPVGUeHVTu",https://x.com/Supersubsidio/status/2075952863419716064,216,1,4,0,0,0,2,0,0,1,0,0,0
2075612618094436563,"Fri, Jul 10, 2026","@karvanova09 @CGR_Colombia Buen día. Agradecemos tu comunicación con la Supersubsidio. Dado que tu caso requiere analizar la situación presentada con la Caja de Compensación @Comfatlantico, agradecemos redactes los hechos presentados de manera clara y cronológica, indicando lo ocurrido de forma detallada.",https://x.com/Supersubsidio/status/2075612618094436563,231,0,0,0,0,0,0,0,0,0,0,0,0
2075592045192966518,"Fri, Jul 10, 2026","¡La diversidad nos une y los derechos nos fortalecen! 🏳️‍🌈✨ Nuestra Oficina de Protección al Usuario (OPU) estuvo en Barranquilla con el encuentro ""Unidos por la Diversidad"", una estrategia junto a Caribe Afirmativo y las cajas de compensación del Atlántico donde logramos: 🔹 https://t.co/jHVWHLxXEM",https://x.com/Supersubsidio/status/2075592045192966518,302,2,19,0,0,0,2,1,0,3,0,0,0
2075272752731197467,"Thu, Jul 9, 2026","@astridvpulido3 @Compensar_info Buen día. Agradecemos tu comunicación con la Supersubsidio. Dado que tu caso requiere analizar la situación presentada con la Caja de Compensación @Compensar_info, agradecemos redactes los hechos presentados de manera clara y cronológica, indicando lo ocurrido de forma",https://x.com/Supersubsidio/status/2075272752731197467,233,0,0,0,0,0,0,0,0,0,0,0,0
2074971038505427157,"Wed, Jul 8, 2026","📢 ¡Tu voz cuenta! Conoce el Informe de Rendición de Cuentas 2022-2026 de la Superintendencia del Subsidio Familiar y participa en la Consulta Ciudadana. Revisa los logros, avances y resultados de nuestra gestión y envíanos tus comentarios hasta el 29 de julio de 2026 al correo https://t.co/ReRJccaojk",https://x.com/Supersubsidio/status/2074971038505427157,345,4,14,0,0,0,3,1,1,2,1,0,0
2074887622858584446,"Wed, Jul 8, 2026","📢 La Superintendencia del Subsidio Familiar ordenó la intervención administrativa total de Comfamiliar Atlántico (Resolución No. 0527 del 6 de julio de 2026), por un término de 12 meses. La medida busca proteger los recursos parafiscales del Sistema, fortalecer la gobernanza de https://t.co/nB2iSJ9ob9",https://x.com/Supersubsidio/status/2074887622858584446,810,3,42,0,2,0,2,2,3,9,0,0,0
2074880664638206345,"Wed, Jul 8, 2026","🛡️ ¡Supervisión con propósito en el Tolima! Estamos en Comfatolima verificando que los recursos de los trabajadores tolimenses se administren con transparencia y eficiencia. 🔍 Porque supervisar es proteger lo que es de todos: la niñez, la vivienda, el empleo y el bienestar de https://t.co/3aqCSsuiCt",https://x.com/Supersubsidio/status/2074880664638206345,324,3,16,0,0,0,1,0,1,1,0,0,0
2074522732214038619,"Tue, Jul 7, 2026","🇨🇴 Somos un gobierno de puertas abiertas. No hay nada que ocultar. Como lo ordena la ley y lo decidió el pueblo, el proceso de entrega del Gobierno continúa de cara al país: público, transparente y ante la ciudadanía. Este mandato termina el 6 de agosto a las 12:00 de la noche. https://t.co/HsV2EOp7Po",https://x.com/Supersubsidio/status/2074522732214038619,315,0,4,0,1,0,2,0,1,1,0,0,0
2072685478835322989,"Thu, Jul 2, 2026","🏳️‍🌈 Unidos por la Diversidad 🏳️‍🌈 Nos unimos a este encuentro cultural que promueve la inclusión, la protección social y el trabajo digno para la comunidad LGBTIQ+, en articulación con la Corporación Caribe Afirmativo. Porque nuestras diferencias nos enriquecen y nuestros derechos https://t.co/KykDXewC0z",https://x.com/Supersubsidio/status/2072685478835322989,464,5,15,0,0,0,4,2,0,2,0,0,0
2072324480228040892,"Wed, Jul 1, 2026","📝 Damos la bienvenida al Dr. Antonio Eresmid Sanguino Páez, quien asume como Superintendente del Subsidio Familiar (E). Le deseamos muchos éxitos en esta nueva responsabilidad y reiteramos nuestro compromiso de seguir trabajando, de manera articulada, por el fortalecimiento del https://t.co/QgoY36vpa5",https://x.com/Supersubsidio/status/2072324480228040892,1270,7,61,1,10,3,5,1,9,8,0,0,0
2071318886503633336,"Sun, Jun 28, 2026","¡Gracias, Superintendente Sandra Viviana Cadena Martínez! 💙✨ Hoy cerramos un capítulo imborrable en la historia de la Superintendencia del Subsidio Familiar. Hace 18 meses, el 30 de diciembre de 2024, la Dra. Sandra Viviana Cadena Martínez asumió el liderazgo de esta entidad https://t.co/ZXIywFIJzD",https://x.com/Supersubsidio/status/2071318886503633336,2617,26,73,0,13,0,4,8,10,25,0,0,0
2071304067104829725,"Sun, Jun 28, 2026","🌈 Todas las familias merecen igualdad de oportunidades, respeto y protección. En la Superintendencia del Subsidio Familiar trabajamos cada día para que así sea. #Supersubsidio #SupervisarEsCuidar #SubsidioFamiliar #DíaDelOrgullo #InclusiónLaboral https://t.co/4NgTmPjidH",https://x.com/Supersubsidio/status/2071304067104829725,391,5,12,0,0,0,1,2,0,0,0,1,0
2070642352067113120,"Fri, Jun 26, 2026","¡La innovación sigue transformando las regiones! 🚀✨ En Barranquilla,la Supersubsidio junto a cinco Cajas de Compensación Familiar y Fedecajas nos unimos en la II Asistencia Técnica Regional del Laboratorio SuperNova: dos días de Bootcamp, una Hackatón con grandes ideas y el https://t.co/r64Y2ljtmI",https://x.com/Supersubsidio/status/2070642352067113120,330,1,14,0,0,0,3,0,0,0,0,0,0
2070165322359800134,"Thu, Jun 25, 2026","📝 Para más información sobre el proceso de aplicación a este subsidio, consulta con tu caja de compensación familiar. https://t.co/Wv6Cj0nns0",https://x.com/Supersubsidio/status/2070165322359800134,90,1,5,0,0,0,2,1,0,0,0,0,0
2070165305834299433,"Thu, Jun 25, 2026",https://t.co/A4WV2BTkvs,https://x.com/Supersubsidio/status/2070165305834299433,131,4,11,1,0,0,2,2,0,0,0,0,0
2070165288843153429,"Thu, Jun 25, 2026","🏠 Si quieres acceder al subsidio familiar para construcción o mejoramiento de vivienda que otorgan las cajas de compensación, presta mucha atención a todo lo que necesitas saber. #SubsidioDeVivienda #SubsidioFamiliar #Supersubsidio #Subsidios https://t.co/GyDIXFiFSH",https://x.com/Supersubsidio/status/2070165288843153429,347,4,22,1,1,0,3,2,3,0,0,2,0
2069873596063965674,"Wed, Jun 24, 2026",📍 Santa Marta | Supersubsidio audita en terreno los proyectos de inversión en servicios recreativos y administrativos de CAJAMAG. 💰 Monto auditado: $36.726 millones aproximadamente. Verificamos que cada peso del sistema de subsidio familiar se administre con transparencia y https://t.co/ZYCn6C4Uty,https://x.com/Supersubsidio/status/2069873596063965674,288,2,12,0,0,0,3,0,1,1,0,0,0
2069187048884609059,"Mon, Jun 22, 2026","📋 Visita ordinaria a Comfenalco Antioquia. La Supersubsidio realiza una visita ordinaria a Comfenalco Antioquia para verificar el cumplimiento normativo, los controles internos y la correcta administración de los recursos del Sistema del Subsidio Familiar. Así seguimos https://t.co/MGDB3ogWpk",https://x.com/Supersubsidio/status/2069187048884609059,206,1,25,0,0,0,2,0,1,2,0,0,0
2068065846241415546,"Fri, Jun 19, 2026",Muchos confunden el Subsidio al Cesante con Subsidio al Desempleo. Aquí te explicamos la diferencia para que tengas claro este concepto. 📝 #SubsidioFamiliar #Supersubsidio #SupervisarEsCuidar #Subsidios https://t.co/1A2EJ6Hd0r,https://x.com/Supersubsidio/status/2068065846241415546,133,2,12,1,0,0,1,1,0,0,0,0,0
2067716583414214878,"Thu, Jun 18, 2026","🔍 Estamos en Nariño realizado labores de inspección, vigilancia y control en Comfamiliar Nariño, verificando que los recursos del Sistema del Subsidio Familiar lleguen con eficiencia y transparencia a los trabajadores y sus familias. #Supersubsidio #SupervisarEsCuidar https://t.co/VUKCvwkGdk",https://x.com/Supersubsidio/status/2067716583414214878,114,0,11,0,0,0,2,1,0,0,0,0,0
2067450399422833038,"Thu, Jun 18, 2026","@William_GuzmanS @Compensar_info Buen día. Agradecemos tu comunicación con la Supersubsidio. El valor de la cuota monetaria para 2026 fue definido mediante la Resolución 0091 del 30 de enero de 2026. No obstante, su aplicación no fue inmediata, dado que dicho acto administrativo estuvo sujeto a recursos antes",https://x.com/Supersubsidio/status/2067450399422833038,22,0,0,0,0,0,0,0,0,0,0,0,0
2067449707509494227,"Thu, Jun 18, 2026","@FranSerran @Compensar_info @ServiciodEmpleo @sicsuper Buen día. Agradecemos tu comunicación con la Supersubsidio. Nos complace conocer que la situación fue aclarada por la Agencia de Empleo Compensar y que el requisito pendiente, correspondiente a una postulación anterior, ya fue subsanado. Te recomendamos estar atento a los",https://x.com/Supersubsidio/status/2067449707509494227,17,0,0,0,0,0,0,0,0,0,0,0,0
2067328963899527172,"Wed, Jun 17, 2026",📍 ¡Trabajamos por el bienestar de las familias en el Putumayo! En la Supersubsidio continuamos con nuestra tarea en territorio. Realizamos una visita especial de inspección y vigilancia a Comfamiliar Putumayo con el fin de auditar de cerca los proyectos de inversión en https://t.co/KN0TITSj9K,https://x.com/Supersubsidio/status/2067328963899527172,125,2,9,0,0,0,2,0,0,0,0,0,0
2067028046675153271,"Tue, Jun 16, 2026",https://t.co/NQlW2pxrBq,https://x.com/Supersubsidio/status/2067028046675153271,150,2,7,1,0,0,2,1,0,1,0,0,0
2066987632282763684,"Tue, Jun 16, 2026","Si quieres acceder al Subsidio Familiar que otorgan las Cajas de Compensación Familiar en este 2026, presta mucha atención a todo lo que debes saber. 💵👨‍👩‍👧‍👦 #SubsidioFamiliar #Subsidios #Supersubsidio #SupervisarEsCuidar https://t.co/ocZ8OxgS3f",https://x.com/Supersubsidio/status/2066987632282763684,210,1,15,0,0,0,3,1,0,0,0,2,0
2066920391738552376,"Tue, Jun 16, 2026","@gusibecerra @Compensar_info Buen día. Agradecemos tu comunicación con la Supersubsidio. Dado que tu caso requiere analizar la situación presentada con la Caja de Compensación @Compensar_info, agradecemos redactes los hechos presentados de manera clara y cronológica, indicando lo ocurrido de forma detallada.",https://x.com/Supersubsidio/status/2066920391738552376,14,0,0,0,0,0,0,0,0,0,0,0,0
2066920092542099565,"Tue, Jun 16, 2026","@gusibecerra @Compensar_info @petrogustavo Buen día. Agradecemos tu comunicación con la Supersubsidio. Dado que tu caso requiere analizar la situación presentada con la Caja de Compensación @Compensar_info, agradecemos redactes los hechos presentados de manera clara y cronológica, indicando lo ocurrido de forma detallada.",https://x.com/Supersubsidio/status/2066920092542099565,12,0,0,0,0,0,0,0,0,0,0,0,0
2066919849905758341,"Tue, Jun 16, 2026","@gusibecerra @Compensar_info @petrogustavo Buen día. Agradecemos tu comunicación con la Supersubsidio. Dado que tu caso requiere analizar la situación presentada con la Caja de Compensación @Compensar_info, agradecemos redactes los hechos presentados de manera clara y cronológica, indicando lo ocurrido de forma detallada.",https://x.com/Supersubsidio/status/2066919849905758341,14,0,0,0,0,0,0,0,0,0,0,0,0
2066919523383488616,"Tue, Jun 16, 2026","@FranSerran Buen día. Agradecemos tu comunicación con la Supersubsidio. Para verificar el estado de tu PQRSF, por favor indícanos el correo electrónico desde el cual fue radicada o el número de radicado, si la solicitud se presentó a través de la Sede Electrónica. Te recomendamos estar",https://x.com/Supersubsidio/status/2066919523383488616,8,1,1,0,0,0,0,0,0,0,0,0,0
2066919292357013938,"Tue, Jun 16, 2026","@FranSerran @Compensar_info @ServiciodEmpleo @sicsuper Buen día. Agradecemos tu comunicación con la Supersubsidio. Con el fin de analizar tu caso, te invitamos a contarnos en detalle la situación presentada con la Caja de Compensación Familiar @Compensar_info Así mismo, te solicitamos enviar los documentos que consideres de",https://x.com/Supersubsidio/status/2066919292357013938,15,0,3,0,0,0,1,0,0,0,2,0,0
2066905422494052765,"Tue, Jun 16, 2026","🔧 Aviso importante | Mantenimiento programado. Nuestra sede electrónica estará temporalmente fuera de servicio desde el martes 16 de junio a las 4:00 p. m. hasta el miércoles 17 de junio a las 5:00 a. m., mientras realizamos mejoras técnicas para ofrecerte una plataforma más https://t.co/M49nX5S8b0",https://x.com/Supersubsidio/status/2066905422494052765,93,1,4,0,0,0,1,1,0,0,0,0,0
2066147081970942276,"Sun, Jun 14, 2026","👨‍👧‍👦 A los que madrugan, a los que llegan cansados y aún así dan todo, a los que enseñan con el ejemplo: ¡Feliz Día del Padre! Hoy les rendimos un homenaje especial a todos los papás de Colombia, esos que sostienen, cuidan y guían cada día con amor y dedicación. 💙 Desde la https://t.co/IDCVhKBg3F",https://x.com/Supersubsidio/status/2066147081970942276,799,8,15,0,1,0,3,3,1,0,0,0,0
2065975407589871965,"Sun, Jun 14, 2026","🌿 Del 10 al 12 de junio estuvimos en el Departamento del Chocó, llevando nuestra Estrategia de Educación Informal a trabajadores con discapacidad para que conozcan y ejerzan sus derechos como afiliados al Sistema del Subsidio Familiar. Porque supervisar también es llegar a https://t.co/ITo2VjTmw2",https://x.com/Supersubsidio/status/2065975407589871965,421,3,12,0,0,0,1,4,0,0,0,0,0
2065882019079360607,"Sat, Jun 13, 2026","¡Llegamos a Antioquia con un mensaje de inclusión y derechos! 🏳️‍🌈✨ Del 10 al 12 de junio de 2026, nuestra Oficina de Protección al Usuario lideró en Antioquia las Jornadas de Capacitación y Atención Focalizada para la población LGBTIQ+, en un esfuerzo articulado con Comfama y https://t.co/v8gp7zPRMR",https://x.com/Supersubsidio/status/2065882019079360607,127,5,14,0,0,0,1,0,0,0,0,0,0
2065803897252265998,"Sat, Jun 13, 2026","🌿 Risaralda, gracias por recibirnos. Del 6 al 9 de junio, nuestra Oficina de Protección al Usuario estuvo en el corazón del Eje Cafetero llevando educación informal a trabajadores rurales de 10 empresas del departamento. Porque cuando la información llega a quien la necesita, https://t.co/7lxP2eEtZD",https://x.com/Supersubsidio/status/2065803897252265998,101,4,8,0,1,0,1,0,0,2,0,1,0
2065602603371642941,"Sat, Jun 13, 2026","Desde Barranquilla, en el ENAFED 2026, reafirmamos que el Trabajo 4.0 no se trata de máquinas: se trata de personas. 🤝 Las Cajas de Compensación tienen un rol clave en esta transformación, y Supersubsidio acompaña ese camino con supervisión inteligente, basada en 4 pilares: https://t.co/QbK5wht0tH",https://x.com/Supersubsidio/status/2065602603371642941,90,1,6,0,0,0,1,0,0,1,0,0,0
2065515760391434272,"Fri, Jun 12, 2026","🔍 ¡En el Meta, la supervisión llega hasta donde las familias lo necesitan! Nuestros equipos están en terreno en Puerto López, verificando que cada peso destinado a las Cajas de Compensación Familiar se traduzca en bienestar real para la comunidad. ✅ Auditoría en ejecución al https://t.co/X826xEPLSq",https://x.com/Supersubsidio/status/2065515760391434272,76,2,3,0,0,0,1,0,0,0,0,0,0
2065420010814665034,"Fri, Jun 12, 2026","🔧 Aviso importante | Mantenimiento programado. Nuestra sede electrónica estará temporalmente fuera de servicio desde el viernes 12 de junio a las 4:00 p. m. hasta el sábado 13 de junio a las 4:00 p. m., mientras realizamos mejoras técnicas para ofrecerte una plataforma más https://t.co/d4VUAgiRO4",https://x.com/Supersubsidio/status/2065420010814665034,98,2,3,0,0,0,1,0,0,0,0,0,0
2065182660226322543,"Thu, Jun 11, 2026",¡Tu voz es clave para construir una gestión transparente! 🗣️✨ Te invitamos a ser parte activa de la Audiencia Pública de Rendición de Cuentas 2026-I de Supersubsidio. Queremos conocer de primera mano cuáles son los temas que más te interesan de nuestra gestión en este periodo. https://t.co/ls8WFA202a,https://x.com/Supersubsidio/status/2065182660226322543,93,3,7,0,0,0,1,0,1,1,0,0,0
2065095488412537276,"Thu, Jun 11, 2026","🏠 REQUISITOS PARA ACCEDER AL SUBSIDIO DE VIVIENDA FAMILIAR EN EL 2026. 💵 Si quieres acceder al subsidio de vivienda que otorgan las Cajas de Compensación familiar en este 2026, presta mucha atención a los requisitos que debes cumplir: 1. Estar afiliado a una Caja de https://t.co/jZAr3qfmQN",https://x.com/Supersubsidio/status/2065095488412537276,257,9,24,0,1,0,1,1,3,0,0,0,0
2064754025120325846,"Wed, Jun 10, 2026","¡Cuidamos los recursos que transforman vidas! 🇨🇴✨ En desarrollo de nuestras funciones de inspección y vigilancia, auditamos más de $53.000 millones en proyectos de inversión de la Caja de Compensación Familiar del Meta (COFREM). Nuestro objetivo es garantizar la correcta https://t.co/eGaPghHOQE",https://x.com/Supersubsidio/status/2064754025120325846,67,2,6,0,0,0,1,0,0,0,0,0,0
2064743890410676277,"Wed, Jun 10, 2026","La Superintendencia del Subsidio Familiar te invita a participar en las jornadas de la Estrategia de Educación Informal para la población LGBTIQ+. Conoce tus derechos, los beneficios del Sistema del Subsidio Familiar, los canales de atención y los mecanismos de participación https://t.co/hhSU3Sj9SC",https://x.com/Supersubsidio/status/2064743890410676277,53,1,5,0,0,0,2,0,2,0,0,0,0
2064502273904882099,"Wed, Jun 10, 2026","🔍 Visita Ordinaria de Inspección | COMFAGUAJIRA. Desde la Supersubsidio realizamos una visita de inspección a la Caja de Compensación Familiar de La Guajira - COMFAGUAJIRA, revisando su información financiera, operativa y social correspondiente a las vigencias 2025 y 2026. https://t.co/BHZgyhvfNp",https://x.com/Supersubsidio/status/2064502273904882099,73,2,13,0,0,0,1,0,0,1,0,0,0
2064366774334701986,"Tue, Jun 9, 2026","@gusibecerra @Compensar_info @Supersalud @CConstitucional Buen día. Agradecemos tu comunicación con la Supersubsidio. Dado que tu caso requiere analizar la situación presentada con la Caja de Compensación @Compensar_info, agradecemos redactes los hechos presentados de manera clara y cronológica, indicando lo ocurrido de forma",https://x.com/Supersubsidio/status/2064366774334701986,11,0,0,0,0,0,0,0,0,0,0,0,0
2062969689433616703,"Fri, Jun 5, 2026","@gusibecerra @Compensar_info @petrogustavo Buen día. Agradecemos tu comunicación con la Supersubsidio. Dado que tu caso requiere analizar la situación presentada con la Caja de Compensación @Compensar_info, agradecemos redactes los hechos presentados de manera clara y cronológica, indicando lo ocurrido de forma detallada.",https://x.com/Supersubsidio/status/2062969689433616703,59,2,5,0,0,0,2,0,1,0,0,0,0
2062969452166041971,"Fri, Jun 5, 2026","@ALEJORS88 @Compensar_info Buen día. Agradecemos tu comunicación con la Supersubsidio. Dado que tu caso requiere analizar la situación presentada con la Caja de Compensación @Compensar_info, agradecemos redactes los hechos presentados de manera clara y cronológica, indicando lo ocurrido de forma",https://x.com/Supersubsidio/status/2062969452166041971,11,0,0,0,0,0,0,0,0,0,0,0,0
2062969117431267683,"Fri, Jun 5, 2026","@gusibecerra @Compensar_info 4/4 Si deseas más información sobre el Sistema del Subsidio Familiar, puedes comunicarte a las líneas (601) 3487777 – (601) 3487800 o a la línea gratuita nacional 018000910110, o presentar tu PQRSF en la sede electrónica https://t.co/DFn7UQ4Ugo.",https://x.com/Supersubsidio/status/2062969117431267683,14,1,1,0,0,0,0,0,0,0,0,0,0
2062969048887861733,"Fri, Jun 5, 2026","@gusibecerra @Compensar_info 3/4 Así mismo, te solicitamos enviar los documentos que consideres de respaldo, junto con tus datos de identificación y contacto, al correo ssf@ssf.gov.co, con el fin de brindarte una respuesta conforme a los términos de ley.",https://x.com/Supersubsidio/status/2062969048887861733,22,2,2,0,0,0,0,0,0,0,0,0,0
2062968997889417634,"Fri, Jun 5, 2026","@gusibecerra @Compensar_info 2/4 Dado que tu caso requiere analizar la situación presentada con la Caja de Compensación @Compensar_info, agradecemos redactes los hechos presentados de manera clara y cronológica, indicando lo ocurrido de forma detallada.",https://x.com/Supersubsidio/status/2062968997889417634,9,0,0,0,0,0,0,0,0,0,0,0,0
2062968941140406346,"Fri, Jun 5, 2026",@gusibecerra @Compensar_info 1/4 Buen día. Agradecemos tu comunicación con la Supersubsidio.,https://x.com/Supersubsidio/status/2062968941140406346,8,0,0,0,0,0,0,0,0,0,0,0,0
2062968712798298338,"Fri, Jun 5, 2026","@oscar_aleon @Colsubsidio_Ofi 4/4 Si deseas más información sobre el Sistema del Subsidio Familiar, puedes comunicarte a las líneas (601) 3487777 – (601) 3487800 o a la línea gratuita nacional 018000910110, o presentar tu PQRSF en la sede electrónica https://t.co/DFn7UQ4Ugo.",https://x.com/Supersubsidio/status/2062968712798298338,13,0,0,0,0,0,0,0,0,0,0,0,0
2062968647853707532,"Fri, Jun 5, 2026","@oscar_aleon @Colsubsidio_Ofi 3/4 Así mismo, te solicitamos enviar los documentos que consideres de respaldo, junto con tus datos de identificación y contacto, al correo ssf@ssf.gov.co, con el fin de brindarte una respuesta conforme a los términos de ley.",https://x.com/Supersubsidio/status/2062968647853707532,46,0,0,0,0,0,0,0,0,0,0,0,0
2062968593772388506,"Fri, Jun 5, 2026","@oscar_aleon @Colsubsidio_Ofi 2/4 Dado que tu caso requiere analizar la situación presentada con la Caja de Compensación @Colsubsidio_Ofi, agradecemos redactes los hechos presentados de manera clara y cronológica, indicando lo ocurrido de forma detallada.",https://x.com/Supersubsidio/status/2062968593772388506,13,0,0,0,0,0,0,0,0,0,0,0,0
2062968533844148678,"Fri, Jun 5, 2026",@oscar_aleon @Colsubsidio_Ofi 1/4 Buen día. Agradecemos tu comunicación con la Supersubsidio.,https://x.com/Supersubsidio/status/2062968533844148678,13,0,1,0,0,0,0,0,0,1,0,0,0
2062909828574376326,"Fri, Jun 5, 2026","✊ Si todos nos comprometemos, los beneficios son reales: salvamos millones de litros de agua para regiones con escasez, reducimos la huella de carbono y evitamos el colapso de nuestros rellenos sanitarios. En el Día Mundial del Medio Ambiente, desde la Superintendencia del https://t.co/3GehLGfdgX",https://x.com/Supersubsidio/status/2062909828574376326,86,3,4,0,0,0,1,0,0,0,0,0,0
2062671789449232836,"Thu, Jun 4, 2026","🌈 En el Mes del Orgullo LGBTI, la Superintendencia del Subsidio Familiar reafirma su compromiso con la diversidad, la equidad y la inclusión laboral. Porque en Bogotá —y en todo Colombia— el bienestar es para todas las personas, sin distinción. ¡Seguimos construyendo un https://t.co/rJzBfYZPmf",https://x.com/Supersubsidio/status/2062671789449232836,83,3,7,0,0,0,2,0,0,0,0,0,0
2062314168959549937,"Wed, Jun 3, 2026","🔍 ¡Supervisión al servicio de las familias colombianas en Barranquilla! Nuestra visita de inspección y vigilancia a Cajacopi verificó el estado de operaciones de esta Caja de Compensación: más de 64.000 trabajadores afiliados, $112.657 millones en aportes parafiscales y miles https://t.co/l3ohfxBigE",https://x.com/Supersubsidio/status/2062314168959549937,139,3,14,0,0,0,2,0,0,2,0,0,0
2061849593680187608,"Tue, Jun 2, 2026",https://t.co/cxMxYC6xtU,https://x.com/Supersubsidio/status/2061849593680187608,27,1,2,0,0,0,1,0,0,0,0,0,0
2061849578106720489,"Tue, Jun 2, 2026",https://t.co/3LKpTLK5Ft,https://x.com/Supersubsidio/status/2061849578106720489,101,1,5,0,0,0,2,0,0,0,0,0,0
2061849544527151447,"Tue, Jun 2, 2026",https://t.co/9SkJo9IYNt,https://x.com/Supersubsidio/status/2061849544527151447,140,0,3,0,0,0,1,0,0,0,0,0,0
2061849529205350766,"Tue, Jun 2, 2026",Conoce y aprovecha los beneficios a los que tienes derecho como trabajador afiliado al Sistema del Subsidio Familiar. 🏠💵 #SubsidioFamiliar #CajasDeCompensación #Subsidios #Supersubsidio #SupervisarEsCuidar https://t.co/HT9uaBz1Ci,https://x.com/Supersubsidio/status/2061849529205350766,212,3,9,0,0,0,2,0,0,0,0,0,0
2060529319055679668,"Sat, May 30, 2026","¡Gracias Barranquilla por permitirnos crecer juntos! 🇨🇴✨ Del 25 al 28 de mayo, nuestra Oficina de Protección al Usuario (OPU) trasladó su Estrategia de Educación Informal a Barranquilla. De la mano de Cajacopi, Comfamiliar Atlántico y Combarranquilla, visitamos 9 empresas y https://t.co/Aajx986lYa",https://x.com/Supersubsidio/status/2060529319055679668,88,2,4,0,0,0,2,0,0,0,0,0,0
2060482543443734746,"Fri, May 29, 2026",🔍 ¡Trabajamos en territorio por el bienestar y la transparencia! Realizamos una visita de inspección a COMFACUNDI para verificar de primera mano el cumplimiento normativo y asegurar que los servicios se presten con la calidad que los afiliados merecen. Nuestro propósito https://t.co/BtgelUyPHL,https://x.com/Supersubsidio/status/2060482543443734746,78,3,13,0,0,0,2,0,0,3,0,0,0
2060041921309876519,"Thu, May 28, 2026","Una vez recibamos tu solicitud, en un plazo máximo de tres (3) días hábiles te enviaremos la confirmación de inscripción y el paso a paso para acceder a los contenidos. #SubsidioFamiliar #Supersubsidio #SupervisarEsCuidar #CursosGratis https://t.co/Ho8SsTMWkO",https://x.com/Supersubsidio/status/2060041921309876519,121,1,4,0,0,0,1,0,0,0,0,0,0
2060041906780790925,"Thu, May 28, 2026",https://t.co/yBhvJaRKWF,https://x.com/Supersubsidio/status/2060041906780790925,174,1,9,0,0,0,2,0,0,1,0,0,0
2060041887981900287,"Thu, May 28, 2026","💻 Para inscribirte en los cursos debes enviar un correo electrónico a ssf@ssf.gov.co con el asunto ‘Inscripción cursos SSF’, incluyendo tu nombre completo, número de cédula y correo electrónico. https://t.co/7HZQji132q",https://x.com/Supersubsidio/status/2060041887981900287,214,1,5,0,1,0,2,0,1,0,0,0,0
2059730132953190512,"Wed, May 27, 2026","¡Garantizando el rigor técnico en las regiones! 🇨🇴✨ Desde la Supersubsidio, a través de la Delegada para Estudios Especiales y Evaluación de Proyectos, adelantamos una jornada de supervisión en el Parque Consotá de la Caja de Compensación Familiar de Risaralda. Actualmente nos https://t.co/W3JMJJK7VV",https://x.com/Supersubsidio/status/2059730132953190512,107,4,22,0,0,0,1,1,0,5,0,0,0
2059308797928046619,"Tue, May 26, 2026","@agentecobo @HelgaMaRivasAr @Minvivienda @sicsuper 4/4 Si deseas obtener más información, puedes comunicarte a través de nuestros canales de atención disponibles en el siguiente enlace: https://t.co/bLnm9QgBJU",https://x.com/Supersubsidio/status/2059308797928046619,28,1,11,0,1,0,0,0,0,8,2,0,0
2059308713865797983,"Tue, May 26, 2026","@agentecobo @HelgaMaRivasAr @Minvivienda @sicsuper 3/4 Por lo anterior, le sugerimos respetuosamente verificar su situación directamente con la constructora y, de ser necesario, acudir a la Superintendencia de Industria y Comercio, entidad competente en materia de protección al consumidor y vigilancia sobre las relaciones",https://x.com/Supersubsidio/status/2059308713865797983,16,1,1,0,0,0,0,0,0,0,0,0,0
2059308638741659889,"Tue, May 26, 2026","@agentecobo @HelgaMaRivasAr @Minvivienda @sicsuper 2/4 Nuestra función se limita a ejercer inspección, vigilancia y control sobre las Cajas de Compensación Familiar, así como a impartir instrucciones para el adecuado cumplimiento de las normas que regulan el Sistema del Subsidio Familiar.",https://x.com/Supersubsidio/status/2059308638741659889,48,1,1,0,0,0,0,0,0,0,0,0,0
2059308437234717070,"Tue, May 26, 2026","@agentecobo @HelgaMaRivasAr @Minvivienda @sicsuper 1/4 Buen día. Agradecemos tu comunicación con la Supersubsidio. En ese sentido, la Superintendencia del Subsidio Familiar no tiene competencia para pronunciarse sobre la interpretación, modificación o cumplimiento de acuerdos contractuales celebrados entre particulares.",https://x.com/Supersubsidio/status/2059308437234717070,20,0,0,0,0,0,0,0,0,0,0,0,0
2059056415528902658,"Mon, May 25, 2026",Así ejercemos nuestra labor de inspección y vigilancia desde Risaralda: auditando que los recursos del sistema de subsidio familiar lleguen a quienes más los necesitan. 🔍💼 #Supersubsidio #SupervisarEsCuidar #Risaralda #SubsidioFamiliar https://t.co/UEEWztZGxp,https://x.com/Supersubsidio/status/2059056415528902658,118,1,19,0,1,0,1,0,0,3,0,0,0
2058996028712571256,"Mon, May 25, 2026","🛡️ ¡Seguimos comprometidos con una gestión responsable y al servicio de la ciudadanía! Durante la visita ordinaria a la Caja de Compensación Familiar COMCAJA, se fortalece el seguimiento y acompañamiento, validando: ✅ El cumplimiento normativo. ✅ La calidad de los servicios. https://t.co/PnItgGDpPV",https://x.com/Supersubsidio/status/2058996028712571256,127,0,14,0,0,0,1,1,1,4,0,0,0
2058936242088141096,"Mon, May 25, 2026",https://t.co/MvHmoUYEa8,https://x.com/Supersubsidio/status/2058936242088141096,36,0,3,0,0,0,0,0,0,0,0,0,0
2058936222924329366,"Mon, May 25, 2026",https://t.co/vJLJulX904,https://x.com/Supersubsidio/status/2058936222924329366,65,0,6,0,0,0,1,0,1,0,0,0,0
2058936182583505184,"Mon, May 25, 2026","🛡️ A diferencia del concepto general de desempleo, este mecanismo se enfoca específicamente en el cesante (alguien que tenía un trabajo formal y lo perdió), buscando garantizar su seguridad social, brindarle un alivio financiero y facilitar su reincorporación al mercado laboral. https://t.co/SC7t1tLBOq",https://x.com/Supersubsidio/status/2058936182583505184,57,0,3,0,0,0,1,0,0,0,0,0,0
2058936157090508883,"Mon, May 25, 2026","📝 El Mecanismo de Protección al Cesante es una política del Gobierno Nacional de Colombia, administrada por las Cajas de Compensación Familiar, diseñada para amparar a las personas que han perdido su empleo. #SubsidioFamiliar #Supersubsidio #SupervisarEsCuidar #Subsidios https://t.co/lOpJAyjx9x",https://x.com/Supersubsidio/status/2058936157090508883,150,4,9,0,0,0,1,2,1,1,0,0,0
2058310216614051985,"Sat, May 23, 2026","🤝 ¡Supersubsidio presente en el Huila! Nuestra Oficina de Protección al Usuario participó en el conversatorio ""Perspectivas del Subsidio Familiar"", escuchando de primera mano las inquietudes y necesidades de los trabajadores huilenses. Porque nuestro compromiso es garantizar https://t.co/Rvxyl6Qq1U",https://x.com/Supersubsidio/status/2058310216614051985,98,1,1,0,0,0,0,0,0,0,0,0,0
2058260856312578359,"Sat, May 23, 2026","🎙️ ""Cuando se gestiona con eficiencia, transparencia y vocación de servicio, ocurren cosas como esta. No una, sino dos inauguraciones en el mismo día. Dos comunidades que hoy tienen más que ayer. Cientos de familias que esta noche se van a dormir con algo que no tenían esta https://t.co/bTXibrQ0GS",https://x.com/Supersubsidio/status/2058260856312578359,148,2,5,0,1,0,0,0,0,3,0,0,0
2058018041410003269,"Sat, May 23, 2026","🇨🇴 Nuestra Superintendente, Sandra Viviana Cadena Martínez, llegó a Restrepo, Meta, para verificar la inauguración de la nueva sede del Colegio Cofrem Restrepo, un edificio de 3.900 m² construidos, diseñado para el futuro de la juventud en el Meta. 📝 Esta infraestructura de 5 https://t.co/2Mfz5tOk7T",https://x.com/Supersubsidio/status/2058018041410003269,865,10,94,0,0,0,1,4,4,2,0,0,0
2057935137837601161,"Fri, May 22, 2026","¡Llegamos a Cartagena con los Laboratorios de Simplicidad! 🇨🇴✨ ​A través de nuestra Oficina de Protección al Usuario, visitamos Comfenalco y Comfamiliar Cartagena y Bolívar. ¿El objetivo? Trabajar de la mano con los afiliados para que la información sobre subsidios, servicios y https://t.co/QptXjDXXpC",https://x.com/Supersubsidio/status/2057935137837601161,139,3,12,0,0,0,0,0,0,0,0,0,0
2057925973081768204,"Fri, May 22, 2026","📍 ¡La Supersubsidio en Montería! Durante tres días, nuestra Oficina de Protección al Usuario lideró el COMTAC junto a las Cajas de Compensación Familiar, trabajando por un sistema más humano, eficiente y centrado en el ciudadano. 🤝 Porque proteger a los afiliados no es solo https://t.co/AQLbU060Lb",https://x.com/Supersubsidio/status/2057925973081768204,171,2,11,0,0,0,1,0,0,0,0,0,0
2057924570191941938,"Fri, May 22, 2026","🇨🇴 Nuestra Superintendente, Sandra Viviana Cadena Martínez, llegó a Puerto López, Meta, para verificar la inauguración de la nueva sede del Colegio Cofrem. 📝 Esta infraestructura escolar de 2.969 m² con diseño modular de vanguardia ofrece espacios dignos y de calidad para el https://t.co/numUOYQaNZ",https://x.com/Supersubsidio/status/2057924570191941938,755,9,63,0,0,0,0,2,1,2,0,0,0
2056929634365608157,"Wed, May 20, 2026",🔍 Visita técnica integral en Comfamiliar de Nariño. Nuestra Delegada para Estudios Especiales y Evaluación de Proyectos realizó una auditoría por cerca de $22.664 millones invertidos en servicios de recreación y administración — porque cada peso del Sistema del Subsidio https://t.co/kfqVuR9Y0S,https://x.com/Supersubsidio/status/2056929634365608157,158,1,11,0,0,0,1,0,1,2,0,0,0
2056879021288284421,"Tue, May 19, 2026","@pimenteljz 3/3 Si deseas más información, puedes comunicarte a través de nuestros canales de atención: https://t.co/bLnm9QgBJU",https://x.com/Supersubsidio/status/2056879021288284421,11,0,0,0,0,0,0,0,0,0,0,0,0
2056877484881105005,"Tue, May 19, 2026","@pimenteljz 2/3 Asimismo, si requieres que revisemos tu caso específico, puedes remitirnos el detalle de la situación junto con los documentos pertinentes al correo ssf@ssf.gov.co.",https://x.com/Supersubsidio/status/2056877484881105005,12,0,0,0,0,0,0,0,0,0,0,0,0
2056877401800385022,"Tue, May 19, 2026","@pimenteljz 1/3 Buen día. Agradecemos tu comunicación con la Supersubsidio. Con el fin de brindarte una orientación adecuada, te invitamos a ampliar tu comentario indicando a qué modalidad de subsidio te refieres.",https://x.com/Supersubsidio/status/2056877401800385022,13,0,0,0,0,0,0,0,0,0,0,0,0
2056812234567757999,"Tue, May 19, 2026","@RicardoTsuchiya 4/4 Si deseas más información, puedes comunicarte a través de nuestros canales de atención: https://t.co/bLnm9QgBJU",https://x.com/Supersubsidio/status/2056812234567757999,10,0,7,0,0,0,0,0,0,2,5,0,0
2056812066749517976,"Tue, May 19, 2026","@RicardoTsuchiya 3/4 Te recomendamos comunicarte directamente con tu Caja de Compensación Familiar para conocer fechas de postulación, requisitos específicos y disponibilidad de recursos.",https://x.com/Supersubsidio/status/2056812066749517976,9,0,0,0,0,0,0,0,0,0,0,0,0
2056811923014828312,"Tue, May 19, 2026","@RicardoTsuchiya 2/4 En ese sentido, si el predio se encuentra a nombre de varias personas, podría ser viable siempre que hagan parte del grupo familiar del afiliado postulante y se cumplan los demás requisitos establecidos por la Caja de Compensación Familiar correspondiente.",https://x.com/Supersubsidio/status/2056811923014828312,8,0,0,0,0,0,0,0,0,0,0,0,0
2056811488912744578,"Tue, May 19, 2026","@RicardoTsuchiya 1/4 Buen día. Agradecemos tu comunicación con la Supersubsidio. Para acceder al subsidio de vivienda otorgado por las Cajas de Compensación Familiar, uno de los requisitos es que el predio se encuentre a nombre del afiliado o de algún integrante del grupo familiar postulante.",https://x.com/Supersubsidio/status/2056811488912744578,22,0,0,0,0,0,0,0,0,0,0,0,0
2056774971263750561,"Tue, May 19, 2026","@paspur @Cajacopi 4/4 Para ampliar esta información o recibir atención personalizada, te invitamos a consultar nuestros canales de atención: https://t.co/bLnm9QgBJU",https://x.com/Supersubsidio/status/2056774971263750561,14,0,0,0,0,0,0,0,0,0,0,0,0
2056774890720514547,"Tue, May 19, 2026","@paspur @Cajacopi 3/4 Si deseas que desde la Supersubsidio revisemos tu situación en particular, puedes remitirnos el detalle de tu caso junto con los documentos que consideres pertinentes al correo ssf@ssf.gov.co.",https://x.com/Supersubsidio/status/2056774890720514547,15,1,1,0,0,0,0,0,0,0,0,0,0
2056774817005650209,"Tue, May 19, 2026","@paspur @Cajacopi 2/4 Por esta razón, puede ocurrir que en algunos periodos no se abran convocatorias para determinadas modalidades del subsidio, debido a la disponibilidad presupuestal de cada Caja de Compensación Familiar.",https://x.com/Supersubsidio/status/2056774817005650209,14,1,1,0,0,0,0,0,0,0,0,0,0
2056774735229329608,"Tue, May 19, 2026","@paspur @Cajacopi 1/4 Buen día. Agradecemos tu comunicación con la Supersubsidio.Queremos contarte que todas las Cajas de Compensación Familiar pueden otorgar subsidios familiares de vivienda. Sin embargo, su asignación está sujeta tanto a la disponibilidad de recursos de cada Caja como al",https://x.com/Supersubsidio/status/2056774735229329608,20,1,1,0,0,0,0,0,0,0,0,0,0
2056772170894757991,"Tue, May 19, 2026","📝 Si cumples con los requisitos mencionados, acércate a tu caja de compensación familiar para solicitar información sobre el proceso de aplicación y presta mucha atención a las instrucciones para aplicar de forma correcta. https://t.co/MhHSu7M71p",https://x.com/Supersubsidio/status/2056772170894757991,140,2,15,0,0,0,1,1,0,0,0,0,0
2056772146660028674,"Tue, May 19, 2026",https://t.co/Y9LPhEGld2,https://x.com/Supersubsidio/status/2056772146660028674,166,4,56,1,1,0,2,0,0,0,0,0,0
2056772109192360235,"Tue, May 19, 2026",https://t.co/Rfw0rs1MDd,https://x.com/Supersubsidio/status/2056772109192360235,140,1,98,0,0,0,1,0,0,0,0,0,0
2056772092536729815,"Tue, May 19, 2026","🏠 Si quieres acceder al subsidio de vivienda que otorgan las Cajas de Compensación familiar en este 2026, presta mucha atención a los requisitos que debes cumplir. 🧵 #SubsidioDeVivienda #SubsidioFamiliar #Subsidios #Supersubsidio #SubsidioVivienda https://t.co/Wk5upqPpyp",https://x.com/Supersubsidio/status/2056772092536729815,3224,39,229,25,16,9,2,21,18,17,0,6,0
2055097307654242813,"Fri, May 15, 2026","¡El Chocó es territorio de vida y transformación! 🇨🇴✨ La Superintendente Sandra Viviana Cadena Martínez visitó COMFACHOCÓ para conocer de cerca el trabajo que esta Caja de Compensación realiza cada día por las familias chocoanas: niños en sus primeros años de vida, estudiantes https://t.co/SvizhUcn3V",https://x.com/Supersubsidio/status/2055097307654242813,139,7,12,0,0,0,1,1,1,1,0,1,0
2055047525191544840,"Thu, May 14, 2026","Seguimos en territorio, conociendo de cerca los retos y oportunidades de nuestra gente. 📍 Hoy desde Nuquí, Chocó, recorremos las Cabañas Oquendo de Comfachocó. Un espacio de turismo social diseñado para que las familias colombianas disfruten de un descanso digno frente al https://t.co/r2isNIXru3",https://x.com/Supersubsidio/status/2055047525191544840,595,13,21,0,0,0,2,2,1,3,0,0,0
2055016661527273910,"Thu, May 14, 2026","🌊 ¡Llegamos al paraíso de Nuquí! 📍 En este segundo día de nuestra jornada por el Chocó, la Superintendente aterrizó en este rincón del Pacífico para verificar de primera mano la ampliación del Centro Vacacional Oquendo. 🏠✨ Sabemos que el turismo social es clave para https://t.co/YQTNQSYbjC",https://x.com/Supersubsidio/status/2055016661527273910,494,10,29,0,0,0,1,4,1,2,0,0,0
2054684917330481535,"Wed, May 13, 2026",Porque la supervisión no es solo revisión de cifras — es compromiso con cada rincón del país y cuidar los recursos que pertenecen a las familias trabajadoras de Colombia. 🇨🇴 #Supersubsidio #SupervisarEsCuidar #SubsidioFamiliar #Chocó https://t.co/oSxwFFuGYv,https://x.com/Supersubsidio/status/2054684917330481535,53,1,3,0,0,0,0,0,0,0,0,0,0
2054684863907741949,"Wed, May 13, 2026","La Superintendente Sandra Viviana Cadena Martínez visitó COMFACHOCÓ para verificar de primera mano los servicios que transforman vidas en la región: educación de calidad, atención a la niñez, recreación y protección social para los trabajadores y sus familias. https://t.co/rJKlvf1fIv",https://x.com/Supersubsidio/status/2054684863907741949,107,2,8,0,0,0,1,0,1,0,0,0,0
2054684781418307916,"Wed, May 13, 2026",¡Presencia y compromiso en el Chocó! 🐋 https://t.co/21AbpYJmfx,https://x.com/Supersubsidio/status/2054684781418307916,484,8,29,0,0,0,2,4,2,3,0,0,0
2054300662163550243,"Tue, May 12, 2026","🔍 ¡Supersubsidio presente en Antioquia! A través de nuestra Delegada para Estudios Especiales y Evaluación de Proyectos, realizamos una visita especial a Comfenalco Antioquia para auditar proyectos de inversión por un valor cercano a los $44.892.098.035, destinados a servicios https://t.co/YGRryrrALm",https://x.com/Supersubsidio/status/2054300662163550243,747,11,34,0,0,0,1,5,1,1,0,0,0
2054267466587742706,"Tue, May 12, 2026","🔍 Hoy, la Superintendente del Subsidio Familiar, Sandra Viviana Cadena Martínez, visitó en Bogotá la sede central de la Caja de Compensación Familiar Campesina – COMCAJA, para verificar el cumplimiento normativo, administrativo y financiero de la entidad en los cuatro https://t.co/mv0cxZ25vk",https://x.com/Supersubsidio/status/2054267466587742706,451,7,46,0,0,0,2,4,1,5,0,0,0
2053998025874255918,"Tue, May 12, 2026","Llegamos a Sucre para empoderar a más de 80 personas con discapacidad sobre sus derechos. No solo llevamos información, entregamos herramientas reales: kits en Braille, Lengua de Señas y material didáctico. 3 días, 8 jornadas y una misión clara: ser una entidad más humana y https://t.co/Nw6btH2laR",https://x.com/Supersubsidio/status/2053998025874255918,97,3,8,0,0,0,1,3,0,1,0,0,0
2053982277625901341,"Mon, May 11, 2026","🔍 Supersubsidio en Arauca | Visita Ordinaria de Inspección, Vigilancia y Control a COMFIAR. En cumplimiento de nuestras funciones legales, iniciamos la verificación integral de la Caja de Compensación Familiar de Arauca, mediante la Resolución 0329 de 2026. Porque la https://t.co/kfE4irOjEg",https://x.com/Supersubsidio/status/2053982277625901341,102,3,9,0,0,0,0,0,0,0,0,0,0
2053955114935689467,"Mon, May 11, 2026","📍 ¡Estamos en el territorio! Supersubsidio llega al Atlántico ​Del 11 al 15 de mayo, nuestro equipo se encuentra en el departamento del Atlántico realizando una visita de seguimiento integral a Comfamiliar Atlántico. 🔎✨ ​¿El objetivo? Asegurarnos de que cada peso del https://t.co/qy8SMpyfrJ",https://x.com/Supersubsidio/status/2053955114935689467,815,15,41,0,0,1,1,3,1,2,0,0,0
2053470768256708883,"Sun, May 10, 2026","El corazón de una familia late con la fuerza de mamá. ❤️ Hoy desde la Supersubsidio celebramos a esas mujeres que hacen magia con amor y esfuerzo. En especial, a todas las mamás que forman parte del Sistema del Subsidio Familiar; su entrega diaria es la que le da sentido a https://t.co/gb6kWND15k",https://x.com/Supersubsidio/status/2053470768256708883,594,12,23,0,0,0,1,7,1,2,0,0,0
2053149632243327088,"Sat, May 9, 2026","📍 Llegamos al sector rural de Santander con un propósito claro: que la información llegue donde más se necesita. 📝 Seguimos recorriendo el territorio nacional para que todos los trabajadores colombianos conozcan y aprovechen sus derechos. Gracias, Santander, por abrirnos las https://t.co/LQHEmkXAGB",https://x.com/Supersubsidio/status/2053149632243327088,111,2,8,0,0,0,2,0,0,4,0,0,0
2052861560062882196,"Fri, May 8, 2026","🧱 Innovar es construir juntos. La Supersubsidio lideró la primera asistencia técnica regional presencial con las nueve Cajas de Compensación Familiar de la Región Centro. Usamos metodologías como LEGO Serious Play para construir soluciones eficientes, sostenibles y centradas en https://t.co/eDm01dRmkF",https://x.com/Supersubsidio/status/2052861560062882196,113,2,19,0,0,0,2,0,0,0,0,0,0
2052553852168163600,"Fri, May 8, 2026","📝 Supersubsidio en la Junta Directiva de Fedecajas. 🇨🇴 En el Caribe colombiano, nuestra Superintendente participó junto a Mintrabajo, directivos de las Cajas y líderes del sistema en un espacio de diálogo y construcción colectiva. En la agenda: el Proyecto de Ley, #ENAFED2026, https://t.co/GSL8QX7KrG",https://x.com/Supersubsidio/status/2052553852168163600,149,4,36,0,0,0,3,0,0,3,0,0,0
2052533882944196832,"Thu, May 7, 2026","🎙️ Palabras de nuestra superintendente, Sandra Viviana Cadena Martínez, en el marco de la Junta Directiva ordinaria de Fedecajas, sobre la importancia de la actualización normativa del Sistema del Subsidio Familiar. 🇨🇴 Seguimos trabajando por un sistema más eficiente que https://t.co/79V1xss1Fd",https://x.com/Supersubsidio/status/2052533882944196832,1168,11,20,1,1,0,3,4,2,0,0,0,0
2052218683372511743,"Thu, May 7, 2026","🇨🇴 En nuestra visita ordinaria a Comfachoco, instalamos una jornada de trabajo técnica para verificar la gestión corporativa, brindar acompañamiento especializado y evaluar directamente sus procesos internos. Porque la supervisión efectiva no se hace desde el escritorio — se https://t.co/r5LELuG5qh",https://x.com/Supersubsidio/status/2052218683372511743,518,8,21,0,0,0,1,4,1,1,0,0,0
2051722957848822057,"Tue, May 5, 2026","🏠 Si quieres acceder al subsidio familiar para construcción o mejoramiento de vivienda que otorgan las cajas de compensación, presta mucha atención a todo lo que necesitas saber. 📝 Para más información sobre el proceso de aplicación a este subsidio, consulta con tu caja de https://t.co/BpsRtAtosj",https://x.com/Supersubsidio/status/2051722957848822057,42203,565,1255,360,413,89,10,199,142,213,0,27,0
2051412742091780182,"Mon, May 4, 2026","¡Estamos en Casanare! 🌿🤝 Damos inicio a la visita ordinaria de inspección, vigilancia y control a la Caja de Compensación Familiar de Casanare – COMFACASANARE, en cumplimiento de la Resolución No. 315 de 2026. 🔎 Supervisamos para proteger. Controlamos para garantizar. https://t.co/VRlLuf6p8q",https://x.com/Supersubsidio/status/2051412742091780182,310,5,19,0,0,0,1,0,1,1,0,0,0
2051326212841091309,"Mon, May 4, 2026","@FurcasMastema @MinSaludCol 3/3 Para ampliar esta información o recibir atención personalizada, te invitamos a consultar nuestros canales de atención: https://t.co/bLnm9QgBJU",https://x.com/Supersubsidio/status/2051326212841091309,8,0,0,0,0,0,0,0,0,0,0,0,0
2051324544795705361,"Mon, May 4, 2026",@FurcasMastema @MinSaludCol 2/3 La información será suministrada de acuerdo con los términos legales establecidos para la respuesta a solicitudes de información.,https://x.com/Supersubsidio/status/2051324544795705361,7,0,0,0,0,0,0,0,0,0,0,0,0
2051324437526434088,"Mon, May 4, 2026","@FurcasMastema @MinSaludCol 1/ 3 Buen día. Agradecemos tu comunicación con la Supersubsidio. Para la verificación del historial de afiliación a Cajas de Compensación Familiar, es necesario realizar la solicitud formal enviando copia de la cédula de ciudadanía al correo ssf@ssf.gov.co.",https://x.com/Supersubsidio/status/2051324437526434088,17,0,0,0,0,0,0,0,0,0,0,0,0
2051323898902335983,"Mon, May 4, 2026","@Coordinatedfire 4/4 Para ampliar esta información o recibir atención personalizada, te invitamos a consultar nuestros canales de atención: https://t.co/bLnm9QgBJU",https://x.com/Supersubsidio/status/2051323898902335983,8,0,0,0,0,0,0,0,0,0,0,0,0
2051323592915263569,"Mon, May 4, 2026","@Coordinatedfire 3/4 Te recomendamos consultar directamente con tu Caja de Compensación para conocer la fecha en la que se verá reflejado el ajuste en tu caso. Si deseas que desde la Supersubsidio revisemos tu situación en particular, puedes remitirnos el detalle de tu caso al correo",https://x.com/Supersubsidio/status/2051323592915263569,11,0,0,0,0,0,0,0,0,0,0,0,0
2051323504046248312,"Mon, May 4, 2026","@Coordinatedfire 2/4 Una vez finalizado este proceso, la Superintendencia del Subsidio Familiar notificó a las Cajas de Compensación Familiar, en el mes de marzo, sobre la aplicación del nuevo valor y el pago del retroactivo correspondiente, conforme al cronograma que establezca cada Caja.",https://x.com/Supersubsidio/status/2051323504046248312,18,0,0,0,0,0,0,0,0,0,0,0,0
2051323408281997362,"Mon, May 4, 2026","@Coordinatedfire 1/4 Buen día. Agradecemos tu comunicación con la Supersubsidio. El valor de la cuota monetaria para 2026 fue definido mediante la Resolución 0091 del 30 de enero de 2026; sin embargo, su aplicación no fue inmediata debido a que el acto administrativo estuvo sujeto a recursos",https://x.com/Supersubsidio/status/2051323408281997362,16,0,0,0,0,0,0,0,0,0,0,0,0
2050267888418697507,"Fri, May 1, 2026","🇨🇴 Antes se recortaban derechos. Hoy se garantizan. Pasamos de salarios que no alcanzaban para vivir y una alta informalidad, a más ingresos y mayor protección laboral. El trabajo volvió a ser digno y lo logrado no se negocia, se defiende. #NiUnDerechoAtrás https://t.co/IVueXAAh2S",https://x.com/Supersubsidio/status/2050267888418697507,673,16,40,0,0,0,4,14,0,2,0,0,0
2050202961163190750,"Fri, May 1, 2026","Detrás de cada servicio que no se detiene y de cada meta alcanzada, hay un trabajador entregando lo mejor de sí. Hoy celebramos a quienes madrugan, a quienes no paran y a quienes, con su esfuerzo diario, construyen el bienestar de todo un país. En la SuperSubsidio, nuestra labor https://t.co/L7JiAjTXxe",https://x.com/Supersubsidio/status/2050202961163190750,449,12,21,0,0,0,1,5,2,1,0,0,0
2049964664423887188,"Thu, Apr 30, 2026","#NiUnDerechoAtrás| Nos vemos en las plazas del país. Marchamos por el derecho a la vida, por una vejez tranquila y por un salario digno. Medellín nos convoca. 12:30 p. m. – Av. San Juan, a la altura de La Alpujarra. #1MALasPlazas https://t.co/uBaSfDeOBR",https://x.com/Supersubsidio/status/2049964664423887188,168,2,6,0,2,0,1,1,0,1,0,0,0
2049930785034023288,"Thu, Apr 30, 2026","🇨🇴 Palabras de nuestra superintendente, Sandra Viviana Cadena Martínez, en el marco de la implementación de la reforma laboral en la caja de compensación familiar Comfaca: 🎙️ ""Hoy no estamos aquí para cumplir un simple trámite administrativo. Estamos aquí en representación de https://t.co/RknDRU2LoB",https://x.com/Supersubsidio/status/2049930785034023288,656,10,29,0,0,0,2,5,0,2,0,0,0
2049687378755764734,"Thu, Apr 30, 2026","¡Y así nos fue en Caquetá! 📍🌿 Cumplimos una jornada de vigilancia en Comfaca, verificando de primera mano que los servicios y recursos para los trabajadores se estén ejecutando correctamente. ¡Presencia total en el territorio para asegurar que las cosas pasen! 💪 https://t.co/9vzgcrdcGi",https://x.com/Supersubsidio/status/2049687378755764734,115,4,7,0,0,0,2,0,0,1,0,0,0
2049655452003082386,"Thu, Apr 30, 2026",Vinimos a verificar que los recursos de los trabajadores se administren con transparencia y lleguen a donde más se necesitan. ✊✅ #Supersubsidio #SupervisarEsCuidar #SubsidioFamiliar #Caquetá https://t.co/ngEla5yOWB,https://x.com/Supersubsidio/status/2049655452003082386,108,1,6,0,0,0,1,0,0,0,0,0,0
2049655408961241342,"Thu, Apr 30, 2026","¡Hoy estuvimos en el Caquetá! 🌿 Cumplimos una agenda intensa de supervisión en Comfaca, recorriendo cada espacio donde el subsidio familiar se convierte en realidad. Desde la educación y la recreación, hasta el hito de justicia laboral con la formalización de 22 trabajadores. https://t.co/ZabMzkVXwW",https://x.com/Supersubsidio/status/2049655408961241342,570,8,22,0,0,0,2,5,0,2,0,0,0
2049545532918452333,"Wed, Apr 29, 2026","🌿 Caquetá: Donde la vida se transforma y el bienestar florece. En el corazón del sur de Colombia, allí donde la selva respira por todos nosotros, la Superintendente del Subsidio Familiar, Sandra Viviana Cadena Martínez, recorre hoy la ""Puerta de Oro de la Amazonía"". 🚪✨ Este https://t.co/NVchOaOXKV",https://x.com/Supersubsidio/status/2049545532918452333,1152,9,72,0,3,1,2,6,0,15,0,0,0
2049480528240296427,"Wed, Apr 29, 2026","🇨🇴 #ConDignidadCumplimos| El contrato indefinido se fortalece en Colombia. Los contratos por obra o a término fijo siguen vigentes, pero con prestaciones y vacaciones garantizadas, y un tope máximo de 4 años. Si el trabajo continúa, la estabilidad también: pasa a indefinido. El https://t.co/Ctt5mrkQIr",https://x.com/Supersubsidio/status/2049480528240296427,157,2,7,0,0,0,2,1,0,2,0,0,0
2049462972276244551,"Wed, Apr 29, 2026","🇨🇴 La estabilidad vuelve a ser regla y no excepción en el Gobierno del Presidente @petrogustavo. Con la Reforma Laboral, el contrato a término indefinido se convierte en prioridad. Más seguridad para las familias, menos precarización para quienes trabajan todos los días por el https://t.co/dQicfH3efH",https://x.com/Supersubsidio/status/2049462972276244551,94,2,8,0,0,0,2,1,2,1,0,0,0
2049200539540365514,"Tue, Apr 28, 2026","📝 La Superintendencia del Subsidio Familiar continúa fortaleciendo su labor de inspección, vigilancia y control en todo el país. 🔎 En esta oportunidad, realizamos visita a Comfaoriente con el objetivo de evaluar el impacto financiero, jurídico y social de sus programas y https://t.co/5SOe71g9hj",https://x.com/Supersubsidio/status/2049200539540365514,155,3,26,0,0,0,2,1,0,10,0,0,0
2048872073452212527,"Mon, Apr 27, 2026","📍 ¡Presencia en el territorio! Hoy desde el Amazonas. ​En la Superintendencia del Subsidio Familiar trabajamos sin descanso para garantizar que los recursos de los trabajadores lleguen a donde deben: a su bienestar y al de sus familias. 🌳✨ ​Hoy, 27 de abril, nuestro equipo https://t.co/SmjqeCmTJk",https://x.com/Supersubsidio/status/2048872073452212527,153,3,16,0,0,0,2,0,0,8,0,0,0
2048029501070688388,"Sat, Apr 25, 2026","🇨🇴💙 Hoy los celebramos a ellos, el motor del futuro de Colombia! Más de 3,6 millones de niños y niñas hacen parte del Sistema de Subsidio Familiar en 2025. Cada uno con talentos únicos, sueños enormes y un futuro por construir — y nosotros estamos aquí para acompañarlos. 💪 ✨ https://t.co/rqHnayfk52",https://x.com/Supersubsidio/status/2048029501070688388,772,11,24,0,0,0,3,7,1,1,0,0,0
2047733887514587378,"Fri, Apr 24, 2026","🛡️ ¡Fortalecemos el control para proteger el bienestar de los trabajadores! Se llevó a cabo la sesión No. 19 del Comité Técnico de Autocontrol y Gestión del Riesgo. Bajo el liderazgo del Superintendente Delegado para la Gestión, reafirmamos nuestro compromiso con la https://t.co/ARc1lRnJdW",https://x.com/Supersubsidio/status/2047733887514587378,130,3,28,0,0,0,2,1,1,5,0,0,0
2047523305846968682,"Fri, Apr 24, 2026","¡Cumpliéndole a las regiones! 📍🎥 Desde el corazón de Santander, la superintendente del subsidio familiar resalta la importancia de proyectos que impulsan el turismo social y la economía local. Los Trinitarios es el reflejo de una gestión que pone al trabajador en el centro de https://t.co/VXtwGX43J1",https://x.com/Supersubsidio/status/2047523305846968682,1023,20,37,0,1,0,1,10,3,3,0,0,0
2047010147256373534,"Wed, Apr 22, 2026","@TataPineda_ @Colsubsidio_Ofi 4/4 Si deseas más información sobre el Sistema del Subsidio Familiar, puedes comunicarte a las líneas (601) 3487777 – (601) 3487800 o a la línea gratuita nacional 018000910110, o presentar tu PQRSF en la sede electrónica https://t.co/DFn7UQ4Ugo.",https://x.com/Supersubsidio/status/2047010147256373534,34,0,3,0,0,0,0,0,0,3,0,0,0
2047010085935731157,"Wed, Apr 22, 2026","@TataPineda_ @Colsubsidio_Ofi 3/4 Así mismo, te solicitamos enviar los documentos que consideres de respaldo, junto con tus datos de identificación y contacto, al correo ssf@ssf.gov.co, con el fin de brindarte una respuesta conforme a los términos de ley.",https://x.com/Supersubsidio/status/2047010085935731157,34,0,1,0,0,0,1,0,0,0,0,0,0
2047010001626013981,"Wed, Apr 22, 2026","@TataPineda_ @Colsubsidio_Ofi 2/4 Dado que tu caso requiere analizar la situación presentada con la Caja de Compensación @Colsubsidio_Ofi, agradecemos redactes los hechos presentados de manera clara y cronológica, indicando lo ocurrido de forma detallada.",https://x.com/Supersubsidio/status/2047010001626013981,53,0,5,0,0,0,1,0,0,4,0,0,0
2047009931862180129,"Wed, Apr 22, 2026",@TataPineda_ @Colsubsidio_Ofi 1/4 Buen día. Agradecemos tu comunicación con la Supersubsidio.,https://x.com/Supersubsidio/status/2047009931862180129,29,0,4,0,0,0,1,0,0,3,0,0,0
2046813152587768080,"Wed, Apr 22, 2026",@JuanFabioPalac2 6/6 Si deseas más información te puedes comunicar a través de nuestra línea telefónica en Bogotá (601) 3487777 - (601) 3487800 o línea gratuita nacional 018000910110 o presentar tu PQRSF a través de la sede electrónica https://t.co/DFn7UQ4Ugo,https://x.com/Supersubsidio/status/2046813152587768080,19,0,0,0,0,0,0,0,0,0,0,0,0
2046813013382988172,"Wed, Apr 22, 2026",@JuanFabioPalac2 5/6 Te informamos que la Entidad competente para verificar estas situaciones es el Ministerio del Trabajo @MintrabajoCol.,https://x.com/Supersubsidio/status/2046813013382988172,9,0,2,0,0,0,0,0,2,0,0,0,0
2046812886505279820,"Wed, Apr 22, 2026","@JuanFabioPalac2 4/6 Sin embargo, con relación a tu comentario las Cajas de Compensación Familiar son personas jurídicas de derecho privado, sin ánimo de lucro, y se rigen en materia laboral por el Código Sustantivo del Trabajo, por lo tanto, es viable indicar que la Superintendencia del Subsidio",https://x.com/Supersubsidio/status/2046812886505279820,26,0,0,0,0,0,0,0,0,0,0,0,0
2046812809376219457,"Wed, Apr 22, 2026","@JuanFabioPalac2 3/6 También se ejerce un control administrativo, financiero y contable en lo que corresponde a la prestación social del Subsidio Familiar.",https://x.com/Supersubsidio/status/2046812809376219457,14,0,0,0,0,0,0,0,0,0,0,0,0
2046812729424458145,"Wed, Apr 22, 2026",@JuanFabioPalac2 2/6 Te informamos que por parte de la Supersubsidio se realizan visitas ordinarias y especiales a las Cajas de Compensación Familiar con el propósito de verificar el adecuado funcionamiento de las entidades vigiladas.,https://x.com/Supersubsidio/status/2046812729424458145,23,0,1,0,0,0,0,0,1,0,0,0,0
2046812622897500605,"Wed, Apr 22, 2026",@JuanFabioPalac2 1/6 Buen día. Agradecemos tu comunicación con la Supersubsidio.,https://x.com/Supersubsidio/status/2046812622897500605,16,0,0,0,0,0,0,0,0,0,0,0,0
2046787829728985210,"Wed, Apr 22, 2026","@alays1076 @comfandi 4/4 Si deseas más información sobre el Sistema del Subsidio Familiar, puedes comunicarte a las líneas (601) 3487777 – (601) 3487800 o a la línea gratuita nacional 018000910110, o presentar tu PQRSF en la sede electrónica https://t.co/DFn7UQ4Ugo.",https://x.com/Supersubsidio/status/2046787829728985210,34,0,6,0,0,0,0,0,1,5,0,0,0
2046787724758204568,"Wed, Apr 22, 2026","@alays1076 @comfandi 3/4 Así mismo, te solicitamos enviar los documentos que consideres de respaldo, junto con tus datos de identificación y contacto, al correo ssf@ssf.gov.co, con el fin de brindarte una respuesta conforme a los términos de ley.",https://x.com/Supersubsidio/status/2046787724758204568,28,0,6,0,0,0,0,0,0,6,0,0,0
2046787619476955620,"Wed, Apr 22, 2026","@alays1076 @comfandi 2/4 Para analizar la situación presentada con la Caja de Compensación @comfandi, agradecemos redactes los hechos presentados de manera clara y cronológica, indicando lo ocurrido de forma detallada.",https://x.com/Supersubsidio/status/2046787619476955620,19,0,5,0,0,0,0,0,0,5,0,0,0
2046787542662480146,"Wed, Apr 22, 2026",@alays1076 @comfandi 1/4 Buen día. Agradecemos tu comunicación con la Supersubsidio.,https://x.com/Supersubsidio/status/2046787542662480146,22,0,2,0,0,0,0,0,0,2,0,0,0
2046621265876632036,"Tue, Apr 21, 2026","🏠 Si quieres acceder al subsidio de vivienda que otorgan las Cajas de Compensación familiar, presta mucha atención a los requisitos que debes cumplir. 📝 Si cumples con los requisitos mencionados, acércate a tu caja de compensación familiar para solicitar información sobre el https://t.co/LPcPX2Lw8Q",https://x.com/Supersubsidio/status/2046621265876632036,1096,15,51,4,5,1,4,5,5,21,0,0,0
2044504347468243379,"Wed, Apr 15, 2026","📝 Estas son las personas a cargo por las que puedes recibir el subsidio familiar en dinero este 2026. 💻 Para más información, acércate a tu Caja de Compensación Familiar y consulta sobre el proceso y los requisitos para acceder a este derecho. #SubsidioFamiliar #Subsidios https://t.co/pMKdSkVde7",https://x.com/Supersubsidio/status/2044504347468243379,636,17,28,1,0,0,2,8,1,0,0,0,0
2043818072885096486,"Mon, Apr 13, 2026","📝 Desde la Superintendencia del Subsidio Familiar, realizamos una visita de inspección en Compensar con el objetivo de verificar el cumplimiento de los ordenamientos legales, administrativos, financieros y contables. 💡 Durante esta jornada, nuestro equipo técnico supervisa el https://t.co/scAVi66SFQ",https://x.com/Supersubsidio/status/2043818072885096486,212,4,34,0,1,0,4,2,0,5,0,0,0
2043787525261549630,"Mon, Apr 13, 2026","@000aaaaabbb 4/4 Si deseas ampliar esta información o recibir atención personalizada, te invitamos a consultar nuestros canales de atención: https://t.co/bLnm9QgBJU",https://x.com/Supersubsidio/status/2043787525261549630,20,0,0,0,0,0,0,0,0,0,0,0,0
2043787456391131166,"Mon, Apr 13, 2026","@000aaaaabbb 3/4 Una vez esto ocurra, todas las Cajas de Compensación del país deberán realizar el ajuste correspondiente, incluyendo el pago retroactivo de la cuota monetaria según lo establecido para 2026.",https://x.com/Supersubsidio/status/2043787456391131166,17,0,1,0,0,0,1,0,0,0,0,0,0
2043787334630416669,"Mon, Apr 13, 2026","@000aaaaabbb 2/4 Por esta razón, es probable que la Caja de Compensación Familiar no haya aplicado los valores correspondientes al año 2026, ya que debe esperar a que la resolución quede en firme para proceder con su implementación.",https://x.com/Supersubsidio/status/2043787334630416669,10,0,3,0,0,0,1,0,0,2,0,0,0
2043787237834535126,"Mon, Apr 13, 2026","@000aaaaabbb 1/4 Buen día. Agradecemos tu comunicación con la Supersubsidio. Te informamos que, aunque la Resolución 0091 del 30 de enero de 2026 ya fue emitida, actualmente no tiene efectos legales, ya que se encuentra en curso el proceso de resolución de los recursos de reposición",https://x.com/Supersubsidio/status/2043787237834535126,10,0,4,0,0,0,1,0,0,3,0,0,0
2043786325992653053,"Mon, Apr 13, 2026","@JOSEJGUEVARAC @CafamOficial 4/4 Si deseas más información sobre el Sistema del Subsidio Familiar, puedes comunicarte a las líneas (601) 3487777 – (601) 3487800 o a la línea gratuita nacional 018000910110, o presentar tu PQRSF en la sede electrónica https://t.co/DFn7UQ4Ugo.",https://x.com/Supersubsidio/status/2043786325992653053,11,0,0,0,0,0,0,0,0,0,0,0,0
2043786262159478820,"Mon, Apr 13, 2026","@JOSEJGUEVARAC @CafamOficial 3/4 Así mismo, te solicitamos enviar los documentos que consideres de respaldo, junto con tus datos de identificación y contacto, al correo ssf@ssf.gov.co, con el fin de brindarte una respuesta conforme a los términos de ley.",https://x.com/Supersubsidio/status/2043786262159478820,9,0,1,0,0,0,1,0,0,0,0,0,0
2043786122514313567,"Mon, Apr 13, 2026","@JOSEJGUEVARAC @CafamOficial 2/4 Para analizar la situación presentada con la Caja de Compensación @CafamOficial, agradecemos redactes los hechos presentados de manera clara y cronológica, indicando lo ocurrido de forma detallada.",https://x.com/Supersubsidio/status/2043786122514313567,27,0,3,0,0,0,1,0,0,2,0,0,0
2043786016138367206,"Mon, Apr 13, 2026",@JOSEJGUEVARAC @CafamOficial 1/4 Buen día. Agradecemos tu comunicación con la Supersubsidio.,https://x.com/Supersubsidio/status/2043786016138367206,34,0,3,0,0,0,1,0,0,2,0,0,0
2043784115124605316,"Mon, Apr 13, 2026","@ErikaPolo6 @Compensar_info @Bogota 4/4 Si deseas más información sobre el Sistema del Subsidio Familiar, puedes comunicarte a las líneas (601) 3487777 – (601) 3487800 o a la línea gratuita nacional 018000910110, o presentar tu PQRSF en la sede electrónica https://t.co/DFn7UQ4Ugo.",https://x.com/Supersubsidio/status/2043784115124605316,14,0,0,0,0,0,0,0,0,0,0,0,0
2043784057415176572,"Mon, Apr 13, 2026","@ErikaPolo6 @Compensar_info @Bogota 3/4 Así mismo, te solicitamos enviar los documentos que consideres de respaldo, junto con tus datos de identificación y contacto, al correo ssf@ssf.gov.co, con el fin de brindarte una respuesta conforme a los términos de ley.",https://x.com/Supersubsidio/status/2043784057415176572,16,0,2,0,0,0,1,0,0,1,0,0,0
2043783976683245782,"Mon, Apr 13, 2026","@ErikaPolo6 @Compensar_info @Bogota 2/4 Para analizar la situación presentada con la Caja de Compensación @Compensar_info , agradecemos redactes los hechos presentados de manera clara y cronológica, indicando lo ocurrido de forma detallada.",https://x.com/Supersubsidio/status/2043783976683245782,52,0,4,0,0,0,1,0,0,3,0,0,0
2043783892885262339,"Mon, Apr 13, 2026",@ErikaPolo6 @Compensar_info @Bogota 1/4 Buen día. Agradecemos tu comunicación con la Supersubsidio.,https://x.com/Supersubsidio/status/2043783892885262339,49,0,3,0,0,0,1,0,0,2,0,0,0
2043769641802109151,"Mon, Apr 13, 2026","@ErikaPolo6 @Compensar_info @Bogota 4/4 Si deseas más información sobre el Sistema del Subsidio Familiar, puedes comunicarte a las líneas (601) 3487777 – (601) 3487800 o a la línea gratuita nacional 018000910110, o presentar tu PQRSF en la sede electrónica https://t.co/DFn7UQ4Ugo.",https://x.com/Supersubsidio/status/2043769641802109151,12,0,0,0,0,0,0,0,0,0,0,0,0
2043769561288167913,"Mon, Apr 13, 2026","@ErikaPolo6 @Compensar_info @Bogota 3/4 Así mismo, te solicitamos enviar los documentos que consideres de respaldo, junto con tus datos de identificación y contacto, al correo ssf@ssf.gov.co, con el fin de brindarte una respuesta conforme a los términos de ley.",https://x.com/Supersubsidio/status/2043769561288167913,10,0,1,0,0,0,1,0,0,0,0,0,0
2043769470561276284,"Mon, Apr 13, 2026","@ErikaPolo6 @Compensar_info @Bogota 2/4 Para analizar la situación presentada con la Caja de Compensación @Compensar_info , agradecemos redactes los hechos presentados de manera clara y cronológica, indicando lo ocurrido de forma detallada.",https://x.com/Supersubsidio/status/2043769470561276284,31,0,3,0,0,0,1,0,0,2,0,0,0
2043769325882953930,"Mon, Apr 13, 2026",@ErikaPolo6 @Compensar_info @Bogota 1/4 Buen día. Agradecemos tu comunicación con la Supersubsidio.,https://x.com/Supersubsidio/status/2043769325882953930,34,0,3,0,0,0,1,0,0,2,0,0,0
2043768522514346012,"Mon, Apr 13, 2026","@JOSEJGUEVARAC @CafamOficial @Cafam 4/4 Si deseas más información sobre el Sistema del Subsidio Familiar, puedes comunicarte a las líneas (601) 3487777 – (601) 3487800 o a la línea gratuita nacional 018000910110, o presentar tu PQRSF en la sede electrónica https://t.co/DFn7UQ4Ugo.",https://x.com/Supersubsidio/status/2043768522514346012,9,0,0,0,0,0,0,0,0,0,0,0,0
2043768467128476010,"Mon, Apr 13, 2026","@JOSEJGUEVARAC @CafamOficial @Cafam 3/4 Así mismo, te solicitamos enviar los documentos que consideres de respaldo, junto con tus datos de identificación y contacto, al correo ssf@ssf.gov.co, con el fin de brindarte una respuesta conforme a los términos de ley.",https://x.com/Supersubsidio/status/2043768467128476010,10,0,3,0,0,0,1,0,0,2,0,0,0
2043768394533453863,"Mon, Apr 13, 2026","@JOSEJGUEVARAC @CafamOficial @Cafam 2/4 Para analizar la situación presentada con la Caja de Compensación @CafamOficial, agradecemos redactes los hechos presentados de manera clara y cronológica, indicando lo ocurrido de forma detallada.",https://x.com/Supersubsidio/status/2043768394533453863,22,0,3,0,0,0,1,0,0,2,0,0,0
2043768235028283677,"Mon, Apr 13, 2026",@JOSEJGUEVARAC @CafamOficial @Cafam 1/4 Buen día. Agradecemos tu comunicación con la Supersubsidio.,https://x.com/Supersubsidio/status/2043768235028283677,24,0,3,0,0,0,1,0,0,2,0,0,0
2043767572449886679,"Mon, Apr 13, 2026","@marisinria @comfandi 4/4 Si deseas más información sobre el Sistema del Subsidio Familiar, puedes comunicarte a las líneas (601) 3487777 – (601) 3487800 o a la línea gratuita nacional 018000910110, o presentar tu PQRSF en la sede electrónica https://t.co/DFn7UQ4Ugo.",https://x.com/Supersubsidio/status/2043767572449886679,24,0,0,0,0,0,0,0,0,0,0,0,0
2043767496365265279,"Mon, Apr 13, 2026","@marisinria @comfandi 3/4 Así mismo, te solicitamos enviar los documentos que consideres de respaldo, junto con tus datos de identificación y contacto, al correo ssf@ssf.gov.co, con el fin de brindarte una respuesta conforme a los términos de ley.",https://x.com/Supersubsidio/status/2043767496365265279,18,0,3,0,0,0,1,0,0,2,0,0,0
2043767408029061133,"Mon, Apr 13, 2026","@marisinria @comfandi 2/4 Para analizar la situación presentada con la Caja de Compensación @Comfandi , agradecemos redactes los hechos presentados de manera clara y cronológica, indicando lo ocurrido de forma detallada.",https://x.com/Supersubsidio/status/2043767408029061133,18,0,4,0,0,0,1,0,0,3,0,0,0
2043767318098870547,"Mon, Apr 13, 2026",@marisinria @comfandi 1/4 Buen día. Agradecemos tu comunicación con la Supersubsidio.,https://x.com/Supersubsidio/status/2043767318098870547,17,0,3,0,0,0,1,0,0,2,0,0,0
2043766811104063540,"Mon, Apr 13, 2026","@marisinria @comfandi 4/4 Si deseas más información sobre el Sistema del Subsidio Familiar, puedes comunicarte a las líneas (601) 3487777 – (601) 3487800 o a la línea gratuita nacional 018000910110, o presentar tu PQRSF en la sede electrónica https://t.co/DFn7UQ4Ugo.",https://x.com/Supersubsidio/status/2043766811104063540,12,0,0,0,0,0,0,0,0,0,0,0,0
2043766750089474387,"Mon, Apr 13, 2026","@marisinria @comfandi 3/4 Así mismo, te solicitamos enviar los documentos que consideres de respaldo, junto con tus datos de identificación y contacto, al correo ssf@ssf.gov.co, con el fin de brindarte una respuesta conforme a los términos de ley.",https://x.com/Supersubsidio/status/2043766750089474387,15,0,1,0,0,0,1,0,0,0,0,0,0
2043766668367675776,"Mon, Apr 13, 2026","@marisinria @comfandi 2/4 Para analizar la situación presentada con la Caja de Compensación @Comfandi , agradecemos redactes los hechos presentados de manera clara y cronológica, indicando lo ocurrido de forma detallada.",https://x.com/Supersubsidio/status/2043766668367675776,35,0,5,0,0,0,1,0,1,3,0,0,0
2043766597978845674,"Mon, Apr 13, 2026",@marisinria @comfandi 1/4 Buen día. Agradecemos tu comunicación con la Supersubsidio.,https://x.com/Supersubsidio/status/2043766597978845674,40,0,10,0,0,0,1,0,0,9,0,0,0
2043116603018006591,"Sat, Apr 11, 2026","🌿 En el corazón de la Amazonía, donde los Andes se convierten en selva y los ríos guardan siglos de historia, el bienestar llegó con nombre propio. 💙 La Superintendente Sandra Viviana Cadena Martínez recorrió el Putumayo para ver de cerca lo que significa cumplir: niños en el https://t.co/gxwYenGezX",https://x.com/Supersubsidio/status/2043116603018006591,579,6,16,0,1,0,2,5,0,3,0,0,0
2042931401352208527,"Sat, Apr 11, 2026","Nuestro compromiso es asegurar que cada recurso se transforme en una herramienta efectiva de cambio social. Porque cuando caminamos el territorio, reafirmamos que el subsidio es un derecho que construye país. 💙🇨🇴 #Supersubsidio #SupervisarEsCuidar #Putumayo #SubsidioFamiliar",https://x.com/Supersubsidio/status/2042931401352208527,107,0,2,0,0,0,1,1,0,0,0,0,0
2042931397401223582,"Sat, Apr 11, 2026","Supervisar no es un ejercicio de escritorio; es estar donde están los retos. Es verificar cómo una sala de lectura, un club de natación o un centro recreacional se convierten en oportunidades para los afiliados que encuentran en el sistema un respaldo para vivir con bienestar. https://t.co/foVnftzMmw",https://x.com/Supersubsidio/status/2042931397401223582,92,3,8,0,0,0,2,0,0,0,0,0,0
2042931384033915358,"Sat, Apr 11, 2026","De la mano de nuestra Superintendente, Sandra Viviana Cadena Martínez, recorrimos las instalaciones de Comfamiliar Putumayo para entender no solo los logros, sino los desafíos únicos que enfrenta este territorio. https://t.co/GqrhHF799X",https://x.com/Supersubsidio/status/2042931384033915358,59,1,7,0,0,0,1,0,0,0,0,0,0
2042931368720564661,"Sat, Apr 11, 2026",Llegamos al 📍Putumayo con un objetivo claro: conocer de primera mano cómo funciona e impacta el subsidio familiar en el corazón de la Amazonía colombiana. https://t.co/gb5vl3A9fJ,https://x.com/Supersubsidio/status/2042931368720564661,1216,13,50,1,0,1,4,7,2,6,0,0,0
2042364876975214852,"Thu, Apr 9, 2026","@Amichiquis3708 @CafamOficial 4/4 Si deseas más información sobre el Sistema del Subsidio Familiar, puedes comunicarte a las líneas (601) 3487777 – (601) 3487800 o a la línea gratuita nacional 018000910110, o presentar tu PQRSF en la sede electrónica https://t.co/DFn7UQ4Ugo.",https://x.com/Supersubsidio/status/2042364876975214852,15,1,2,0,0,0,0,0,1,0,0,0,0
2042364739007746408,"Thu, Apr 9, 2026","@Amichiquis3708 @CafamOficial 3/4 Así mismo, te solicitamos enviar los documentos que consideres de respaldo, junto con tus datos de identificación y contacto, al correo ssf@ssf.gov.co, con el fin de brindarte una respuesta conforme a los términos de ley.",https://x.com/Supersubsidio/status/2042364739007746408,11,1,3,0,0,0,1,0,0,1,0,0,0
2042364648922448298,"Thu, Apr 9, 2026","@Amichiquis3708 @CafamOficial 2/4 Dado que tu caso requiere analizar la situación presentada con la Caja de Compensación @CafamOficial, agradecemos redactes los hechos presentados de manera clara y cronológica, indicando lo ocurrido de forma detallada.",https://x.com/Supersubsidio/status/2042364648922448298,43,1,4,0,0,0,1,0,0,2,0,0,0
2042364537790169466,"Thu, Apr 9, 2026",@Amichiquis3708 @CafamOficial 1/4 Buen día. Agradecemos tu comunicación con la Supersubsidio.,https://x.com/Supersubsidio/status/2042364537790169466,45,1,4,0,0,0,1,0,0,2,0,0,0
2042337738385494417,"Thu, Apr 9, 2026","@ElkinBulaM @kerguelenhugo @monterialcaldia @PlaneacionMtr @ComfacorOficial 4/4 Si deseas obtener más información, puedes comunicarte a través de nuestros canales de atención disponibles en el siguiente enlace: https://t.co/bLnm9QgBJU",https://x.com/Supersubsidio/status/2042337738385494417,13,0,1,0,0,0,0,0,0,1,0,0,0
2042337619376292097,"Thu, Apr 9, 2026","@ElkinBulaM @kerguelenhugo @monterialcaldia @PlaneacionMtr @ComfacorOficial 3/4 Por lo anterior, te sugerimos respetuosamente verificar tu caso directamente con la entidad correspondiente, a través de sus canales oficiales de atención, donde podrán brindarte una respuesta de fondo y gestionar tu solicitud.",https://x.com/Supersubsidio/status/2042337619376292097,11,0,0,0,0,0,0,0,0,0,0,0,0
2042337523892912241,"Thu, Apr 9, 2026","@ElkinBulaM @kerguelenhugo @monterialcaldia @PlaneacionMtr @ComfacorOficial 2/4 Nuestra función se limita a ejercer inspección, vigilancia y control sobre las Cajas de Compensación Familiar, así como a impartir instrucciones para el adecuado cumplimiento de las normas que regulan el Sistema del Subsidio Familiar.",https://x.com/Supersubsidio/status/2042337523892912241,18,0,0,0,0,0,0,0,0,0,0,0,0
2042336724949639241,"Thu, Apr 9, 2026","@ElkinBulaM @kerguelenhugo @monterialcaldia @PlaneacionMtr @ComfacorOficial 1/4 Buen día. Agradecemos tu comunicación con la Supersubsidio. En ese sentido, la Superintendencia del Subsidio Familiar no tiene competencia para pronunciarse sobre la situación expuesta, en la medida en que corresponde a trámites y actuaciones propias de la entidad",https://x.com/Supersubsidio/status/2042336724949639241,22,0,0,0,0,0,0,0,0,0,0,0,0
2042247618894471501,"Thu, Apr 9, 2026",https://t.co/zW5gmlDvk8,https://x.com/Supersubsidio/status/2042247618894471501,47,1,2,0,0,0,0,0,0,0,0,0,0
2042247598111596657,"Thu, Apr 9, 2026",https://t.co/yYAX76tEuK,https://x.com/Supersubsidio/status/2042247598111596657,53,1,2,0,0,0,1,0,0,0,0,0,0
2042247573721715068,"Thu, Apr 9, 2026",https://t.co/C7PaQ9GXTI,https://x.com/Supersubsidio/status/2042247573721715068,5,0,1,0,0,0,1,0,0,0,0,0,0
2042247552758653377,"Thu, Apr 9, 2026",https://t.co/sVbB8Sgi4L,https://x.com/Supersubsidio/status/2042247552758653377,6,0,1,0,0,0,1,0,0,0,0,0,0
2042247534345593115,"Thu, Apr 9, 2026",https://t.co/uswQab8bVc,https://x.com/Supersubsidio/status/2042247534345593115,36,0,1,0,0,0,1,0,0,0,0,0,0
2042247516364677262,"Thu, Apr 9, 2026",https://t.co/dOmCVfp9s6,https://x.com/Supersubsidio/status/2042247516364677262,76,0,6,0,0,0,1,0,0,5,0,0,0
2042247496278102339,"Thu, Apr 9, 2026","Hoy, 9 de abril, nos unimos bajo un solo lema: “Memoria que sana, voces que transforman”. En la Superintendencia del Subsidio Familiar, honramos la dignidad de quienes han sido afectados por el conflicto y trabajamos por su inclusión en el Sistema. 🕊️🇨🇴 https://t.co/r1JxKcutzz",https://x.com/Supersubsidio/status/2042247496278102339,179,2,9,0,0,0,3,0,1,2,0,0,0
2041563995065246049,"Tue, Apr 7, 2026",📝 Estas son algunas cosas que debes saber acerca del subsidio de vivienda que otorgan las cajas de compensación familiar. 💻 Recuerda consultar con tu caja de compensación familiar para más información sobre los requisitos y el proceso de aplicación al subsidio. https://t.co/OAXbtIruEh,https://x.com/Supersubsidio/status/2041563995065246049,556,9,39,0,1,0,1,3,2,3,0,0,0
2041334797302190427,"Tue, Apr 7, 2026","Desde la Superintendencia del Subsidio Familiar, avanzamos en nuestro compromiso con la transparencia del sistema. 📑 Realizamos una visita ordinaria a la Caja de Compensación Familiar Comfamiliar Risaralda, con el fin de ejercer nuestras funciones de inspección y vigilancia. https://t.co/yIhwF8f8Ix",https://x.com/Supersubsidio/status/2041334797302190427,162,3,63,0,2,0,2,0,2,31,0,0,0
2041311659403194444,"Tue, Apr 7, 2026","Desde la Superintendencia del Subsidio Familiar, continuamos recorriendo el país para asegurar que los recursos de los trabajadores colombianos se administren con total transparencia y eficiencia. ​Esta semana, nuestro equipo de inspectores adelanta una Visita Ordinaria a la https://t.co/WwIko9ssgJ",https://x.com/Supersubsidio/status/2041311659403194444,107,4,15,0,0,0,2,0,0,5,0,0,0
2041166360927977687,"Mon, Apr 6, 2026","@CarolinaMo2498 @CafamOficial 4/4 Si deseas más información sobre el Sistema del Subsidio Familiar, puedes comunicarte a las líneas (601) 3487777 – (601) 3487800 o a la línea gratuita nacional 018000910110, o presentar tu PQRSF en la sede electrónica https://t.co/DFn7UQ4Ugo.",https://x.com/Supersubsidio/status/2041166360927977687,11,0,0,0,0,0,0,0,0,0,0,0,0
2041166296826425472,"Mon, Apr 6, 2026","@CarolinaMo2498 @CafamOficial 3/4 Así mismo, te solicitamos enviar los documentos que consideres de respaldo, junto con tus datos de identificación y contacto, al correo ssf@ssf.gov.co, con el fin de brindarte una respuesta conforme a los términos de ley.",https://x.com/Supersubsidio/status/2041166296826425472,8,0,0,0,0,0,0,0,0,0,0,0,0
2041165549959340038,"Mon, Apr 6, 2026","@CarolinaMo2498 @CafamOficial 2/4 Dado que tu caso requiere analizar la situación presentada con la Caja de Compensación @CafamOficial, agradecemos redactes los hechos presentados de manera clara y cronológica, indicando lo ocurrido de forma detallada.",https://x.com/Supersubsidio/status/2041165549959340038,5,0,0,0,0,0,0,0,0,0,0,0,0
2041165455939747987,"Mon, Apr 6, 2026","@CarolinaMo2498 @CafamOficial 1/4 Buen día. Agradecemos tu comunicación con la Supersubsidio, te informamos que somos la Entidad que ejerce inspección, vigilancia y control a las Cajas de Compensación Familiar, adicionalmente, les proporcionamos instrucción sobre el cumplimiento adecuado de las normas legales",https://x.com/Supersubsidio/status/2041165455939747987,20,0,0,0,0,0,0,0,0,0,0,0,0
2039479712003535186,"Wed, Apr 1, 2026","Nuestra Oficina de Protección al Usuario llegó a Casanare para liderar la sesión del Comité Técnico de Atención e Interacción con el Ciudadano (COMTAC). Durante el 26 y 27 de marzo, trabajamos en: ​✅ Evaluar la satisfacción de nuestros afiliados. ​✅ Elevar los estándares de https://t.co/SetureVPcs",https://x.com/Supersubsidio/status/2039479712003535186,168,3,17,0,0,0,2,0,1,5,0,0,0
2039353776818008209,"Wed, Apr 1, 2026","@UnDenunciante28 @Compensar_info 4/4 Si deseas más información sobre el Sistema del Subsidio Familiar, puedes comunicarte a las líneas (601) 3487777 – (601) 3487800 o a la línea gratuita nacional 018000910110, o presentar tu PQRSF en la sede electrónica https://t.co/DFn7UQ4Ugo.",https://x.com/Supersubsidio/status/2039353776818008209,19,0,8,0,0,0,0,0,0,4,4,0,0
2039353542184480924,"Wed, Apr 1, 2026","@UnDenunciante28 @Compensar_info 3/4 Así mismo, te solicitamos enviar los documentos que consideres de respaldo, junto con tus datos de identificación y contacto, al correo ssf@ssf.gov.co, con el fin de brindarte una respuesta conforme a los términos de ley.",https://x.com/Supersubsidio/status/2039353542184480924,21,0,0,0,0,0,0,0,0,0,0,0,0
2039353333803069464,"Wed, Apr 1, 2026","@UnDenunciante28 @Compensar_info 2/4 Dado que tu caso requiere analizar la situación presentada con la Caja de Compensación @Compensar_info, agradecemos redactes los hechos presentados de manera clara y cronológica, indicando lo ocurrido de forma detallada.",https://x.com/Supersubsidio/status/2039353333803069464,11,0,0,0,0,0,0,0,0,0,0,0,0
2039352991560433925,"Wed, Apr 1, 2026","@UnDenunciante28 @Compensar_info 1/4 Buen día. Agradecemos tu comunicación con la Supersubsidio, te informamos que somos la Entidad que ejerce inspección, vigilancia y control a las Cajas de Compensación Familiar, adicionalmente, les proporcionamos instrucción sobre el cumplimiento adecuado de las normas legales",https://x.com/Supersubsidio/status/2039352991560433925,16,0,0,0,0,0,0,0,0,0,0,0,0
2039349514113364025,"Wed, Apr 1, 2026","@UnDenunciante28 @Compensar_info 4/4 Si deseas más información sobre el Sistema del Subsidio Familiar, puedes comunicarte a las líneas (601) 3487777 – (601) 3487800 o a la línea gratuita nacional 018000910110, o presentar tu PQRSF en la sede electrónica https://t.co/DFn7UQ4Ugo.",https://x.com/Supersubsidio/status/2039349514113364025,10,0,0,0,0,0,0,0,0,0,0,0,0
2039349135342493712,"Wed, Apr 1, 2026","@UnDenunciante28 @Compensar_info 3/4 Así mismo, te solicitamos enviar los documentos que consideres de respaldo, junto con tus datos de identificación y contacto, al correo ssf@ssf.gov.co, con el fin de brindarte una respuesta conforme a los términos de ley.",https://x.com/Supersubsidio/status/2039349135342493712,12,0,0,0,0,0,0,0,0,0,0,0,0
2039349057747853355,"Wed, Apr 1, 2026","@UnDenunciante28 @Compensar_info 2/4 Dado que tu caso requiere analizar la situación presentada con la Caja de Compensación @Compensar_info, agradecemos redactes los hechos presentados de manera clara y cronológica, indicando lo ocurrido de forma detallada.",https://x.com/Supersubsidio/status/2039349057747853355,5,0,0,0,0,0,0,0,0,0,0,0,0
2039347708696076626,"Wed, Apr 1, 2026","@UnDenunciante28 @Compensar_info 1/4 Buen día. Agradecemos tu comunicación con la Supersubsidio, te informamos que somos la Entidad que ejerce inspección, vigilancia y control a las Cajas de Compensación Familiar, adicionalmente, les proporcionamos instrucción sobre el cumplimiento adecuado de las normas legales",https://x.com/Supersubsidio/status/2039347708696076626,13,0,2,0,0,0,0,0,0,2,0,0,0
2039169893736608195,"Wed, Apr 1, 2026","@Catik_Castro @CafamOficial @sicsuper 4/4 Si deseas más información te puedes comunicar a través de nuestra línea telefónica en Bogotá (601) 3487777 - (601) 3487800 o línea gratuita nacional 018000910110, o presentar tu PQRSF a través de la sede electrónica https://t.co/DFn7UQ4Ugo",https://x.com/Supersubsidio/status/2039169893736608195,36,0,1,0,0,0,0,0,0,0,1,0,0
2039169818490773646,"Wed, Apr 1, 2026","@Catik_Castro @CafamOficial @sicsuper 3/4 Si cuentas con información concreta sobre alguna posible irregularidad, te agradecemos remitir los hechos y los documentos de soporte al correo ssf@ssf.gov.co. De esta manera, podremos revisar la situación de forma puntual y adelantar las acciones a que haya lugar.",https://x.com/Supersubsidio/status/2039169818490773646,27,0,0,0,0,0,0,0,0,0,0,0,0
2039169741340672377,"Wed, Apr 1, 2026","@Catik_Castro @CafamOficial @sicsuper 2/4 Las Cajas de Compensación Familiar son corporaciones sin ánimo de lucro, que tienen como finalidad mejorar la calidad de vida de los trabajadores y sus familias, a través de la administración y distribución de subsidios y servicios sociales.",https://x.com/Supersubsidio/status/2039169741340672377,36,0,1,0,0,0,0,0,0,1,0,0,0
2039169650953462089,"Wed, Apr 1, 2026","@Catik_Castro @CafamOficial @sicsuper 1/4 Buen día. Agradecemos tu comunicación con la Supersubsidio, te informamos que somos la Entidad que ejerce inspección, vigilancia y control a las Cajas de Compensación Familiar.",https://x.com/Supersubsidio/status/2039169650953462089,21,1,2,0,0,0,0,0,1,0,0,0,0
2039085516759711903,"Tue, Mar 31, 2026","📚 ¿Sabías que ahora puedes consultar los conceptos jurídicos de la Superintendencia del Subsidio Familiar desde donde estés? El Sistema de Relatoría de Supersubsidio es una herramienta gratuita y accesible para toda la ciudadanía, que te permite: 🔍 Buscar conceptos jurídicos https://t.co/NacLShxA6v",https://x.com/Supersubsidio/status/2039085516759711903,132,7,21,0,1,0,1,1,5,4,3,0,0
2037920946363719936,"Sat, Mar 28, 2026","🦋 Hoy vamos a contarles una historia, la historia de Lorena. Lorena representa el propósito del Pacto Nacional por la Lectura que firmamos en Aracataca el pasado 26 de marzo. ""Pienso, Leo y Conecto"" no es solo una frase bonita, es la promesa de que ahora la lectura llegará a https://t.co/GQDqBGVReX",https://x.com/Supersubsidio/status/2037920946363719936,2245,9,14,0,1,0,2,3,0,0,0,0,0
2037665323810169282,"Fri, Mar 27, 2026","¿De qué sirve la tecnología si no sirve para soñar? 🦋💻 En Aracataca nació la magia de las mariposas amarillas, y hoy nace una alianza que lleva esa misma magia a todo el país. El Pacto ""Pienso, Leo y Conecto"" es simple: unimos fuerzas (Gobierno y Cajas de Compensación) para https://t.co/cKdifp2Pgx",https://x.com/Supersubsidio/status/2037665323810169282,669,6,12,0,1,0,2,1,0,3,0,0,0
2037569763820306465,"Fri, Mar 27, 2026","@ledoleon @comfaboy 4/4 Si deseas más información sobre el Sistema del Subsidio Familiar, puedes comunicarte a las líneas (601) 3487777 – (601) 3487800 o a la línea gratuita nacional 018000910110, o presentar tu PQRSF en la sede electrónica https://t.co/DFn7UQ4Ugo.",https://x.com/Supersubsidio/status/2037569763820306465,5,0,0,0,0,0,0,0,0,0,0,0,0
2037569690495500517,"Fri, Mar 27, 2026","@ledoleon @comfaboy 3/4 Así mismo, te solicitamos enviar los documentos que consideres de respaldo, junto con tus datos de identificación y contacto, al correo ssf@ssf.gov.co, con el fin de brindarte una respuesta conforme a los términos de ley.",https://x.com/Supersubsidio/status/2037569690495500517,24,0,2,0,0,0,1,0,0,1,0,0,0
2037569612888395989,"Fri, Mar 27, 2026","@ledoleon @comfaboy 2/4 Dado que tu caso requiere analizar la situación presentada con la Caja de Compensación @comfaboy, agradecemos redactes los hechos presentados de manera clara y cronológica, indicando lo ocurrido de forma detallada.",https://x.com/Supersubsidio/status/2037569612888395989,31,0,4,0,0,0,1,0,0,3,0,0,0
2037569475990474959,"Fri, Mar 27, 2026","@ledoleon @comfaboy 1/4 Buen día. Agradecemos tu comunicación con la Supersubsidio, te informamos que somos la Entidad que ejerce inspección, vigilancia y control a las Cajas de Compensación Familiar, adicionalmente, les proporcionamos instrucción sobre el cumplimiento adecuado de las normas legales",https://x.com/Supersubsidio/status/2037569475990474959,43,0,5,0,0,0,2,0,0,3,0,0,0
2037360631322755241,"Fri, Mar 27, 2026","¡La lectura y la tecnología se unen para transformar a Colombia! 🇨🇴✨ Hoy celebramos un hito histórico: la firma del Pacto Nacional “Leo, Pienso y Conecto”. Esta gran alianza entre el Gobierno Nacional y las Cajas de Compensación Familiar busca fomentar el hábito de la lectura https://t.co/ThmVKMpKdW",https://x.com/Supersubsidio/status/2037360631322755241,548,8,38,0,1,0,1,2,2,0,0,0,0
2037177698980684217,"Thu, Mar 26, 2026","🇨🇴 ¡Llegó el día! Hoy se firmará el Pacto Nacional por la Lectura, un compromiso entre el Gobierno Nacional y las Cajas de Compensación Familiar para llevar la lectura a donde antes no llegaba. #PactoPorLaLectura #PiensoLeoConecto #Lectura #Leer https://t.co/GSkMpfTmKy",https://x.com/Supersubsidio/status/2037177698980684217,542,15,31,0,0,1,1,6,1,3,0,0,0
2036902175348085006,"Wed, Mar 25, 2026","🎵 Pienso, Leo y Conecto.... 🎵 Pienso, Leo y Conecto... Este 26 de marzo, Colombia bailará al ritmo del Pacto Nacional por la Lectura. 🇨🇴📖 #PactoPorLaLectura #PiensoLeoConecto #Lectura https://t.co/G3JBPWALmM",https://x.com/Supersubsidio/status/2036902175348085006,568,10,19,0,0,0,2,3,0,4,0,0,0
2036869641675428107,"Wed, Mar 25, 2026","@themanoleteg12 @Colsubsidio_Ofi 4/4 Si deseas más información sobre el Sistema del Subsidio Familiar, puedes comunicarte a las líneas (601) 3487777 – (601) 3487800 o a la línea gratuita nacional 018000910110, o presentar tu PQRSF en la sede electrónica https://t.co/DFn7UQ4Ugo.",https://x.com/Supersubsidio/status/2036869641675428107,31,0,1,0,0,0,0,0,0,1,0,0,0
2036869535693725804,"Wed, Mar 25, 2026","@themanoleteg12 @Colsubsidio_Ofi 3/4 Así mismo, te solicitamos enviar los documentos que consideres de respaldo, junto con tus datos de identificación y contacto, al correo ssf@ssf.gov.co, con el fin de brindarte una respuesta conforme a los términos de ley.",https://x.com/Supersubsidio/status/2036869535693725804,33,0,0,0,0,0,0,0,0,0,0,0,0
2036869363894997056,"Wed, Mar 25, 2026","@themanoleteg12 @Colsubsidio_Ofi 2/4 Para analizar la situación presentada con la Caja de Compensación @Colsubsidio_Ofi, agradecemos redactes los hechos presentados de manera clara y cronológica, indicando lo ocurrido de forma detallada.",https://x.com/Supersubsidio/status/2036869363894997056,18,0,1,0,0,0,0,0,0,1,0,0,0
2036869184714412420,"Wed, Mar 25, 2026",@themanoleteg12 @Colsubsidio_Ofi 1/4 Buen día. Agradecemos tu comunicación con la Supersubsidio.,https://x.com/Supersubsidio/status/2036869184714412420,11,0,0,0,0,0,0,0,0,0,0,0,0
2036823456226975924,"Wed, Mar 25, 2026",💻 La lectura es el puente que conecta nuestra mente con nuevos mundos. Este 26 de marzo Colombia conocerá una iniciativa que busca fomentar la lectura a través de herramientas tecnológicas entre las cajas de compensación familiar. #PactoPorLaLectura #PiensoLeoConecto #Lectura https://t.co/mlET3nAtxJ,https://x.com/Supersubsidio/status/2036823456226975924,89,2,4,0,0,0,0,0,1,1,0,0,0